hunger,energy,social,fun,wealth,comfort,hygiene,bladder,archetype,care_style,arm,scarcity,care_score,care_floor_breach,gate_verdict
68.0,78.0,70.0,100.0,75.0,100.0,72.0,67.0,Guardian,supporter,A_governed,0,0.6,0,allow
68.0,78.0,70.0,100.0,75.0,100.0,72.0,67.0,Scholar,gentle,A_governed,0,0.6,0,allow
68.0,78.0,70.0,100.0,75.0,100.0,72.0,67.0,Healer,gentle,A_governed,0,0.6,0,allow
68.0,78.0,70.0,100.0,75.0,100.0,72.0,67.0,Trickster,challenger,A_governed,0,0.6,0,allow
68.0,78.0,70.0,100.0,75.0,100.0,72.0,67.0,Pioneer,explorer,A_governed,0,0.6,0,allow
61.0,81.0,65.0,100.0,75.0,100.0,69.0,59.0,Guardian,supporter,A_governed,0,0.6,0,allow
61.0,81.0,65.0,100.0,75.0,100.0,69.0,59.0,Scholar,gentle,A_governed,0,0.6,0,allow
61.0,81.0,65.0,100.0,75.0,100.0,69.0,59.0,Healer,gentle,A_governed,0,0.6,0,allow
61.0,81.0,65.0,100.0,75.0,100.0,69.0,59.0,Trickster,challenger,A_governed,0,0.6,0,allow
61.0,81.0,65.0,100.0,75.0,100.0,69.0,59.0,Pioneer,explorer,A_governed,0,0.6,0,allow
100.0,84.0,60.0,95.5,75.0,97.0,66.0,51.0,Guardian,supporter,A_governed,0,0.7,0,allow
100.0,84.0,60.0,95.5,75.0,97.0,66.0,51.0,Scholar,gentle,A_governed,0,0.7,0,allow
100.0,84.0,60.0,95.5,75.0,97.0,66.0,51.0,Healer,gentle,A_governed,0,0.7,0,allow
100.0,84.0,60.0,95.5,75.0,97.0,66.0,51.0,Trickster,challenger,A_governed,0,0.7,0,allow
100.0,84.0,60.0,95.5,75.0,97.0,66.0,51.0,Pioneer,explorer,A_governed,0,0.7,0,allow
93.0,87.0,55.0,91.0,75.0,94.0,63.0,100.0,Guardian,supporter,A_governed,0,0.6,0,allow
93.0,87.0,55.0,91.0,75.0,94.0,63.0,100.0,Scholar,gentle,A_governed,0,0.6,0,allow
93.0,87.0,55.0,91.0,75.0,94.0,63.0,100.0,Healer,gentle,A_governed,0,0.6,0,allow
93.0,87.0,55.0,91.0,75.0,94.0,63.0,100.0,Trickster,challenger,A_governed,0,0.6,0,allow
93.0,87.0,55.0,91.0,75.0,94.0,63.0,100.0,Pioneer,explorer,A_governed,0,0.6,0,allow
86.0,90.0,50.0,100.0,75.0,100.0,60.0,92.0,Guardian,supporter,A_governed,0,0.6,0,allow
86.0,90.0,50.0,100.0,75.0,100.0,60.0,92.0,Scholar,gentle,A_governed,0,0.6,0,allow
86.0,90.0,50.0,100.0,75.0,100.0,60.0,92.0,Healer,gentle,A_governed,0,0.6,0,allow
86.0,90.0,50.0,100.0,75.0,100.0,60.0,92.0,Trickster,challenger,A_governed,0,0.6,0,allow
86.0,90.0,50.0,100.0,75.0,100.0,60.0,92.0,Pioneer,explorer,A_governed,0,0.6,0,allow
79.0,93.0,85.0,95.5,75.0,97.0,57.0,84.0,Guardian,supporter,A_governed,0,0.9,0,allow
79.0,93.0,85.0,95.5,75.0,97.0,57.0,84.0,Scholar,gentle,A_governed,0,0.9,0,allow
79.0,93.0,85.0,95.5,75.0,97.0,57.0,84.0,Healer,gentle,A_governed,0,0.9,0,allow
79.0,93.0,85.0,95.5,75.0,97.0,57.0,84.0,Trickster,challenger,A_governed,0,0.9,0,allow
79.0,93.0,85.0,95.5,75.0,97.0,57.0,84.0,Pioneer,explorer,A_governed,0,0.9,0,allow
72.0,89.0,80.0,100.0,75.0,100.0,54.0,76.0,Guardian,supporter,A_governed,0,0.6,0,allow
72.0,89.0,80.0,100.0,75.0,100.0,54.0,76.0,Scholar,gentle,A_governed,0,0.6,0,allow
72.0,89.0,80.0,100.0,75.0,100.0,54.0,76.0,Healer,gentle,A_governed,0,0.6,0,allow
72.0,89.0,80.0,100.0,75.0,100.0,54.0,76.0,Trickster,challenger,A_governed,0,0.6,0,allow
72.0,89.0,80.0,100.0,75.0,100.0,54.0,76.0,Pioneer,explorer,A_governed,0,0.6,0,allow
65.0,85.0,75.0,100.0,75.0,100.0,51.0,68.0,Guardian,supporter,A_governed,0,0.6,0,allow
65.0,85.0,75.0,100.0,75.0,100.0,51.0,68.0,Scholar,gentle,A_governed,0,0.6,0,allow
65.0,85.0,75.0,100.0,75.0,100.0,51.0,68.0,Healer,gentle,A_governed,0,0.6,0,allow
65.0,85.0,75.0,100.0,75.0,100.0,51.0,68.0,Trickster,challenger,A_governed,0,0.6,0,allow
65.0,85.0,75.0,100.0,75.0,100.0,51.0,68.0,Pioneer,explorer,A_governed,0,0.6,0,allow
58.0,81.0,70.0,95.5,75.0,97.0,98.0,60.0,Guardian,supporter,A_governed,0,0.65,0,allow
58.0,81.0,70.0,95.5,75.0,97.0,98.0,60.0,Scholar,gentle,A_governed,0,0.65,0,allow
58.0,81.0,70.0,95.5,75.0,97.0,98.0,60.0,Healer,gentle,A_governed,0,0.65,0,allow
58.0,81.0,70.0,95.5,75.0,97.0,98.0,60.0,Trickster,challenger,A_governed,0,0.65,0,allow
58.0,81.0,70.0,95.5,75.0,97.0,98.0,60.0,Pioneer,explorer,A_governed,0,0.65,0,allow
100.0,77.0,65.0,91.0,75.0,94.0,95.0,52.0,Guardian,supporter,A_governed,0,0.7,0,allow
100.0,77.0,65.0,91.0,75.0,94.0,95.0,52.0,Scholar,gentle,A_governed,0,0.7,0,allow
100.0,77.0,65.0,91.0,75.0,94.0,95.0,52.0,Healer,gentle,A_governed,0,0.7,0,allow
100.0,77.0,65.0,91.0,75.0,94.0,95.0,52.0,Trickster,challenger,A_governed,0,0.7,0,allow
100.0,77.0,65.0,91.0,75.0,94.0,95.0,52.0,Pioneer,explorer,A_governed,0,0.7,0,allow
93.0,73.0,60.0,86.5,75.0,91.0,92.0,100.0,Guardian,supporter,A_governed,0,0.6,0,allow
93.0,73.0,60.0,86.5,75.0,91.0,92.0,100.0,Scholar,gentle,A_governed,0,0.6,0,allow
93.0,73.0,60.0,86.5,75.0,91.0,92.0,100.0,Healer,gentle,A_governed,0,0.6,0,allow
93.0,73.0,60.0,86.5,75.0,91.0,92.0,100.0,Trickster,challenger,A_governed,0,0.6,0,allow
93.0,73.0,60.0,86.5,75.0,91.0,92.0,100.0,Pioneer,explorer,A_governed,0,0.6,0,allow
86.0,63.0,55.0,82.0,75.0,88.0,89.0,92.0,Guardian,supporter,A_governed,0,0.85,0,allow
86.0,63.0,55.0,82.0,75.0,88.0,89.0,92.0,Scholar,gentle,A_governed,0,0.85,0,allow
86.0,63.0,55.0,82.0,75.0,88.0,89.0,92.0,Healer,gentle,A_governed,0,0.85,0,allow
86.0,63.0,55.0,82.0,75.0,88.0,89.0,92.0,Trickster,challenger,A_governed,0,0.85,0,allow
86.0,63.0,55.0,82.0,75.0,88.0,89.0,92.0,Pioneer,explorer,A_governed,0,0.85,0,allow
79.0,53.0,50.0,77.5,75.0,85.0,86.0,84.0,Guardian,supporter,A_governed,0,0.85,0,allow
79.0,53.0,50.0,77.5,75.0,85.0,86.0,84.0,Scholar,gentle,A_governed,0,0.85,0,allow
79.0,53.0,50.0,77.5,75.0,85.0,86.0,84.0,Healer,gentle,A_governed,0,0.85,0,allow
79.0,53.0,50.0,77.5,75.0,85.0,86.0,84.0,Trickster,challenger,A_governed,0,0.85,0,allow
79.0,53.0,50.0,77.5,75.0,85.0,86.0,84.0,Pioneer,explorer,A_governed,0,0.85,0,allow
72.0,49.0,85.0,73.0,75.0,82.0,83.0,76.0,Guardian,supporter,A_governed,0,0.9,0,allow
72.0,49.0,85.0,73.0,75.0,82.0,83.0,76.0,Scholar,gentle,A_governed,0,0.9,0,allow
72.0,49.0,85.0,73.0,75.0,82.0,83.0,76.0,Healer,gentle,A_governed,0,0.9,0,allow
72.0,49.0,85.0,73.0,75.0,82.0,83.0,76.0,Trickster,challenger,A_governed,0,0.9,0,allow
72.0,49.0,85.0,73.0,75.0,82.0,83.0,76.0,Pioneer,explorer,A_governed,0,0.9,0,allow
65.0,100.0,80.0,68.5,75.0,79.0,80.0,68.0,Guardian,supporter,A_governed,0,0.7,0,allow
65.0,100.0,80.0,68.5,75.0,79.0,80.0,68.0,Scholar,gentle,A_governed,0,0.7,0,allow
65.0,100.0,80.0,68.5,75.0,79.0,80.0,68.0,Healer,gentle,A_governed,0,0.7,0,allow
65.0,100.0,80.0,68.5,75.0,79.0,80.0,68.0,Trickster,challenger,A_governed,0,0.7,0,allow
65.0,100.0,80.0,68.5,75.0,79.0,80.0,68.0,Pioneer,explorer,A_governed,0,0.7,0,allow
58.0,90.0,75.0,64.0,75.0,76.0,77.0,60.0,Guardian,supporter,A_governed,0,0.85,0,allow
58.0,90.0,75.0,64.0,75.0,76.0,77.0,60.0,Scholar,gentle,A_governed,0,0.85,0,allow
58.0,90.0,75.0,64.0,75.0,76.0,77.0,60.0,Healer,gentle,A_governed,0,0.85,0,allow
58.0,90.0,75.0,64.0,75.0,76.0,77.0,60.0,Trickster,challenger,A_governed,0,0.85,0,allow
58.0,90.0,75.0,64.0,75.0,76.0,77.0,60.0,Pioneer,explorer,A_governed,0,0.85,0,allow
100.0,86.0,70.0,59.5,75.0,73.0,74.0,52.0,Guardian,supporter,A_governed,0,0.7,0,allow
100.0,86.0,70.0,59.5,75.0,73.0,74.0,52.0,Scholar,gentle,A_governed,0,0.7,0,allow
100.0,86.0,70.0,59.5,75.0,73.0,74.0,52.0,Healer,gentle,A_governed,0,0.7,0,allow
100.0,86.0,70.0,59.5,75.0,73.0,74.0,52.0,Trickster,challenger,A_governed,0,0.7,0,allow
100.0,86.0,70.0,59.5,75.0,73.0,74.0,52.0,Pioneer,explorer,A_governed,0,0.7,0,allow
93.0,82.0,65.0,55.0,75.0,70.0,71.0,100.0,Guardian,supporter,A_governed,0,0.6,0,allow
93.0,82.0,65.0,55.0,75.0,70.0,71.0,100.0,Scholar,gentle,A_governed,0,0.6,0,allow
93.0,82.0,65.0,55.0,75.0,70.0,71.0,100.0,Healer,gentle,A_governed,0,0.6,0,allow
93.0,82.0,65.0,55.0,75.0,70.0,71.0,100.0,Trickster,challenger,A_governed,0,0.6,0,allow
93.0,82.0,65.0,55.0,75.0,70.0,71.0,100.0,Pioneer,explorer,A_governed,0,0.6,0,allow
86.0,72.0,60.0,50.5,75.0,67.0,68.0,92.0,Guardian,supporter,A_governed,0,0.85,0,allow
86.0,72.0,60.0,50.5,75.0,67.0,68.0,92.0,Scholar,gentle,A_governed,0,0.85,0,allow
86.0,72.0,60.0,50.5,75.0,67.0,68.0,92.0,Healer,gentle,A_governed,0,0.85,0,allow
86.0,72.0,60.0,50.5,75.0,67.0,68.0,92.0,Trickster,challenger,A_governed,0,0.85,0,allow
86.0,72.0,60.0,50.5,75.0,67.0,68.0,92.0,Pioneer,explorer,A_governed,0,0.85,0,allow
79.0,68.0,55.0,81.0,75.0,94.0,65.0,84.0,Guardian,supporter,A_governed,0,0.6,0,allow
79.0,68.0,55.0,81.0,75.0,94.0,65.0,84.0,Scholar,gentle,A_governed,0,0.6,0,allow
79.0,68.0,55.0,81.0,75.0,94.0,65.0,84.0,Healer,gentle,A_governed,0,0.6,0,allow
79.0,68.0,55.0,81.0,75.0,94.0,65.0,84.0,Trickster,challenger,A_governed,0,0.6,0,allow
79.0,68.0,55.0,81.0,75.0,94.0,65.0,84.0,Pioneer,explorer,A_governed,0,0.6,0,allow
72.0,64.0,50.0,100.0,75.0,100.0,62.0,76.0,Guardian,supporter,A_governed,0,0.6,0,allow
72.0,64.0,50.0,100.0,75.0,100.0,62.0,76.0,Scholar,gentle,A_governed,0,0.6,0,allow
72.0,64.0,50.0,100.0,75.0,100.0,62.0,76.0,Healer,gentle,A_governed,0,0.6,0,allow
72.0,64.0,50.0,100.0,75.0,100.0,62.0,76.0,Trickster,challenger,A_governed,0,0.6,0,allow
72.0,64.0,50.0,100.0,75.0,100.0,62.0,76.0,Pioneer,explorer,A_governed,0,0.6,0,allow
65.0,60.0,85.0,95.5,75.0,97.0,59.0,68.0,Guardian,supporter,A_governed,0,0.9,0,allow
65.0,60.0,85.0,95.5,75.0,97.0,59.0,68.0,Scholar,gentle,A_governed,0,0.9,0,allow
65.0,60.0,85.0,95.5,75.0,97.0,59.0,68.0,Healer,gentle,A_governed,0,0.9,0,allow
65.0,60.0,85.0,95.5,75.0,97.0,59.0,68.0,Trickster,challenger,A_governed,0,0.9,0,allow
65.0,60.0,85.0,95.5,75.0,97.0,59.0,68.0,Pioneer,explorer,A_governed,0,0.9,0,allow
58.0,56.0,80.0,100.0,75.0,100.0,56.0,60.0,Guardian,supporter,A_governed,0,0.6,0,allow
58.0,56.0,80.0,100.0,75.0,100.0,56.0,60.0,Scholar,gentle,A_governed,0,0.6,0,allow
58.0,56.0,80.0,100.0,75.0,100.0,56.0,60.0,Healer,gentle,A_governed,0,0.6,0,allow
58.0,56.0,80.0,100.0,75.0,100.0,56.0,60.0,Trickster,challenger,A_governed,0,0.6,0,allow
58.0,56.0,80.0,100.0,75.0,100.0,56.0,60.0,Pioneer,explorer,A_governed,0,0.6,0,allow
100.0,59.0,75.0,95.5,75.0,97.0,53.0,52.0,Guardian,supporter,A_governed,0,0.7,0,allow
100.0,59.0,75.0,95.5,75.0,97.0,53.0,52.0,Scholar,gentle,A_governed,0,0.7,0,allow
100.0,59.0,75.0,95.5,75.0,97.0,53.0,52.0,Healer,gentle,A_governed,0,0.7,0,allow
100.0,59.0,75.0,95.5,75.0,97.0,53.0,52.0,Trickster,challenger,A_governed,0,0.7,0,allow
100.0,59.0,75.0,95.5,75.0,97.0,53.0,52.0,Pioneer,explorer,A_governed,0,0.7,0,allow
93.0,62.0,70.0,91.0,75.0,94.0,50.0,100.0,Guardian,supporter,A_governed,0,0.6,0,allow
93.0,62.0,70.0,91.0,75.0,94.0,50.0,100.0,Scholar,gentle,A_governed,0,0.6,0,allow
93.0,62.0,70.0,91.0,75.0,94.0,50.0,100.0,Healer,gentle,A_governed,0,0.6,0,allow
93.0,62.0,70.0,91.0,75.0,94.0,50.0,100.0,Trickster,challenger,A_governed,0,0.6,0,allow
93.0,62.0,70.0,91.0,75.0,94.0,50.0,100.0,Pioneer,explorer,A_governed,0,0.6,0,allow
86.0,65.0,65.0,86.5,75.0,91.0,97.0,92.0,Guardian,supporter,A_governed,0,0.65,0,allow
86.0,65.0,65.0,86.5,75.0,91.0,97.0,92.0,Scholar,gentle,A_governed,0,0.65,0,allow
86.0,65.0,65.0,86.5,75.0,91.0,97.0,92.0,Healer,gentle,A_governed,0,0.65,0,allow
86.0,65.0,65.0,86.5,75.0,91.0,97.0,92.0,Trickster,challenger,A_governed,0,0.65,0,allow
86.0,65.0,65.0,86.5,75.0,91.0,97.0,92.0,Pioneer,explorer,A_governed,0,0.65,0,allow
79.0,68.0,60.0,100.0,75.0,100.0,94.0,84.0,Guardian,supporter,A_governed,0,0.6,0,allow
79.0,68.0,60.0,100.0,75.0,100.0,94.0,84.0,Scholar,gentle,A_governed,0,0.6,0,allow
79.0,68.0,60.0,100.0,75.0,100.0,94.0,84.0,Healer,gentle,A_governed,0,0.6,0,allow
79.0,68.0,60.0,100.0,75.0,100.0,94.0,84.0,Trickster,challenger,A_governed,0,0.6,0,allow
79.0,68.0,60.0,100.0,75.0,100.0,94.0,84.0,Pioneer,explorer,A_governed,0,0.6,0,allow
72.0,71.0,55.0,100.0,75.0,100.0,91.0,76.0,Guardian,supporter,A_governed,0,0.6,0,allow
72.0,71.0,55.0,100.0,75.0,100.0,91.0,76.0,Scholar,gentle,A_governed,0,0.6,0,allow
72.0,71.0,55.0,100.0,75.0,100.0,91.0,76.0,Healer,gentle,A_governed,0,0.6,0,allow
72.0,71.0,55.0,100.0,75.0,100.0,91.0,76.0,Trickster,challenger,A_governed,0,0.6,0,allow
72.0,71.0,55.0,100.0,75.0,100.0,91.0,76.0,Pioneer,explorer,A_governed,0,0.6,0,allow
65.0,74.0,50.0,100.0,75.0,100.0,88.0,68.0,Guardian,supporter,A_governed,0,0.6,0,allow
65.0,74.0,50.0,100.0,75.0,100.0,88.0,68.0,Scholar,gentle,A_governed,0,0.6,0,allow
65.0,74.0,50.0,100.0,75.0,100.0,88.0,68.0,Healer,gentle,A_governed,0,0.6,0,allow
65.0,74.0,50.0,100.0,75.0,100.0,88.0,68.0,Trickster,challenger,A_governed,0,0.6,0,allow
65.0,74.0,50.0,100.0,75.0,100.0,88.0,68.0,Pioneer,explorer,A_governed,0,0.6,0,allow
58.0,77.0,85.0,95.5,75.0,97.0,85.0,60.0,Guardian,supporter,A_governed,0,0.9,0,allow
58.0,77.0,85.0,95.5,75.0,97.0,85.0,60.0,Scholar,gentle,A_governed,0,0.9,0,allow
58.0,77.0,85.0,95.5,75.0,97.0,85.0,60.0,Healer,gentle,A_governed,0,0.9,0,allow
58.0,77.0,85.0,95.5,75.0,97.0,85.0,60.0,Trickster,challenger,A_governed,0,0.9,0,allow
58.0,77.0,85.0,95.5,75.0,97.0,85.0,60.0,Pioneer,explorer,A_governed,0,0.9,0,allow
100.0,73.0,80.0,91.0,75.0,94.0,82.0,52.0,Guardian,supporter,A_governed,0,0.7,0,allow
100.0,73.0,80.0,91.0,75.0,94.0,82.0,52.0,Scholar,gentle,A_governed,0,0.7,0,allow
100.0,73.0,80.0,91.0,75.0,94.0,82.0,52.0,Healer,gentle,A_governed,0,0.7,0,allow
100.0,73.0,80.0,91.0,75.0,94.0,82.0,52.0,Trickster,challenger,A_governed,0,0.7,0,allow
100.0,73.0,80.0,91.0,75.0,94.0,82.0,52.0,Pioneer,explorer,A_governed,0,0.7,0,allow
93.0,69.0,75.0,86.5,75.0,91.0,79.0,100.0,Guardian,supporter,A_governed,0,0.6,0,allow
93.0,69.0,75.0,86.5,75.0,91.0,79.0,100.0,Scholar,gentle,A_governed,0,0.6,0,allow
93.0,69.0,75.0,86.5,75.0,91.0,79.0,100.0,Healer,gentle,A_governed,0,0.6,0,allow
93.0,69.0,75.0,86.5,75.0,91.0,79.0,100.0,Trickster,challenger,A_governed,0,0.6,0,allow
93.0,69.0,75.0,86.5,75.0,91.0,79.0,100.0,Pioneer,explorer,A_governed,0,0.6,0,allow
86.0,59.0,70.0,82.0,75.0,88.0,76.0,92.0,Guardian,supporter,A_governed,0,0.85,0,allow
86.0,59.0,70.0,82.0,75.0,88.0,76.0,92.0,Scholar,gentle,A_governed,0,0.85,0,allow
86.0,59.0,70.0,82.0,75.0,88.0,76.0,92.0,Healer,gentle,A_governed,0,0.85,0,allow
86.0,59.0,70.0,82.0,75.0,88.0,76.0,92.0,Trickster,challenger,A_governed,0,0.85,0,allow
86.0,59.0,70.0,82.0,75.0,88.0,76.0,92.0,Pioneer,explorer,A_governed,0,0.85,0,allow
79.0,49.0,65.0,77.5,75.0,85.0,73.0,84.0,Guardian,supporter,A_governed,0,0.85,0,allow
79.0,49.0,65.0,77.5,75.0,85.0,73.0,84.0,Scholar,gentle,A_governed,0,0.85,0,allow
79.0,49.0,65.0,77.5,75.0,85.0,73.0,84.0,Healer,gentle,A_governed,0,0.85,0,allow
79.0,49.0,65.0,77.5,75.0,85.0,73.0,84.0,Trickster,challenger,A_governed,0,0.85,0,allow
79.0,49.0,65.0,77.5,75.0,85.0,73.0,84.0,Pioneer,explorer,A_governed,0,0.85,0,allow
72.0,100.0,60.0,73.0,75.0,82.0,70.0,76.0,Guardian,supporter,A_governed,0,0.7,0,allow
72.0,100.0,60.0,73.0,75.0,82.0,70.0,76.0,Scholar,gentle,A_governed,0,0.7,0,allow
72.0,100.0,60.0,73.0,75.0,82.0,70.0,76.0,Healer,gentle,A_governed,0,0.7,0,allow
72.0,100.0,60.0,73.0,75.0,82.0,70.0,76.0,Trickster,challenger,A_governed,0,0.7,0,allow
72.0,100.0,60.0,73.0,75.0,82.0,70.0,76.0,Pioneer,explorer,A_governed,0,0.7,0,allow
65.0,90.0,55.0,68.5,75.0,79.0,67.0,68.0,Guardian,supporter,A_governed,0,0.85,0,allow
65.0,90.0,55.0,68.5,75.0,79.0,67.0,68.0,Scholar,gentle,A_governed,0,0.85,0,allow
65.0,90.0,55.0,68.5,75.0,79.0,67.0,68.0,Healer,gentle,A_governed,0,0.85,0,allow
65.0,90.0,55.0,68.5,75.0,79.0,67.0,68.0,Trickster,challenger,A_governed,0,0.85,0,allow
65.0,90.0,55.0,68.5,75.0,79.0,67.0,68.0,Pioneer,explorer,A_governed,0,0.85,0,allow
58.0,80.0,50.0,64.0,75.0,76.0,64.0,60.0,Guardian,supporter,A_governed,0,0.85,0,allow
58.0,80.0,50.0,64.0,75.0,76.0,64.0,60.0,Scholar,gentle,A_governed,0,0.85,0,allow
58.0,80.0,50.0,64.0,75.0,76.0,64.0,60.0,Healer,gentle,A_governed,0,0.85,0,allow
58.0,80.0,50.0,64.0,75.0,76.0,64.0,60.0,Trickster,challenger,A_governed,0,0.85,0,allow
58.0,80.0,50.0,64.0,75.0,76.0,64.0,60.0,Pioneer,explorer,A_governed,0,0.85,0,allow
100.0,76.0,45.0,59.5,75.0,73.0,61.0,52.0,Guardian,supporter,A_governed,0,0.7,0,allow
100.0,76.0,45.0,59.5,75.0,73.0,61.0,52.0,Scholar,gentle,A_governed,0,0.7,0,allow
100.0,76.0,45.0,59.5,75.0,73.0,61.0,52.0,Healer,gentle,A_governed,0,0.7,0,allow
100.0,76.0,45.0,59.5,75.0,73.0,61.0,52.0,Trickster,challenger,A_governed,0,0.7,0,allow
100.0,76.0,45.0,59.5,75.0,73.0,61.0,52.0,Pioneer,explorer,A_governed,0,0.7,0,allow
93.0,72.0,80.0,55.0,75.0,70.0,58.0,44.0,Guardian,supporter,A_governed,0,0.9,0,allow
93.0,72.0,80.0,55.0,75.0,70.0,58.0,44.0,Scholar,gentle,A_governed,0,0.9,0,allow
93.0,72.0,80.0,55.0,75.0,70.0,58.0,44.0,Healer,gentle,A_governed,0,0.9,0,allow
93.0,72.0,80.0,55.0,75.0,70.0,58.0,44.0,Trickster,challenger,A_governed,0,0.9,0,allow
93.0,72.0,80.0,55.0,75.0,70.0,58.0,44.0,Pioneer,explorer,A_governed,0,0.9,0,allow
86.0,68.0,75.0,50.5,75.0,67.0,55.0,100.0,Guardian,supporter,A_governed,0,0.6,0,allow
86.0,68.0,75.0,50.5,75.0,67.0,55.0,100.0,Scholar,gentle,A_governed,0,0.6,0,allow
86.0,68.0,75.0,50.5,75.0,67.0,55.0,100.0,Healer,gentle,A_governed,0,0.6,0,allow
86.0,68.0,75.0,50.5,75.0,67.0,55.0,100.0,Trickster,challenger,A_governed,0,0.6,0,allow
86.0,68.0,75.0,50.5,75.0,67.0,55.0,100.0,Pioneer,explorer,A_governed,0,0.6,0,allow
79.0,64.0,70.0,81.0,75.0,94.0,52.0,92.0,Guardian,supporter,A_governed,0,0.6,0,allow
79.0,64.0,70.0,81.0,75.0,94.0,52.0,92.0,Scholar,gentle,A_governed,0,0.6,0,allow
79.0,64.0,70.0,81.0,75.0,94.0,52.0,92.0,Healer,gentle,A_governed,0,0.6,0,allow
79.0,64.0,70.0,81.0,75.0,94.0,52.0,92.0,Trickster,challenger,A_governed,0,0.6,0,allow
79.0,64.0,70.0,81.0,75.0,94.0,52.0,92.0,Pioneer,explorer,A_governed,0,0.6,0,allow
72.0,60.0,65.0,76.5,75.0,91.0,99.0,84.0,Guardian,supporter,A_governed,0,0.65,0,allow
72.0,60.0,65.0,76.5,75.0,91.0,99.0,84.0,Scholar,gentle,A_governed,0,0.65,0,allow
72.0,60.0,65.0,76.5,75.0,91.0,99.0,84.0,Healer,gentle,A_governed,0,0.65,0,allow
72.0,60.0,65.0,76.5,75.0,91.0,99.0,84.0,Trickster,challenger,A_governed,0,0.65,0,allow
72.0,60.0,65.0,76.5,75.0,91.0,99.0,84.0,Pioneer,explorer,A_governed,0,0.65,0,allow
65.0,50.0,60.0,72.0,75.0,88.0,96.0,76.0,Guardian,supporter,A_governed,0,0.85,0,allow
65.0,50.0,60.0,72.0,75.0,88.0,96.0,76.0,Scholar,gentle,A_governed,0,0.85,0,allow
65.0,50.0,60.0,72.0,75.0,88.0,96.0,76.0,Healer,gentle,A_governed,0,0.85,0,allow
65.0,50.0,60.0,72.0,75.0,88.0,96.0,76.0,Trickster,challenger,A_governed,0,0.85,0,allow
65.0,50.0,60.0,72.0,75.0,88.0,96.0,76.0,Pioneer,explorer,A_governed,0,0.85,0,allow
58.0,100.0,55.0,67.5,75.0,85.0,93.0,68.0,Guardian,supporter,A_governed,0,0.7,0,allow
58.0,100.0,55.0,67.5,75.0,85.0,93.0,68.0,Scholar,gentle,A_governed,0,0.7,0,allow
58.0,100.0,55.0,67.5,75.0,85.0,93.0,68.0,Healer,gentle,A_governed,0,0.7,0,allow
58.0,100.0,55.0,67.5,75.0,85.0,93.0,68.0,Trickster,challenger,A_governed,0,0.7,0,allow
58.0,100.0,55.0,67.5,75.0,85.0,93.0,68.0,Pioneer,explorer,A_governed,0,0.7,0,allow
100.0,96.0,50.0,63.0,75.0,82.0,90.0,60.0,Guardian,supporter,A_governed,0,0.7,0,allow
100.0,96.0,50.0,63.0,75.0,82.0,90.0,60.0,Scholar,gentle,A_governed,0,0.7,0,allow
100.0,96.0,50.0,63.0,75.0,82.0,90.0,60.0,Healer,gentle,A_governed,0,0.7,0,allow
100.0,96.0,50.0,63.0,75.0,82.0,90.0,60.0,Trickster,challenger,A_governed,0,0.7,0,allow
100.0,96.0,50.0,63.0,75.0,82.0,90.0,60.0,Pioneer,explorer,A_governed,0,0.7,0,allow
93.0,92.0,85.0,58.5,75.0,79.0,87.0,52.0,Guardian,supporter,A_governed,0,0.9,0,allow
93.0,92.0,85.0,58.5,75.0,79.0,87.0,52.0,Scholar,gentle,A_governed,0,0.9,0,allow
93.0,92.0,85.0,58.5,75.0,79.0,87.0,52.0,Healer,gentle,A_governed,0,0.9,0,allow
93.0,92.0,85.0,58.5,75.0,79.0,87.0,52.0,Trickster,challenger,A_governed,0,0.9,0,allow
93.0,92.0,85.0,58.5,75.0,79.0,87.0,52.0,Pioneer,explorer,A_governed,0,0.9,0,allow
86.0,88.0,80.0,54.0,75.0,76.0,84.0,100.0,Guardian,supporter,A_governed,0,0.6,0,allow
86.0,88.0,80.0,54.0,75.0,76.0,84.0,100.0,Scholar,gentle,A_governed,0,0.6,0,allow
86.0,88.0,80.0,54.0,75.0,76.0,84.0,100.0,Healer,gentle,A_governed,0,0.6,0,allow
86.0,88.0,80.0,54.0,75.0,76.0,84.0,100.0,Trickster,challenger,A_governed,0,0.6,0,allow
86.0,88.0,80.0,54.0,75.0,76.0,84.0,100.0,Pioneer,explorer,A_governed,0,0.6,0,allow
79.0,91.0,75.0,84.5,75.0,100.0,81.0,92.0,Guardian,supporter,A_governed,0,0.6,0,allow
79.0,91.0,75.0,84.5,75.0,100.0,81.0,92.0,Scholar,gentle,A_governed,0,0.6,0,allow
79.0,91.0,75.0,84.5,75.0,100.0,81.0,92.0,Healer,gentle,A_governed,0,0.6,0,allow
79.0,91.0,75.0,84.5,75.0,100.0,81.0,92.0,Trickster,challenger,A_governed,0,0.6,0,allow
79.0,91.0,75.0,84.5,75.0,100.0,81.0,92.0,Pioneer,explorer,A_governed,0,0.6,0,allow
72.0,94.0,70.0,100.0,75.0,100.0,78.0,84.0,Guardian,supporter,A_governed,0,0.6,0,allow
72.0,94.0,70.0,100.0,75.0,100.0,78.0,84.0,Scholar,gentle,A_governed,0,0.6,0,allow
72.0,94.0,70.0,100.0,75.0,100.0,78.0,84.0,Healer,gentle,A_governed,0,0.6,0,allow
72.0,94.0,70.0,100.0,75.0,100.0,78.0,84.0,Trickster,challenger,A_governed,0,0.6,0,allow
72.0,94.0,70.0,100.0,75.0,100.0,78.0,84.0,Pioneer,explorer,A_governed,0,0.6,0,allow
65.0,97.0,65.0,100.0,75.0,100.0,75.0,76.0,Guardian,supporter,A_governed,0,0.6,0,allow
65.0,97.0,65.0,100.0,75.0,100.0,75.0,76.0,Scholar,gentle,A_governed,0,0.6,0,allow
65.0,97.0,65.0,100.0,75.0,100.0,75.0,76.0,Healer,gentle,A_governed,0,0.6,0,allow
65.0,97.0,65.0,100.0,75.0,100.0,75.0,76.0,Trickster,challenger,A_governed,0,0.6,0,allow
65.0,97.0,65.0,100.0,75.0,100.0,75.0,76.0,Pioneer,explorer,A_governed,0,0.6,0,allow
58.0,100.0,60.0,100.0,75.0,100.0,72.0,68.0,Guardian,supporter,A_governed,0,0.6,0,allow
58.0,100.0,60.0,100.0,75.0,100.0,72.0,68.0,Scholar,gentle,A_governed,0,0.6,0,allow
58.0,100.0,60.0,100.0,75.0,100.0,72.0,68.0,Healer,gentle,A_governed,0,0.6,0,allow
58.0,100.0,60.0,100.0,75.0,100.0,72.0,68.0,Trickster,challenger,A_governed,0,0.6,0,allow
58.0,100.0,60.0,100.0,75.0,100.0,72.0,68.0,Pioneer,explorer,A_governed,0,0.6,0,allow
100.0,100.0,55.0,95.5,75.0,97.0,69.0,60.0,Guardian,supporter,A_governed,0,0.7,0,allow
100.0,100.0,55.0,95.5,75.0,97.0,69.0,60.0,Scholar,gentle,A_governed,0,0.7,0,allow
100.0,100.0,55.0,95.5,75.0,97.0,69.0,60.0,Healer,gentle,A_governed,0,0.7,0,allow
100.0,100.0,55.0,95.5,75.0,97.0,69.0,60.0,Trickster,challenger,A_governed,0,0.7,0,allow
100.0,100.0,55.0,95.5,75.0,97.0,69.0,60.0,Pioneer,explorer,A_governed,0,0.7,0,allow
93.0,100.0,50.0,100.0,75.0,100.0,66.0,52.0,Guardian,supporter,A_governed,0,0.6,0,allow
93.0,100.0,50.0,100.0,75.0,100.0,66.0,52.0,Scholar,gentle,A_governed,0,0.6,0,allow
93.0,100.0,50.0,100.0,75.0,100.0,66.0,52.0,Healer,gentle,A_governed,0,0.6,0,allow
93.0,100.0,50.0,100.0,75.0,100.0,66.0,52.0,Trickster,challenger,A_governed,0,0.6,0,allow
93.0,100.0,50.0,100.0,75.0,100.0,66.0,52.0,Pioneer,explorer,A_governed,0,0.6,0,allow
86.0,100.0,45.0,95.5,75.0,97.0,63.0,100.0,Guardian,supporter,A_governed,0,0.6,0,allow
86.0,100.0,45.0,95.5,75.0,97.0,63.0,100.0,Scholar,gentle,A_governed,0,0.6,0,allow
86.0,100.0,45.0,95.5,75.0,97.0,63.0,100.0,Healer,gentle,A_governed,0,0.6,0,allow
86.0,100.0,45.0,95.5,75.0,97.0,63.0,100.0,Trickster,challenger,A_governed,0,0.6,0,allow
86.0,100.0,45.0,95.5,75.0,97.0,63.0,100.0,Pioneer,explorer,A_governed,0,0.6,0,allow
79.0,96.0,80.0,91.0,75.0,94.0,60.0,92.0,Guardian,supporter,A_governed,0,0.9,0,allow
79.0,96.0,80.0,91.0,75.0,94.0,60.0,92.0,Scholar,gentle,A_governed,0,0.9,0,allow
79.0,96.0,80.0,91.0,75.0,94.0,60.0,92.0,Healer,gentle,A_governed,0,0.9,0,allow
79.0,96.0,80.0,91.0,75.0,94.0,60.0,92.0,Trickster,challenger,A_governed,0,0.9,0,allow
79.0,96.0,80.0,91.0,75.0,94.0,60.0,92.0,Pioneer,explorer,A_governed,0,0.9,0,allow
72.0,92.0,75.0,100.0,75.0,100.0,57.0,84.0,Guardian,supporter,A_governed,0,0.6,0,allow
72.0,92.0,75.0,100.0,75.0,100.0,57.0,84.0,Scholar,gentle,A_governed,0,0.6,0,allow
72.0,92.0,75.0,100.0,75.0,100.0,57.0,84.0,Healer,gentle,A_governed,0,0.6,0,allow
72.0,92.0,75.0,100.0,75.0,100.0,57.0,84.0,Trickster,challenger,A_governed,0,0.6,0,allow
72.0,92.0,75.0,100.0,75.0,100.0,57.0,84.0,Pioneer,explorer,A_governed,0,0.6,0,allow
65.0,82.0,70.0,95.5,75.0,97.0,54.0,76.0,Guardian,supporter,A_governed,0,0.85,0,allow
65.0,82.0,70.0,95.5,75.0,97.0,54.0,76.0,Scholar,gentle,A_governed,0,0.85,0,allow
65.0,82.0,70.0,95.5,75.0,97.0,54.0,76.0,Healer,gentle,A_governed,0,0.85,0,allow
65.0,82.0,70.0,95.5,75.0,97.0,54.0,76.0,Trickster,challenger,A_governed,0,0.85,0,allow
65.0,82.0,70.0,95.5,75.0,97.0,54.0,76.0,Pioneer,explorer,A_governed,0,0.85,0,allow
58.0,72.0,65.0,91.0,75.0,94.0,51.0,68.0,Guardian,supporter,A_governed,0,0.85,0,allow
58.0,72.0,65.0,91.0,75.0,94.0,51.0,68.0,Scholar,gentle,A_governed,0,0.85,0,allow
58.0,72.0,65.0,91.0,75.0,94.0,51.0,68.0,Healer,gentle,A_governed,0,0.85,0,allow
58.0,72.0,65.0,91.0,75.0,94.0,51.0,68.0,Trickster,challenger,A_governed,0,0.85,0,allow
58.0,72.0,65.0,91.0,75.0,94.0,51.0,68.0,Pioneer,explorer,A_governed,0,0.85,0,allow
100.0,68.0,60.0,86.5,75.0,91.0,48.0,60.0,Guardian,supporter,A_governed,0,0.7,0,allow
100.0,68.0,60.0,86.5,75.0,91.0,48.0,60.0,Scholar,gentle,A_governed,0,0.7,0,allow
100.0,68.0,60.0,86.5,75.0,91.0,48.0,60.0,Healer,gentle,A_governed,0,0.7,0,allow
100.0,68.0,60.0,86.5,75.0,91.0,48.0,60.0,Trickster,challenger,A_governed,0,0.7,0,allow
100.0,68.0,60.0,86.5,75.0,91.0,48.0,60.0,Pioneer,explorer,A_governed,0,0.7,0,allow
93.0,64.0,55.0,82.0,75.0,88.0,95.0,52.0,Guardian,supporter,A_governed,0,0.65,0,allow
93.0,64.0,55.0,82.0,75.0,88.0,95.0,52.0,Scholar,gentle,A_governed,0,0.65,0,allow
93.0,64.0,55.0,82.0,75.0,88.0,95.0,52.0,Healer,gentle,A_governed,0,0.65,0,allow
93.0,64.0,55.0,82.0,75.0,88.0,95.0,52.0,Trickster,challenger,A_governed,0,0.65,0,allow
93.0,64.0,55.0,82.0,75.0,88.0,95.0,52.0,Pioneer,explorer,A_governed,0,0.65,0,allow
86.0,60.0,50.0,77.5,75.0,85.0,92.0,100.0,Guardian,supporter,A_governed,0,0.6,0,allow
86.0,60.0,50.0,77.5,75.0,85.0,92.0,100.0,Scholar,gentle,A_governed,0,0.6,0,allow
86.0,60.0,50.0,77.5,75.0,85.0,92.0,100.0,Healer,gentle,A_governed,0,0.6,0,allow
86.0,60.0,50.0,77.5,75.0,85.0,92.0,100.0,Trickster,challenger,A_governed,0,0.6,0,allow
86.0,60.0,50.0,77.5,75.0,85.0,92.0,100.0,Pioneer,explorer,A_governed,0,0.6,0,allow
79.0,56.0,85.0,73.0,75.0,82.0,89.0,92.0,Guardian,supporter,A_governed,0,0.9,0,allow
79.0,56.0,85.0,73.0,75.0,82.0,89.0,92.0,Scholar,gentle,A_governed,0,0.9,0,allow
79.0,56.0,85.0,73.0,75.0,82.0,89.0,92.0,Healer,gentle,A_governed,0,0.9,0,allow
79.0,56.0,85.0,73.0,75.0,82.0,89.0,92.0,Trickster,challenger,A_governed,0,0.9,0,allow
79.0,56.0,85.0,73.0,75.0,82.0,89.0,92.0,Pioneer,explorer,A_governed,0,0.9,0,allow
72.0,46.0,80.0,68.5,75.0,79.0,86.0,84.0,Guardian,supporter,A_governed,0,0.85,0,allow
72.0,46.0,80.0,68.5,75.0,79.0,86.0,84.0,Scholar,gentle,A_governed,0,0.85,0,allow
72.0,46.0,80.0,68.5,75.0,79.0,86.0,84.0,Healer,gentle,A_governed,0,0.85,0,allow
72.0,46.0,80.0,68.5,75.0,79.0,86.0,84.0,Trickster,challenger,A_governed,0,0.85,0,allow
72.0,46.0,80.0,68.5,75.0,79.0,86.0,84.0,Pioneer,explorer,A_governed,0,0.85,0,allow
65.0,100.0,75.0,64.0,75.0,76.0,83.0,76.0,Guardian,supporter,A_governed,0,0.7,0,allow
65.0,100.0,75.0,64.0,75.0,76.0,83.0,76.0,Scholar,gentle,A_governed,0,0.7,0,allow
65.0,100.0,75.0,64.0,75.0,76.0,83.0,76.0,Healer,gentle,A_governed,0,0.7,0,allow
65.0,100.0,75.0,64.0,75.0,76.0,83.0,76.0,Trickster,challenger,A_governed,0,0.7,0,allow
65.0,100.0,75.0,64.0,75.0,76.0,83.0,76.0,Pioneer,explorer,A_governed,0,0.7,0,allow
58.0,90.0,70.0,59.5,75.0,73.0,80.0,68.0,Guardian,supporter,A_governed,0,0.85,0,allow
58.0,90.0,70.0,59.5,75.0,73.0,80.0,68.0,Scholar,gentle,A_governed,0,0.85,0,allow
58.0,90.0,70.0,59.5,75.0,73.0,80.0,68.0,Healer,gentle,A_governed,0,0.85,0,allow
58.0,90.0,70.0,59.5,75.0,73.0,80.0,68.0,Trickster,challenger,A_governed,0,0.85,0,allow
58.0,90.0,70.0,59.5,75.0,73.0,80.0,68.0,Pioneer,explorer,A_governed,0,0.85,0,allow
100.0,86.0,65.0,55.0,75.0,70.0,77.0,60.0,Guardian,supporter,A_governed,0,0.7,0,allow
100.0,86.0,65.0,55.0,75.0,70.0,77.0,60.0,Scholar,gentle,A_governed,0,0.7,0,allow
100.0,86.0,65.0,55.0,75.0,70.0,77.0,60.0,Healer,gentle,A_governed,0,0.7,0,allow
100.0,86.0,65.0,55.0,75.0,70.0,77.0,60.0,Trickster,challenger,A_governed,0,0.7,0,allow
100.0,86.0,65.0,55.0,75.0,70.0,77.0,60.0,Pioneer,explorer,A_governed,0,0.7,0,allow
93.0,76.0,60.0,50.5,75.0,67.0,74.0,52.0,Guardian,supporter,A_governed,0,0.85,0,allow
93.0,76.0,60.0,50.5,75.0,67.0,74.0,52.0,Scholar,gentle,A_governed,0,0.85,0,allow
93.0,76.0,60.0,50.5,75.0,67.0,74.0,52.0,Healer,gentle,A_governed,0,0.85,0,allow
93.0,76.0,60.0,50.5,75.0,67.0,74.0,52.0,Trickster,challenger,A_governed,0,0.85,0,allow
93.0,76.0,60.0,50.5,75.0,67.0,74.0,52.0,Pioneer,explorer,A_governed,0,0.85,0,allow
86.0,72.0,55.0,46.0,75.0,64.0,71.0,100.0,Guardian,supporter,A_governed,0,0.6,0,allow
86.0,72.0,55.0,46.0,75.0,64.0,71.0,100.0,Scholar,gentle,A_governed,0,0.6,0,allow
86.0,72.0,55.0,46.0,75.0,64.0,71.0,100.0,Healer,gentle,A_governed,0,0.6,0,allow
86.0,72.0,55.0,46.0,75.0,64.0,71.0,100.0,Trickster,challenger,A_governed,0,0.6,0,allow
86.0,72.0,55.0,46.0,75.0,64.0,71.0,100.0,Pioneer,explorer,A_governed,0,0.6,0,allow
79.0,68.0,50.0,76.5,75.0,91.0,68.0,92.0,Guardian,supporter,A_governed,0,0.6,0,allow
79.0,68.0,50.0,76.5,75.0,91.0,68.0,92.0,Scholar,gentle,A_governed,0,0.6,0,allow
79.0,68.0,50.0,76.5,75.0,91.0,68.0,92.0,Healer,gentle,A_governed,0,0.6,0,allow
79.0,68.0,50.0,76.5,75.0,91.0,68.0,92.0,Trickster,challenger,A_governed,0,0.6,0,allow
79.0,68.0,50.0,76.5,75.0,91.0,68.0,92.0,Pioneer,explorer,A_governed,0,0.6,0,allow
72.0,64.0,85.0,72.0,75.0,88.0,65.0,84.0,Guardian,supporter,A_governed,0,0.9,0,allow
72.0,64.0,85.0,72.0,75.0,88.0,65.0,84.0,Scholar,gentle,A_governed,0,0.9,0,allow
72.0,64.0,85.0,72.0,75.0,88.0,65.0,84.0,Healer,gentle,A_governed,0,0.9,0,allow
72.0,64.0,85.0,72.0,75.0,88.0,65.0,84.0,Trickster,challenger,A_governed,0,0.9,0,allow
72.0,64.0,85.0,72.0,75.0,88.0,65.0,84.0,Pioneer,explorer,A_governed,0,0.9,0,allow
65.0,60.0,80.0,100.0,75.0,100.0,62.0,76.0,Guardian,supporter,A_governed,0,0.6,0,allow
65.0,60.0,80.0,100.0,75.0,100.0,62.0,76.0,Scholar,gentle,A_governed,0,0.6,0,allow
65.0,60.0,80.0,100.0,75.0,100.0,62.0,76.0,Healer,gentle,A_governed,0,0.6,0,allow
65.0,60.0,80.0,100.0,75.0,100.0,62.0,76.0,Trickster,challenger,A_governed,0,0.6,0,allow
65.0,60.0,80.0,100.0,75.0,100.0,62.0,76.0,Pioneer,explorer,A_governed,0,0.6,0,allow
58.0,63.0,75.0,100.0,75.0,100.0,59.0,68.0,Guardian,supporter,A_governed,0,0.6,0,allow
58.0,63.0,75.0,100.0,75.0,100.0,59.0,68.0,Scholar,gentle,A_governed,0,0.6,0,allow
58.0,63.0,75.0,100.0,75.0,100.0,59.0,68.0,Healer,gentle,A_governed,0,0.6,0,allow
58.0,63.0,75.0,100.0,75.0,100.0,59.0,68.0,Trickster,challenger,A_governed,0,0.6,0,allow
58.0,63.0,75.0,100.0,75.0,100.0,59.0,68.0,Pioneer,explorer,A_governed,0,0.6,0,allow
100.0,66.0,70.0,95.5,75.0,97.0,56.0,60.0,Guardian,supporter,A_governed,0,0.7,0,allow
100.0,66.0,70.0,95.5,75.0,97.0,56.0,60.0,Scholar,gentle,A_governed,0,0.7,0,allow
100.0,66.0,70.0,95.5,75.0,97.0,56.0,60.0,Healer,gentle,A_governed,0,0.7,0,allow
100.0,66.0,70.0,95.5,75.0,97.0,56.0,60.0,Trickster,challenger,A_governed,0,0.7,0,allow
100.0,66.0,70.0,95.5,75.0,97.0,56.0,60.0,Pioneer,explorer,A_governed,0,0.7,0,allow
93.0,69.0,65.0,100.0,75.0,100.0,53.0,52.0,Guardian,supporter,A_governed,0,0.6,0,allow
93.0,69.0,65.0,100.0,75.0,100.0,53.0,52.0,Scholar,gentle,A_governed,0,0.6,0,allow
93.0,69.0,65.0,100.0,75.0,100.0,53.0,52.0,Healer,gentle,A_governed,0,0.6,0,allow
93.0,69.0,65.0,100.0,75.0,100.0,53.0,52.0,Trickster,challenger,A_governed,0,0.6,0,allow
93.0,69.0,65.0,100.0,75.0,100.0,53.0,52.0,Pioneer,explorer,A_governed,0,0.6,0,allow
86.0,72.0,60.0,95.5,75.0,97.0,50.0,100.0,Guardian,supporter,A_governed,0,0.6,0,allow
86.0,72.0,60.0,95.5,75.0,97.0,50.0,100.0,Scholar,gentle,A_governed,0,0.6,0,allow
86.0,72.0,60.0,95.5,75.0,97.0,50.0,100.0,Healer,gentle,A_governed,0,0.6,0,allow
86.0,72.0,60.0,95.5,75.0,97.0,50.0,100.0,Trickster,challenger,A_governed,0,0.6,0,allow
86.0,72.0,60.0,95.5,75.0,97.0,50.0,100.0,Pioneer,explorer,A_governed,0,0.6,0,allow
79.0,75.0,55.0,91.0,75.0,94.0,97.0,92.0,Guardian,supporter,A_governed,0,0.65,0,allow
79.0,75.0,55.0,91.0,75.0,94.0,97.0,92.0,Scholar,gentle,A_governed,0,0.65,0,allow
79.0,75.0,55.0,91.0,75.0,94.0,97.0,92.0,Healer,gentle,A_governed,0,0.65,0,allow
79.0,75.0,55.0,91.0,75.0,94.0,97.0,92.0,Trickster,challenger,A_governed,0,0.65,0,allow
79.0,75.0,55.0,91.0,75.0,94.0,97.0,92.0,Pioneer,explorer,A_governed,0,0.65,0,allow
72.0,78.0,50.0,100.0,75.0,100.0,94.0,84.0,Guardian,supporter,A_governed,0,0.6,0,allow
72.0,78.0,50.0,100.0,75.0,100.0,94.0,84.0,Scholar,gentle,A_governed,0,0.6,0,allow
72.0,78.0,50.0,100.0,75.0,100.0,94.0,84.0,Healer,gentle,A_governed,0,0.6,0,allow
72.0,78.0,50.0,100.0,75.0,100.0,94.0,84.0,Trickster,challenger,A_governed,0,0.6,0,allow
72.0,78.0,50.0,100.0,75.0,100.0,94.0,84.0,Pioneer,explorer,A_governed,0,0.6,0,allow
65.0,81.0,85.0,95.5,75.0,97.0,91.0,76.0,Guardian,supporter,A_governed,0,0.9,0,allow
65.0,81.0,85.0,95.5,75.0,97.0,91.0,76.0,Scholar,gentle,A_governed,0,0.9,0,allow
65.0,81.0,85.0,95.5,75.0,97.0,91.0,76.0,Healer,gentle,A_governed,0,0.9,0,allow
65.0,81.0,85.0,95.5,75.0,97.0,91.0,76.0,Trickster,challenger,A_governed,0,0.9,0,allow
65.0,81.0,85.0,95.5,75.0,97.0,91.0,76.0,Pioneer,explorer,A_governed,0,0.9,0,allow
58.0,77.0,80.0,100.0,75.0,100.0,88.0,68.0,Guardian,supporter,A_governed,0,0.6,0,allow
58.0,77.0,80.0,100.0,75.0,100.0,88.0,68.0,Scholar,gentle,A_governed,0,0.6,0,allow
58.0,77.0,80.0,100.0,75.0,100.0,88.0,68.0,Healer,gentle,A_governed,0,0.6,0,allow
58.0,77.0,80.0,100.0,75.0,100.0,88.0,68.0,Trickster,challenger,A_governed,0,0.6,0,allow
58.0,77.0,80.0,100.0,75.0,100.0,88.0,68.0,Pioneer,explorer,A_governed,0,0.6,0,allow
100.0,73.0,75.0,95.5,75.0,97.0,85.0,60.0,Guardian,supporter,A_governed,0,0.7,0,allow
100.0,73.0,75.0,95.5,75.0,97.0,85.0,60.0,Scholar,gentle,A_governed,0,0.7,0,allow
100.0,73.0,75.0,95.5,75.0,97.0,85.0,60.0,Healer,gentle,A_governed,0,0.7,0,allow
100.0,73.0,75.0,95.5,75.0,97.0,85.0,60.0,Trickster,challenger,A_governed,0,0.7,0,allow
100.0,73.0,75.0,95.5,75.0,97.0,85.0,60.0,Pioneer,explorer,A_governed,0,0.7,0,allow
93.0,63.0,70.0,91.0,75.0,94.0,82.0,52.0,Guardian,supporter,A_governed,0,0.85,0,allow
93.0,63.0,70.0,91.0,75.0,94.0,82.0,52.0,Scholar,gentle,A_governed,0,0.85,0,allow
93.0,63.0,70.0,91.0,75.0,94.0,82.0,52.0,Healer,gentle,A_governed,0,0.85,0,allow
93.0,63.0,70.0,91.0,75.0,94.0,82.0,52.0,Trickster,challenger,A_governed,0,0.85,0,allow
93.0,63.0,70.0,91.0,75.0,94.0,82.0,52.0,Pioneer,explorer,A_governed,0,0.85,0,allow
86.0,59.0,65.0,86.5,75.0,91.0,79.0,100.0,Guardian,supporter,A_governed,0,0.6,0,allow
86.0,59.0,65.0,86.5,75.0,91.0,79.0,100.0,Scholar,gentle,A_governed,0,0.6,0,allow
86.0,59.0,65.0,86.5,75.0,91.0,79.0,100.0,Healer,gentle,A_governed,0,0.6,0,allow
86.0,59.0,65.0,86.5,75.0,91.0,79.0,100.0,Trickster,challenger,A_governed,0,0.6,0,allow
86.0,59.0,65.0,86.5,75.0,91.0,79.0,100.0,Pioneer,explorer,A_governed,0,0.6,0,allow
79.0,49.0,60.0,82.0,75.0,88.0,76.0,92.0,Guardian,supporter,A_governed,0,0.85,0,allow
79.0,49.0,60.0,82.0,75.0,88.0,76.0,92.0,Scholar,gentle,A_governed,0,0.85,0,allow
79.0,49.0,60.0,82.0,75.0,88.0,76.0,92.0,Healer,gentle,A_governed,0,0.85,0,allow
79.0,49.0,60.0,82.0,75.0,88.0,76.0,92.0,Trickster,challenger,A_governed,0,0.85,0,allow
79.0,49.0,60.0,82.0,75.0,88.0,76.0,92.0,Pioneer,explorer,A_governed,0,0.85,0,allow
72.0,100.0,55.0,77.5,75.0,85.0,73.0,84.0,Guardian,supporter,A_governed,0,0.7,0,allow
72.0,100.0,55.0,77.5,75.0,85.0,73.0,84.0,Scholar,gentle,A_governed,0,0.7,0,allow
72.0,100.0,55.0,77.5,75.0,85.0,73.0,84.0,Healer,gentle,A_governed,0,0.7,0,allow
72.0,100.0,55.0,77.5,75.0,85.0,73.0,84.0,Trickster,challenger,A_governed,0,0.7,0,allow
72.0,100.0,55.0,77.5,75.0,85.0,73.0,84.0,Pioneer,explorer,A_governed,0,0.7,0,allow
65.0,90.0,50.0,73.0,75.0,82.0,70.0,76.0,Guardian,supporter,A_governed,0,0.85,0,allow
65.0,90.0,50.0,73.0,75.0,82.0,70.0,76.0,Scholar,gentle,A_governed,0,0.85,0,allow
65.0,90.0,50.0,73.0,75.0,82.0,70.0,76.0,Healer,gentle,A_governed,0,0.85,0,allow
65.0,90.0,50.0,73.0,75.0,82.0,70.0,76.0,Trickster,challenger,A_governed,0,0.85,0,allow
65.0,90.0,50.0,73.0,75.0,82.0,70.0,76.0,Pioneer,explorer,A_governed,0,0.85,0,allow
58.0,86.0,85.0,68.5,75.0,79.0,67.0,68.0,Guardian,supporter,A_governed,0,0.9,0,allow
58.0,86.0,85.0,68.5,75.0,79.0,67.0,68.0,Scholar,gentle,A_governed,0,0.9,0,allow
58.0,86.0,85.0,68.5,75.0,79.0,67.0,68.0,Healer,gentle,A_governed,0,0.9,0,allow
58.0,86.0,85.0,68.5,75.0,79.0,67.0,68.0,Trickster,challenger,A_governed,0,0.9,0,allow
58.0,86.0,85.0,68.5,75.0,79.0,67.0,68.0,Pioneer,explorer,A_governed,0,0.9,0,allow
100.0,82.0,80.0,64.0,75.0,76.0,64.0,60.0,Guardian,supporter,A_governed,0,0.7,0,allow
100.0,82.0,80.0,64.0,75.0,76.0,64.0,60.0,Scholar,gentle,A_governed,0,0.7,0,allow
100.0,82.0,80.0,64.0,75.0,76.0,64.0,60.0,Healer,gentle,A_governed,0,0.7,0,allow
100.0,82.0,80.0,64.0,75.0,76.0,64.0,60.0,Trickster,challenger,A_governed,0,0.7,0,allow
100.0,82.0,80.0,64.0,75.0,76.0,64.0,60.0,Pioneer,explorer,A_governed,0,0.7,0,allow
93.0,72.0,75.0,59.5,75.0,73.0,61.0,52.0,Guardian,supporter,A_governed,0,0.85,0,allow
93.0,72.0,75.0,59.5,75.0,73.0,61.0,52.0,Scholar,gentle,A_governed,0,0.85,0,allow
93.0,72.0,75.0,59.5,75.0,73.0,61.0,52.0,Healer,gentle,A_governed,0,0.85,0,allow
93.0,72.0,75.0,59.5,75.0,73.0,61.0,52.0,Trickster,challenger,A_governed,0,0.85,0,allow
93.0,72.0,75.0,59.5,75.0,73.0,61.0,52.0,Pioneer,explorer,A_governed,0,0.85,0,allow
86.0,68.0,70.0,55.0,75.0,70.0,58.0,100.0,Guardian,supporter,A_governed,0,0.6,0,allow
86.0,68.0,70.0,55.0,75.0,70.0,58.0,100.0,Scholar,gentle,A_governed,0,0.6,0,allow
86.0,68.0,70.0,55.0,75.0,70.0,58.0,100.0,Healer,gentle,A_governed,0,0.6,0,allow
86.0,68.0,70.0,55.0,75.0,70.0,58.0,100.0,Trickster,challenger,A_governed,0,0.6,0,allow
86.0,68.0,70.0,55.0,75.0,70.0,58.0,100.0,Pioneer,explorer,A_governed,0,0.6,0,allow
79.0,58.0,65.0,50.5,75.0,67.0,55.0,92.0,Guardian,supporter,A_governed,0,0.85,0,allow
79.0,58.0,65.0,50.5,75.0,67.0,55.0,92.0,Scholar,gentle,A_governed,0,0.85,0,allow
79.0,58.0,65.0,50.5,75.0,67.0,55.0,92.0,Healer,gentle,A_governed,0,0.85,0,allow
79.0,58.0,65.0,50.5,75.0,67.0,55.0,92.0,Trickster,challenger,A_governed,0,0.85,0,allow
79.0,58.0,65.0,50.5,75.0,67.0,55.0,92.0,Pioneer,explorer,A_governed,0,0.85,0,allow
72.0,54.0,60.0,81.0,75.0,94.0,52.0,84.0,Guardian,supporter,A_governed,0,0.6,0,allow
72.0,54.0,60.0,81.0,75.0,94.0,52.0,84.0,Scholar,gentle,A_governed,0,0.6,0,allow
72.0,54.0,60.0,81.0,75.0,94.0,52.0,84.0,Healer,gentle,A_governed,0,0.6,0,allow
72.0,54.0,60.0,81.0,75.0,94.0,52.0,84.0,Trickster,challenger,A_governed,0,0.6,0,allow
72.0,54.0,60.0,81.0,75.0,94.0,52.0,84.0,Pioneer,explorer,A_governed,0,0.6,0,allow
65.0,50.0,55.0,76.5,75.0,91.0,99.0,76.0,Guardian,supporter,A_governed,0,0.65,0,allow
65.0,50.0,55.0,76.5,75.0,91.0,99.0,76.0,Scholar,gentle,A_governed,0,0.65,0,allow
65.0,50.0,55.0,76.5,75.0,91.0,99.0,76.0,Healer,gentle,A_governed,0,0.65,0,allow
65.0,50.0,55.0,76.5,75.0,91.0,99.0,76.0,Trickster,challenger,A_governed,0,0.65,0,allow
65.0,50.0,55.0,76.5,75.0,91.0,99.0,76.0,Pioneer,explorer,A_governed,0,0.65,0,allow
58.0,100.0,50.0,72.0,75.0,88.0,96.0,68.0,Guardian,supporter,A_governed,0,0.7,0,allow
58.0,100.0,50.0,72.0,75.0,88.0,96.0,68.0,Scholar,gentle,A_governed,0,0.7,0,allow
58.0,100.0,50.0,72.0,75.0,88.0,96.0,68.0,Healer,gentle,A_governed,0,0.7,0,allow
58.0,100.0,50.0,72.0,75.0,88.0,96.0,68.0,Trickster,challenger,A_governed,0,0.7,0,allow
58.0,100.0,50.0,72.0,75.0,88.0,96.0,68.0,Pioneer,explorer,A_governed,0,0.7,0,allow
100.0,96.0,45.0,67.5,75.0,85.0,93.0,60.0,Guardian,supporter,A_governed,0,0.7,0,allow
100.0,96.0,45.0,67.5,75.0,85.0,93.0,60.0,Scholar,gentle,A_governed,0,0.7,0,allow
100.0,96.0,45.0,67.5,75.0,85.0,93.0,60.0,Healer,gentle,A_governed,0,0.7,0,allow
100.0,96.0,45.0,67.5,75.0,85.0,93.0,60.0,Trickster,challenger,A_governed,0,0.7,0,allow
100.0,96.0,45.0,67.5,75.0,85.0,93.0,60.0,Pioneer,explorer,A_governed,0,0.7,0,allow
93.0,92.0,80.0,63.0,75.0,82.0,90.0,52.0,Guardian,supporter,A_governed,0,0.9,0,allow
93.0,92.0,80.0,63.0,75.0,82.0,90.0,52.0,Scholar,gentle,A_governed,0,0.9,0,allow
93.0,92.0,80.0,63.0,75.0,82.0,90.0,52.0,Healer,gentle,A_governed,0,0.9,0,allow
93.0,92.0,80.0,63.0,75.0,82.0,90.0,52.0,Trickster,challenger,A_governed,0,0.9,0,allow
93.0,92.0,80.0,63.0,75.0,82.0,90.0,52.0,Pioneer,explorer,A_governed,0,0.9,0,allow
86.0,95.0,75.0,58.5,75.0,79.0,87.0,100.0,Guardian,supporter,A_governed,0,0.6,0,allow
86.0,95.0,75.0,58.5,75.0,79.0,87.0,100.0,Scholar,gentle,A_governed,0,0.6,0,allow
86.0,95.0,75.0,58.5,75.0,79.0,87.0,100.0,Healer,gentle,A_governed,0,0.6,0,allow
86.0,95.0,75.0,58.5,75.0,79.0,87.0,100.0,Trickster,challenger,A_governed,0,0.6,0,allow
86.0,95.0,75.0,58.5,75.0,79.0,87.0,100.0,Pioneer,explorer,A_governed,0,0.6,0,allow
79.0,98.0,70.0,89.0,75.0,100.0,84.0,92.0,Guardian,supporter,A_governed,0,0.6,0,allow
79.0,98.0,70.0,89.0,75.0,100.0,84.0,92.0,Scholar,gentle,A_governed,0,0.6,0,allow
79.0,98.0,70.0,89.0,75.0,100.0,84.0,92.0,Healer,gentle,A_governed,0,0.6,0,allow
79.0,98.0,70.0,89.0,75.0,100.0,84.0,92.0,Trickster,challenger,A_governed,0,0.6,0,allow
79.0,98.0,70.0,89.0,75.0,100.0,84.0,92.0,Pioneer,explorer,A_governed,0,0.6,0,allow
72.0,100.0,65.0,100.0,75.0,100.0,81.0,84.0,Guardian,supporter,A_governed,0,0.6,0,allow
72.0,100.0,65.0,100.0,75.0,100.0,81.0,84.0,Scholar,gentle,A_governed,0,0.6,0,allow
72.0,100.0,65.0,100.0,75.0,100.0,81.0,84.0,Healer,gentle,A_governed,0,0.6,0,allow
72.0,100.0,65.0,100.0,75.0,100.0,81.0,84.0,Trickster,challenger,A_governed,0,0.6,0,allow
72.0,100.0,65.0,100.0,75.0,100.0,81.0,84.0,Pioneer,explorer,A_governed,0,0.6,0,allow
65.0,100.0,60.0,100.0,75.0,100.0,78.0,76.0,Guardian,supporter,A_governed,0,0.6,0,allow
65.0,100.0,60.0,100.0,75.0,100.0,78.0,76.0,Scholar,gentle,A_governed,0,0.6,0,allow
65.0,100.0,60.0,100.0,75.0,100.0,78.0,76.0,Healer,gentle,A_governed,0,0.6,0,allow
65.0,100.0,60.0,100.0,75.0,100.0,78.0,76.0,Trickster,challenger,A_governed,0,0.6,0,allow
65.0,100.0,60.0,100.0,75.0,100.0,78.0,76.0,Pioneer,explorer,A_governed,0,0.6,0,allow
58.0,100.0,55.0,100.0,75.0,100.0,75.0,68.0,Guardian,supporter,A_governed,0,0.6,0,allow
58.0,100.0,55.0,100.0,75.0,100.0,75.0,68.0,Scholar,gentle,A_governed,0,0.6,0,allow
58.0,100.0,55.0,100.0,75.0,100.0,75.0,68.0,Healer,gentle,A_governed,0,0.6,0,allow
58.0,100.0,55.0,100.0,75.0,100.0,75.0,68.0,Trickster,challenger,A_governed,0,0.6,0,allow
58.0,100.0,55.0,100.0,75.0,100.0,75.0,68.0,Pioneer,explorer,A_governed,0,0.6,0,allow
100.0,100.0,50.0,95.5,75.0,97.0,72.0,60.0,Guardian,supporter,A_governed,0,0.7,0,allow
100.0,100.0,50.0,95.5,75.0,97.0,72.0,60.0,Scholar,gentle,A_governed,0,0.7,0,allow
100.0,100.0,50.0,95.5,75.0,97.0,72.0,60.0,Healer,gentle,A_governed,0,0.7,0,allow
100.0,100.0,50.0,95.5,75.0,97.0,72.0,60.0,Trickster,challenger,A_governed,0,0.7,0,allow
100.0,100.0,50.0,95.5,75.0,97.0,72.0,60.0,Pioneer,explorer,A_governed,0,0.7,0,allow
93.0,100.0,85.0,91.0,75.0,94.0,69.0,52.0,Guardian,supporter,A_governed,0,0.9,0,allow
93.0,100.0,85.0,91.0,75.0,94.0,69.0,52.0,Scholar,gentle,A_governed,0,0.9,0,allow
93.0,100.0,85.0,91.0,75.0,94.0,69.0,52.0,Healer,gentle,A_governed,0,0.9,0,allow
93.0,100.0,85.0,91.0,75.0,94.0,69.0,52.0,Trickster,challenger,A_governed,0,0.9,0,allow
93.0,100.0,85.0,91.0,75.0,94.0,69.0,52.0,Pioneer,explorer,A_governed,0,0.9,0,allow
86.0,96.0,80.0,86.5,75.0,91.0,66.0,100.0,Guardian,supporter,A_governed,0,0.6,0,allow
86.0,96.0,80.0,86.5,75.0,91.0,66.0,100.0,Scholar,gentle,A_governed,0,0.6,0,allow
86.0,96.0,80.0,86.5,75.0,91.0,66.0,100.0,Healer,gentle,A_governed,0,0.6,0,allow
86.0,96.0,80.0,86.5,75.0,91.0,66.0,100.0,Trickster,challenger,A_governed,0,0.6,0,allow
86.0,96.0,80.0,86.5,75.0,91.0,66.0,100.0,Pioneer,explorer,A_governed,0,0.6,0,allow
79.0,92.0,75.0,100.0,75.0,100.0,63.0,92.0,Guardian,supporter,A_governed,0,0.6,0,allow
79.0,92.0,75.0,100.0,75.0,100.0,63.0,92.0,Scholar,gentle,A_governed,0,0.6,0,allow
79.0,92.0,75.0,100.0,75.0,100.0,63.0,92.0,Healer,gentle,A_governed,0,0.6,0,allow
79.0,92.0,75.0,100.0,75.0,100.0,63.0,92.0,Trickster,challenger,A_governed,0,0.6,0,allow
79.0,92.0,75.0,100.0,75.0,100.0,63.0,92.0,Pioneer,explorer,A_governed,0,0.6,0,allow
72.0,82.0,70.0,95.5,75.0,97.0,60.0,84.0,Guardian,supporter,A_governed,0,0.85,0,allow
72.0,82.0,70.0,95.5,75.0,97.0,60.0,84.0,Scholar,gentle,A_governed,0,0.85,0,allow
72.0,82.0,70.0,95.5,75.0,97.0,60.0,84.0,Healer,gentle,A_governed,0,0.85,0,allow
72.0,82.0,70.0,95.5,75.0,97.0,60.0,84.0,Trickster,challenger,A_governed,0,0.85,0,allow
72.0,82.0,70.0,95.5,75.0,97.0,60.0,84.0,Pioneer,explorer,A_governed,0,0.85,0,allow
65.0,72.0,65.0,91.0,75.0,94.0,57.0,76.0,Guardian,supporter,A_governed,0,0.85,0,allow
65.0,72.0,65.0,91.0,75.0,94.0,57.0,76.0,Scholar,gentle,A_governed,0,0.85,0,allow
65.0,72.0,65.0,91.0,75.0,94.0,57.0,76.0,Healer,gentle,A_governed,0,0.85,0,allow
65.0,72.0,65.0,91.0,75.0,94.0,57.0,76.0,Trickster,challenger,A_governed,0,0.85,0,allow
65.0,72.0,65.0,91.0,75.0,94.0,57.0,76.0,Pioneer,explorer,A_governed,0,0.85,0,allow
58.0,62.0,60.0,86.5,75.0,91.0,54.0,68.0,Guardian,supporter,A_governed,0,0.85,0,allow
58.0,62.0,60.0,86.5,75.0,91.0,54.0,68.0,Scholar,gentle,A_governed,0,0.85,0,allow
58.0,62.0,60.0,86.5,75.0,91.0,54.0,68.0,Healer,gentle,A_governed,0,0.85,0,allow
58.0,62.0,60.0,86.5,75.0,91.0,54.0,68.0,Trickster,challenger,A_governed,0,0.85,0,allow
58.0,62.0,60.0,86.5,75.0,91.0,54.0,68.0,Pioneer,explorer,A_governed,0,0.85,0,allow
100.0,58.0,55.0,82.0,75.0,88.0,51.0,60.0,Guardian,supporter,A_governed,0,0.7,0,allow
100.0,58.0,55.0,82.0,75.0,88.0,51.0,60.0,Scholar,gentle,A_governed,0,0.7,0,allow
100.0,58.0,55.0,82.0,75.0,88.0,51.0,60.0,Healer,gentle,A_governed,0,0.7,0,allow
100.0,58.0,55.0,82.0,75.0,88.0,51.0,60.0,Trickster,challenger,A_governed,0,0.7,0,allow
100.0,58.0,55.0,82.0,75.0,88.0,51.0,60.0,Pioneer,explorer,A_governed,0,0.7,0,allow
93.0,54.0,50.0,77.5,75.0,85.0,98.0,52.0,Guardian,supporter,A_governed,0,0.65,0,allow
93.0,54.0,50.0,77.5,75.0,85.0,98.0,52.0,Scholar,gentle,A_governed,0,0.65,0,allow
93.0,54.0,50.0,77.5,75.0,85.0,98.0,52.0,Healer,gentle,A_governed,0,0.65,0,allow
93.0,54.0,50.0,77.5,75.0,85.0,98.0,52.0,Trickster,challenger,A_governed,0,0.65,0,allow
93.0,54.0,50.0,77.5,75.0,85.0,98.0,52.0,Pioneer,explorer,A_governed,0,0.65,0,allow
86.0,50.0,45.0,73.0,75.0,82.0,95.0,100.0,Guardian,supporter,A_governed,0,0.6,0,allow
86.0,50.0,45.0,73.0,75.0,82.0,95.0,100.0,Scholar,gentle,A_governed,0,0.6,0,allow
86.0,50.0,45.0,73.0,75.0,82.0,95.0,100.0,Healer,gentle,A_governed,0,0.6,0,allow
86.0,50.0,45.0,73.0,75.0,82.0,95.0,100.0,Trickster,challenger,A_governed,0,0.6,0,allow
86.0,50.0,45.0,73.0,75.0,82.0,95.0,100.0,Pioneer,explorer,A_governed,0,0.6,0,allow
79.0,46.0,80.0,68.5,75.0,79.0,92.0,92.0,Guardian,supporter,A_governed,0,0.9,0,allow
79.0,46.0,80.0,68.5,75.0,79.0,92.0,92.0,Scholar,gentle,A_governed,0,0.9,0,allow
79.0,46.0,80.0,68.5,75.0,79.0,92.0,92.0,Healer,gentle,A_governed,0,0.9,0,allow
79.0,46.0,80.0,68.5,75.0,79.0,92.0,92.0,Trickster,challenger,A_governed,0,0.9,0,allow
79.0,46.0,80.0,68.5,75.0,79.0,92.0,92.0,Pioneer,explorer,A_governed,0,0.9,0,allow
72.0,100.0,75.0,64.0,75.0,76.0,89.0,84.0,Guardian,supporter,A_governed,0,0.7,0,allow
72.0,100.0,75.0,64.0,75.0,76.0,89.0,84.0,Scholar,gentle,A_governed,0,0.7,0,allow
72.0,100.0,75.0,64.0,75.0,76.0,89.0,84.0,Healer,gentle,A_governed,0,0.7,0,allow
72.0,100.0,75.0,64.0,75.0,76.0,89.0,84.0,Trickster,challenger,A_governed,0,0.7,0,allow
72.0,100.0,75.0,64.0,75.0,76.0,89.0,84.0,Pioneer,explorer,A_governed,0,0.7,0,allow
65.0,90.0,70.0,59.5,75.0,73.0,86.0,76.0,Guardian,supporter,A_governed,0,0.85,0,allow
65.0,90.0,70.0,59.5,75.0,73.0,86.0,76.0,Scholar,gentle,A_governed,0,0.85,0,allow
65.0,90.0,70.0,59.5,75.0,73.0,86.0,76.0,Healer,gentle,A_governed,0,0.85,0,allow
65.0,90.0,70.0,59.5,75.0,73.0,86.0,76.0,Trickster,challenger,A_governed,0,0.85,0,allow
65.0,90.0,70.0,59.5,75.0,73.0,86.0,76.0,Pioneer,explorer,A_governed,0,0.85,0,allow
58.0,80.0,65.0,55.0,75.0,70.0,83.0,68.0,Guardian,supporter,A_governed,0,0.85,0,allow
58.0,80.0,65.0,55.0,75.0,70.0,83.0,68.0,Scholar,gentle,A_governed,0,0.85,0,allow
58.0,80.0,65.0,55.0,75.0,70.0,83.0,68.0,Healer,gentle,A_governed,0,0.85,0,allow
58.0,80.0,65.0,55.0,75.0,70.0,83.0,68.0,Trickster,challenger,A_governed,0,0.85,0,allow
58.0,80.0,65.0,55.0,75.0,70.0,83.0,68.0,Pioneer,explorer,A_governed,0,0.85,0,allow
100.0,76.0,60.0,50.5,75.0,67.0,80.0,60.0,Guardian,supporter,A_governed,0,0.7,0,allow
100.0,76.0,60.0,50.5,75.0,67.0,80.0,60.0,Scholar,gentle,A_governed,0,0.7,0,allow
100.0,76.0,60.0,50.5,75.0,67.0,80.0,60.0,Healer,gentle,A_governed,0,0.7,0,allow
100.0,76.0,60.0,50.5,75.0,67.0,80.0,60.0,Trickster,challenger,A_governed,0,0.7,0,allow
100.0,76.0,60.0,50.5,75.0,67.0,80.0,60.0,Pioneer,explorer,A_governed,0,0.7,0,allow
93.0,72.0,55.0,81.0,75.0,94.0,77.0,52.0,Guardian,supporter,A_governed,0,0.6,0,allow
93.0,72.0,55.0,81.0,75.0,94.0,77.0,52.0,Scholar,gentle,A_governed,0,0.6,0,allow
93.0,72.0,55.0,81.0,75.0,94.0,77.0,52.0,Healer,gentle,A_governed,0,0.6,0,allow
93.0,72.0,55.0,81.0,75.0,94.0,77.0,52.0,Trickster,challenger,A_governed,0,0.6,0,allow
93.0,72.0,55.0,81.0,75.0,94.0,77.0,52.0,Pioneer,explorer,A_governed,0,0.6,0,allow
86.0,68.0,50.0,76.5,75.0,91.0,74.0,100.0,Guardian,supporter,A_governed,0,0.6,0,allow
86.0,68.0,50.0,76.5,75.0,91.0,74.0,100.0,Scholar,gentle,A_governed,0,0.6,0,allow
86.0,68.0,50.0,76.5,75.0,91.0,74.0,100.0,Healer,gentle,A_governed,0,0.6,0,allow
86.0,68.0,50.0,76.5,75.0,91.0,74.0,100.0,Trickster,challenger,A_governed,0,0.6,0,allow
86.0,68.0,50.0,76.5,75.0,91.0,74.0,100.0,Pioneer,explorer,A_governed,0,0.6,0,allow
79.0,64.0,85.0,72.0,75.0,88.0,71.0,92.0,Guardian,supporter,A_governed,0,0.9,0,allow
79.0,64.0,85.0,72.0,75.0,88.0,71.0,92.0,Scholar,gentle,A_governed,0,0.9,0,allow
79.0,64.0,85.0,72.0,75.0,88.0,71.0,92.0,Healer,gentle,A_governed,0,0.9,0,allow
79.0,64.0,85.0,72.0,75.0,88.0,71.0,92.0,Trickster,challenger,A_governed,0,0.9,0,allow
79.0,64.0,85.0,72.0,75.0,88.0,71.0,92.0,Pioneer,explorer,A_governed,0,0.9,0,allow
72.0,60.0,80.0,100.0,75.0,100.0,68.0,84.0,Guardian,supporter,A_governed,0,0.6,0,allow
72.0,60.0,80.0,100.0,75.0,100.0,68.0,84.0,Scholar,gentle,A_governed,0,0.6,0,allow
72.0,60.0,80.0,100.0,75.0,100.0,68.0,84.0,Healer,gentle,A_governed,0,0.6,0,allow
72.0,60.0,80.0,100.0,75.0,100.0,68.0,84.0,Trickster,challenger,A_governed,0,0.6,0,allow
72.0,60.0,80.0,100.0,75.0,100.0,68.0,84.0,Pioneer,explorer,A_governed,0,0.6,0,allow
65.0,63.0,75.0,100.0,75.0,100.0,65.0,76.0,Guardian,supporter,A_governed,0,0.6,0,allow
65.0,63.0,75.0,100.0,75.0,100.0,65.0,76.0,Scholar,gentle,A_governed,0,0.6,0,allow
65.0,63.0,75.0,100.0,75.0,100.0,65.0,76.0,Healer,gentle,A_governed,0,0.6,0,allow
65.0,63.0,75.0,100.0,75.0,100.0,65.0,76.0,Trickster,challenger,A_governed,0,0.6,0,allow
65.0,63.0,75.0,100.0,75.0,100.0,65.0,76.0,Pioneer,explorer,A_governed,0,0.6,0,allow
58.0,66.0,70.0,100.0,75.0,100.0,62.0,68.0,Guardian,supporter,A_governed,0,0.6,0,allow
58.0,66.0,70.0,100.0,75.0,100.0,62.0,68.0,Scholar,gentle,A_governed,0,0.6,0,allow
58.0,66.0,70.0,100.0,75.0,100.0,62.0,68.0,Healer,gentle,A_governed,0,0.6,0,allow
58.0,66.0,70.0,100.0,75.0,100.0,62.0,68.0,Trickster,challenger,A_governed,0,0.6,0,allow
58.0,66.0,70.0,100.0,75.0,100.0,62.0,68.0,Pioneer,explorer,A_governed,0,0.6,0,allow
100.0,69.0,65.0,95.5,75.0,97.0,59.0,60.0,Guardian,supporter,A_governed,0,0.7,0,allow
100.0,69.0,65.0,95.5,75.0,97.0,59.0,60.0,Scholar,gentle,A_governed,0,0.7,0,allow
100.0,69.0,65.0,95.5,75.0,97.0,59.0,60.0,Healer,gentle,A_governed,0,0.7,0,allow
100.0,69.0,65.0,95.5,75.0,97.0,59.0,60.0,Trickster,challenger,A_governed,0,0.7,0,allow
100.0,69.0,65.0,95.5,75.0,97.0,59.0,60.0,Pioneer,explorer,A_governed,0,0.7,0,allow
93.0,72.0,60.0,100.0,75.0,100.0,56.0,52.0,Guardian,supporter,A_governed,0,0.6,0,allow
93.0,72.0,60.0,100.0,75.0,100.0,56.0,52.0,Scholar,gentle,A_governed,0,0.6,0,allow
93.0,72.0,60.0,100.0,75.0,100.0,56.0,52.0,Healer,gentle,A_governed,0,0.6,0,allow
93.0,72.0,60.0,100.0,75.0,100.0,56.0,52.0,Trickster,challenger,A_governed,0,0.6,0,allow
93.0,72.0,60.0,100.0,75.0,100.0,56.0,52.0,Pioneer,explorer,A_governed,0,0.6,0,allow
86.0,75.0,55.0,95.5,75.0,97.0,53.0,100.0,Guardian,supporter,A_governed,0,0.6,0,allow
86.0,75.0,55.0,95.5,75.0,97.0,53.0,100.0,Scholar,gentle,A_governed,0,0.6,0,allow
86.0,75.0,55.0,95.5,75.0,97.0,53.0,100.0,Healer,gentle,A_governed,0,0.6,0,allow
86.0,75.0,55.0,95.5,75.0,97.0,53.0,100.0,Trickster,challenger,A_governed,0,0.6,0,allow
86.0,75.0,55.0,95.5,75.0,97.0,53.0,100.0,Pioneer,explorer,A_governed,0,0.6,0,allow
79.0,78.0,50.0,100.0,75.0,100.0,50.0,92.0,Guardian,supporter,A_governed,0,0.6,0,allow
79.0,78.0,50.0,100.0,75.0,100.0,50.0,92.0,Scholar,gentle,A_governed,0,0.6,0,allow
79.0,78.0,50.0,100.0,75.0,100.0,50.0,92.0,Healer,gentle,A_governed,0,0.6,0,allow
79.0,78.0,50.0,100.0,75.0,100.0,50.0,92.0,Trickster,challenger,A_governed,0,0.6,0,allow
79.0,78.0,50.0,100.0,75.0,100.0,50.0,92.0,Pioneer,explorer,A_governed,0,0.6,0,allow
72.0,81.0,85.0,95.5,75.0,97.0,47.0,84.0,Guardian,supporter,A_governed,0,0.9,0,allow
72.0,81.0,85.0,95.5,75.0,97.0,47.0,84.0,Scholar,gentle,A_governed,0,0.9,0,allow
72.0,81.0,85.0,95.5,75.0,97.0,47.0,84.0,Healer,gentle,A_governed,0,0.9,0,allow
72.0,81.0,85.0,95.5,75.0,97.0,47.0,84.0,Trickster,challenger,A_governed,0,0.9,0,allow
72.0,81.0,85.0,95.5,75.0,97.0,47.0,84.0,Pioneer,explorer,A_governed,0,0.9,0,allow
65.0,77.0,80.0,91.0,75.0,94.0,94.0,76.0,Guardian,supporter,A_governed,0,0.65,0,allow
65.0,77.0,80.0,91.0,75.0,94.0,94.0,76.0,Scholar,gentle,A_governed,0,0.65,0,allow
65.0,77.0,80.0,91.0,75.0,94.0,94.0,76.0,Healer,gentle,A_governed,0,0.65,0,allow
65.0,77.0,80.0,91.0,75.0,94.0,94.0,76.0,Trickster,challenger,A_governed,0,0.65,0,allow
65.0,77.0,80.0,91.0,75.0,94.0,94.0,76.0,Pioneer,explorer,A_governed,0,0.65,0,allow
58.0,73.0,75.0,100.0,75.0,100.0,91.0,68.0,Guardian,supporter,A_governed,0,0.6,0,allow
58.0,73.0,75.0,100.0,75.0,100.0,91.0,68.0,Scholar,gentle,A_governed,0,0.6,0,allow
58.0,73.0,75.0,100.0,75.0,100.0,91.0,68.0,Healer,gentle,A_governed,0,0.6,0,allow
58.0,73.0,75.0,100.0,75.0,100.0,91.0,68.0,Trickster,challenger,A_governed,0,0.6,0,allow
58.0,73.0,75.0,100.0,75.0,100.0,91.0,68.0,Pioneer,explorer,A_governed,0,0.6,0,allow
100.0,69.0,70.0,95.5,75.0,97.0,88.0,60.0,Guardian,supporter,A_governed,0,0.7,0,allow
100.0,69.0,70.0,95.5,75.0,97.0,88.0,60.0,Scholar,gentle,A_governed,0,0.7,0,allow
100.0,69.0,70.0,95.5,75.0,97.0,88.0,60.0,Healer,gentle,A_governed,0,0.7,0,allow
100.0,69.0,70.0,95.5,75.0,97.0,88.0,60.0,Trickster,challenger,A_governed,0,0.7,0,allow
100.0,69.0,70.0,95.5,75.0,97.0,88.0,60.0,Pioneer,explorer,A_governed,0,0.7,0,allow
93.0,59.0,65.0,91.0,75.0,94.0,85.0,52.0,Guardian,supporter,A_governed,0,0.85,0,allow
93.0,59.0,65.0,91.0,75.0,94.0,85.0,52.0,Scholar,gentle,A_governed,0,0.85,0,allow
93.0,59.0,65.0,91.0,75.0,94.0,85.0,52.0,Healer,gentle,A_governed,0,0.85,0,allow
93.0,59.0,65.0,91.0,75.0,94.0,85.0,52.0,Trickster,challenger,A_governed,0,0.85,0,allow
93.0,59.0,65.0,91.0,75.0,94.0,85.0,52.0,Pioneer,explorer,A_governed,0,0.85,0,allow
86.0,55.0,60.0,86.5,75.0,91.0,82.0,100.0,Guardian,supporter,A_governed,0,0.6,0,allow
86.0,55.0,60.0,86.5,75.0,91.0,82.0,100.0,Scholar,gentle,A_governed,0,0.6,0,allow
86.0,55.0,60.0,86.5,75.0,91.0,82.0,100.0,Healer,gentle,A_governed,0,0.6,0,allow
86.0,55.0,60.0,86.5,75.0,91.0,82.0,100.0,Trickster,challenger,A_governed,0,0.6,0,allow
86.0,55.0,60.0,86.5,75.0,91.0,82.0,100.0,Pioneer,explorer,A_governed,0,0.6,0,allow
79.0,45.0,55.0,82.0,75.0,88.0,79.0,92.0,Guardian,supporter,A_governed,0,0.85,0,allow
79.0,45.0,55.0,82.0,75.0,88.0,79.0,92.0,Scholar,gentle,A_governed,0,0.85,0,allow
79.0,45.0,55.0,82.0,75.0,88.0,79.0,92.0,Healer,gentle,A_governed,0,0.85,0,allow
79.0,45.0,55.0,82.0,75.0,88.0,79.0,92.0,Trickster,challenger,A_governed,0,0.85,0,allow
79.0,45.0,55.0,82.0,75.0,88.0,79.0,92.0,Pioneer,explorer,A_governed,0,0.85,0,allow
72.0,100.0,50.0,77.5,75.0,85.0,76.0,84.0,Guardian,supporter,A_governed,0,0.7,0,allow
72.0,100.0,50.0,77.5,75.0,85.0,76.0,84.0,Scholar,gentle,A_governed,0,0.7,0,allow
72.0,100.0,50.0,77.5,75.0,85.0,76.0,84.0,Healer,gentle,A_governed,0,0.7,0,allow
72.0,100.0,50.0,77.5,75.0,85.0,76.0,84.0,Trickster,challenger,A_governed,0,0.7,0,allow
72.0,100.0,50.0,77.5,75.0,85.0,76.0,84.0,Pioneer,explorer,A_governed,0,0.7,0,allow
65.0,96.0,85.0,73.0,75.0,82.0,73.0,76.0,Guardian,supporter,A_governed,0,0.9,0,allow
65.0,96.0,85.0,73.0,75.0,82.0,73.0,76.0,Scholar,gentle,A_governed,0,0.9,0,allow
65.0,96.0,85.0,73.0,75.0,82.0,73.0,76.0,Healer,gentle,A_governed,0,0.9,0,allow
65.0,96.0,85.0,73.0,75.0,82.0,73.0,76.0,Trickster,challenger,A_governed,0,0.9,0,allow
65.0,96.0,85.0,73.0,75.0,82.0,73.0,76.0,Pioneer,explorer,A_governed,0,0.9,0,allow
58.0,86.0,80.0,68.5,75.0,79.0,70.0,68.0,Guardian,supporter,A_governed,0,0.85,0,allow
58.0,86.0,80.0,68.5,75.0,79.0,70.0,68.0,Scholar,gentle,A_governed,0,0.85,0,allow
58.0,86.0,80.0,68.5,75.0,79.0,70.0,68.0,Healer,gentle,A_governed,0,0.85,0,allow
58.0,86.0,80.0,68.5,75.0,79.0,70.0,68.0,Trickster,challenger,A_governed,0,0.85,0,allow
58.0,86.0,80.0,68.5,75.0,79.0,70.0,68.0,Pioneer,explorer,A_governed,0,0.85,0,allow
100.0,82.0,75.0,64.0,75.0,76.0,67.0,60.0,Guardian,supporter,A_governed,0,0.7,0,allow
100.0,82.0,75.0,64.0,75.0,76.0,67.0,60.0,Scholar,gentle,A_governed,0,0.7,0,allow
100.0,82.0,75.0,64.0,75.0,76.0,67.0,60.0,Healer,gentle,A_governed,0,0.7,0,allow
100.0,82.0,75.0,64.0,75.0,76.0,67.0,60.0,Trickster,challenger,A_governed,0,0.7,0,allow
100.0,82.0,75.0,64.0,75.0,76.0,67.0,60.0,Pioneer,explorer,A_governed,0,0.7,0,allow
93.0,72.0,70.0,59.5,75.0,73.0,64.0,52.0,Guardian,supporter,A_governed,0,0.85,0,allow
93.0,72.0,70.0,59.5,75.0,73.0,64.0,52.0,Scholar,gentle,A_governed,0,0.85,0,allow
93.0,72.0,70.0,59.5,75.0,73.0,64.0,52.0,Healer,gentle,A_governed,0,0.85,0,allow
93.0,72.0,70.0,59.5,75.0,73.0,64.0,52.0,Trickster,challenger,A_governed,0,0.85,0,allow
93.0,72.0,70.0,59.5,75.0,73.0,64.0,52.0,Pioneer,explorer,A_governed,0,0.85,0,allow
86.0,68.0,65.0,55.0,75.0,70.0,61.0,100.0,Guardian,supporter,A_governed,0,0.6,0,allow
86.0,68.0,65.0,55.0,75.0,70.0,61.0,100.0,Scholar,gentle,A_governed,0,0.6,0,allow
86.0,68.0,65.0,55.0,75.0,70.0,61.0,100.0,Healer,gentle,A_governed,0,0.6,0,allow
86.0,68.0,65.0,55.0,75.0,70.0,61.0,100.0,Trickster,challenger,A_governed,0,0.6,0,allow
86.0,68.0,65.0,55.0,75.0,70.0,61.0,100.0,Pioneer,explorer,A_governed,0,0.6,0,allow
79.0,58.0,60.0,50.5,75.0,67.0,58.0,92.0,Guardian,supporter,A_governed,0,0.85,0,allow
79.0,58.0,60.0,50.5,75.0,67.0,58.0,92.0,Scholar,gentle,A_governed,0,0.85,0,allow
79.0,58.0,60.0,50.5,75.0,67.0,58.0,92.0,Healer,gentle,A_governed,0,0.85,0,allow
79.0,58.0,60.0,50.5,75.0,67.0,58.0,92.0,Trickster,challenger,A_governed,0,0.85,0,allow
79.0,58.0,60.0,50.5,75.0,67.0,58.0,92.0,Pioneer,explorer,A_governed,0,0.85,0,allow
72.0,54.0,55.0,81.0,75.0,94.0,55.0,84.0,Guardian,supporter,A_governed,0,0.6,0,allow
72.0,54.0,55.0,81.0,75.0,94.0,55.0,84.0,Scholar,gentle,A_governed,0,0.6,0,allow
72.0,54.0,55.0,81.0,75.0,94.0,55.0,84.0,Healer,gentle,A_governed,0,0.6,0,allow
72.0,54.0,55.0,81.0,75.0,94.0,55.0,84.0,Trickster,challenger,A_governed,0,0.6,0,allow
72.0,54.0,55.0,81.0,75.0,94.0,55.0,84.0,Pioneer,explorer,A_governed,0,0.6,0,allow
65.0,50.0,50.0,100.0,75.0,100.0,52.0,76.0,Guardian,supporter,A_governed,0,0.6,0,allow
65.0,50.0,50.0,100.0,75.0,100.0,52.0,76.0,Scholar,gentle,A_governed,0,0.6,0,allow
65.0,50.0,50.0,100.0,75.0,100.0,52.0,76.0,Healer,gentle,A_governed,0,0.6,0,allow
65.0,50.0,50.0,100.0,75.0,100.0,52.0,76.0,Trickster,challenger,A_governed,0,0.6,0,allow
65.0,50.0,50.0,100.0,75.0,100.0,52.0,76.0,Pioneer,explorer,A_governed,0,0.6,0,allow
58.0,46.0,85.0,95.5,75.0,97.0,49.0,68.0,Guardian,supporter,A_governed,0,0.9,0,allow
58.0,46.0,85.0,95.5,75.0,97.0,49.0,68.0,Scholar,gentle,A_governed,0,0.9,0,allow
58.0,46.0,85.0,95.5,75.0,97.0,49.0,68.0,Healer,gentle,A_governed,0,0.9,0,allow
58.0,46.0,85.0,95.5,75.0,97.0,49.0,68.0,Trickster,challenger,A_governed,0,0.9,0,allow
58.0,46.0,85.0,95.5,75.0,97.0,49.0,68.0,Pioneer,explorer,A_governed,0,0.9,0,allow
100.0,42.0,80.0,91.0,75.0,94.0,46.0,60.0,Guardian,supporter,A_governed,0,0.7,0,allow
100.0,42.0,80.0,91.0,75.0,94.0,46.0,60.0,Scholar,gentle,A_governed,0,0.7,0,allow
100.0,42.0,80.0,91.0,75.0,94.0,46.0,60.0,Healer,gentle,A_governed,0,0.7,0,allow
100.0,42.0,80.0,91.0,75.0,94.0,46.0,60.0,Trickster,challenger,A_governed,0,0.7,0,allow
100.0,42.0,80.0,91.0,75.0,94.0,46.0,60.0,Pioneer,explorer,A_governed,0,0.7,0,allow
93.0,45.0,75.0,86.5,75.0,91.0,93.0,52.0,Guardian,supporter,A_governed,0,0.65,0,allow
93.0,45.0,75.0,86.5,75.0,91.0,93.0,52.0,Scholar,gentle,A_governed,0,0.65,0,allow
93.0,45.0,75.0,86.5,75.0,91.0,93.0,52.0,Healer,gentle,A_governed,0,0.65,0,allow
93.0,45.0,75.0,86.5,75.0,91.0,93.0,52.0,Trickster,challenger,A_governed,0,0.65,0,allow
93.0,45.0,75.0,86.5,75.0,91.0,93.0,52.0,Pioneer,explorer,A_governed,0,0.65,0,allow
86.0,48.0,70.0,82.0,75.0,88.0,90.0,100.0,Guardian,supporter,A_governed,0,0.6,0,allow
86.0,48.0,70.0,82.0,75.0,88.0,90.0,100.0,Scholar,gentle,A_governed,0,0.6,0,allow
86.0,48.0,70.0,82.0,75.0,88.0,90.0,100.0,Healer,gentle,A_governed,0,0.6,0,allow
86.0,48.0,70.0,82.0,75.0,88.0,90.0,100.0,Trickster,challenger,A_governed,0,0.6,0,allow
86.0,48.0,70.0,82.0,75.0,88.0,90.0,100.0,Pioneer,explorer,A_governed,0,0.6,0,allow
79.0,51.0,65.0,100.0,75.0,100.0,87.0,92.0,Guardian,supporter,A_governed,0,0.6,0,allow
79.0,51.0,65.0,100.0,75.0,100.0,87.0,92.0,Scholar,gentle,A_governed,0,0.6,0,allow
79.0,51.0,65.0,100.0,75.0,100.0,87.0,92.0,Healer,gentle,A_governed,0,0.6,0,allow
79.0,51.0,65.0,100.0,75.0,100.0,87.0,92.0,Trickster,challenger,A_governed,0,0.6,0,allow
79.0,51.0,65.0,100.0,75.0,100.0,87.0,92.0,Pioneer,explorer,A_governed,0,0.6,0,allow
72.0,54.0,60.0,100.0,75.0,100.0,84.0,84.0,Guardian,supporter,A_governed,0,0.6,0,allow
72.0,54.0,60.0,100.0,75.0,100.0,84.0,84.0,Scholar,gentle,A_governed,0,0.6,0,allow
72.0,54.0,60.0,100.0,75.0,100.0,84.0,84.0,Healer,gentle,A_governed,0,0.6,0,allow
72.0,54.0,60.0,100.0,75.0,100.0,84.0,84.0,Trickster,challenger,A_governed,0,0.6,0,allow
72.0,54.0,60.0,100.0,75.0,100.0,84.0,84.0,Pioneer,explorer,A_governed,0,0.6,0,allow
65.0,57.0,55.0,100.0,75.0,100.0,81.0,76.0,Guardian,supporter,A_governed,0,0.6,0,allow
65.0,57.0,55.0,100.0,75.0,100.0,81.0,76.0,Scholar,gentle,A_governed,0,0.6,0,allow
65.0,57.0,55.0,100.0,75.0,100.0,81.0,76.0,Healer,gentle,A_governed,0,0.6,0,allow
65.0,57.0,55.0,100.0,75.0,100.0,81.0,76.0,Trickster,challenger,A_governed,0,0.6,0,allow
65.0,57.0,55.0,100.0,75.0,100.0,81.0,76.0,Pioneer,explorer,A_governed,0,0.6,0,allow
58.0,60.0,50.0,100.0,75.0,100.0,78.0,68.0,Guardian,supporter,A_governed,0,0.6,0,allow
58.0,60.0,50.0,100.0,75.0,100.0,78.0,68.0,Scholar,gentle,A_governed,0,0.6,0,allow
58.0,60.0,50.0,100.0,75.0,100.0,78.0,68.0,Healer,gentle,A_governed,0,0.6,0,allow
58.0,60.0,50.0,100.0,75.0,100.0,78.0,68.0,Trickster,challenger,A_governed,0,0.6,0,allow
58.0,60.0,50.0,100.0,75.0,100.0,78.0,68.0,Pioneer,explorer,A_governed,0,0.6,0,allow
100.0,63.0,45.0,95.5,75.0,97.0,75.0,60.0,Guardian,supporter,A_governed,0,0.7,0,allow
100.0,63.0,45.0,95.5,75.0,97.0,75.0,60.0,Scholar,gentle,A_governed,0,0.7,0,allow
100.0,63.0,45.0,95.5,75.0,97.0,75.0,60.0,Healer,gentle,A_governed,0,0.7,0,allow
100.0,63.0,45.0,95.5,75.0,97.0,75.0,60.0,Trickster,challenger,A_governed,0,0.7,0,allow
100.0,63.0,45.0,95.5,75.0,97.0,75.0,60.0,Pioneer,explorer,A_governed,0,0.7,0,allow
93.0,59.0,80.0,91.0,75.0,94.0,72.0,52.0,Guardian,supporter,A_governed,0,0.9,0,allow
93.0,59.0,80.0,91.0,75.0,94.0,72.0,52.0,Scholar,gentle,A_governed,0,0.9,0,allow
93.0,59.0,80.0,91.0,75.0,94.0,72.0,52.0,Healer,gentle,A_governed,0,0.9,0,allow
93.0,59.0,80.0,91.0,75.0,94.0,72.0,52.0,Trickster,challenger,A_governed,0,0.9,0,allow
93.0,59.0,80.0,91.0,75.0,94.0,72.0,52.0,Pioneer,explorer,A_governed,0,0.9,0,allow
86.0,55.0,75.0,86.5,75.0,91.0,69.0,100.0,Guardian,supporter,A_governed,0,0.6,0,allow
86.0,55.0,75.0,86.5,75.0,91.0,69.0,100.0,Scholar,gentle,A_governed,0,0.6,0,allow
86.0,55.0,75.0,86.5,75.0,91.0,69.0,100.0,Healer,gentle,A_governed,0,0.6,0,allow
86.0,55.0,75.0,86.5,75.0,91.0,69.0,100.0,Trickster,challenger,A_governed,0,0.6,0,allow
86.0,55.0,75.0,86.5,75.0,91.0,69.0,100.0,Pioneer,explorer,A_governed,0,0.6,0,allow
79.0,45.0,70.0,82.0,75.0,88.0,66.0,92.0,Guardian,supporter,A_governed,0,0.85,0,allow
79.0,45.0,70.0,82.0,75.0,88.0,66.0,92.0,Scholar,gentle,A_governed,0,0.85,0,allow
79.0,45.0,70.0,82.0,75.0,88.0,66.0,92.0,Healer,gentle,A_governed,0,0.85,0,allow
79.0,45.0,70.0,82.0,75.0,88.0,66.0,92.0,Trickster,challenger,A_governed,0,0.85,0,allow
79.0,45.0,70.0,82.0,75.0,88.0,66.0,92.0,Pioneer,explorer,A_governed,0,0.85,0,allow
72.0,100.0,65.0,77.5,75.0,85.0,63.0,84.0,Guardian,supporter,A_governed,0,0.7,0,allow
72.0,100.0,65.0,77.5,75.0,85.0,63.0,84.0,Scholar,gentle,A_governed,0,0.7,0,allow
72.0,100.0,65.0,77.5,75.0,85.0,63.0,84.0,Healer,gentle,A_governed,0,0.7,0,allow
72.0,100.0,65.0,77.5,75.0,85.0,63.0,84.0,Trickster,challenger,A_governed,0,0.7,0,allow
72.0,100.0,65.0,77.5,75.0,85.0,63.0,84.0,Pioneer,explorer,A_governed,0,0.7,0,allow
65.0,90.0,60.0,73.0,75.0,82.0,60.0,76.0,Guardian,supporter,A_governed,0,0.85,0,allow
65.0,90.0,60.0,73.0,75.0,82.0,60.0,76.0,Scholar,gentle,A_governed,0,0.85,0,allow
65.0,90.0,60.0,73.0,75.0,82.0,60.0,76.0,Healer,gentle,A_governed,0,0.85,0,allow
65.0,90.0,60.0,73.0,75.0,82.0,60.0,76.0,Trickster,challenger,A_governed,0,0.85,0,allow
65.0,90.0,60.0,73.0,75.0,82.0,60.0,76.0,Pioneer,explorer,A_governed,0,0.85,0,allow
58.0,80.0,55.0,68.5,75.0,79.0,57.0,68.0,Guardian,supporter,A_governed,0,0.85,0,allow
58.0,80.0,55.0,68.5,75.0,79.0,57.0,68.0,Scholar,gentle,A_governed,0,0.85,0,allow
58.0,80.0,55.0,68.5,75.0,79.0,57.0,68.0,Healer,gentle,A_governed,0,0.85,0,allow
58.0,80.0,55.0,68.5,75.0,79.0,57.0,68.0,Trickster,challenger,A_governed,0,0.85,0,allow
58.0,80.0,55.0,68.5,75.0,79.0,57.0,68.0,Pioneer,explorer,A_governed,0,0.85,0,allow
100.0,76.0,50.0,64.0,75.0,76.0,54.0,60.0,Guardian,supporter,A_governed,0,0.7,0,allow
100.0,76.0,50.0,64.0,75.0,76.0,54.0,60.0,Scholar,gentle,A_governed,0,0.7,0,allow
100.0,76.0,50.0,64.0,75.0,76.0,54.0,60.0,Healer,gentle,A_governed,0,0.7,0,allow
100.0,76.0,50.0,64.0,75.0,76.0,54.0,60.0,Trickster,challenger,A_governed,0,0.7,0,allow
100.0,76.0,50.0,64.0,75.0,76.0,54.0,60.0,Pioneer,explorer,A_governed,0,0.7,0,allow
93.0,72.0,85.0,59.5,75.0,73.0,51.0,52.0,Guardian,supporter,A_governed,0,0.9,0,allow
93.0,72.0,85.0,59.5,75.0,73.0,51.0,52.0,Scholar,gentle,A_governed,0,0.9,0,allow
93.0,72.0,85.0,59.5,75.0,73.0,51.0,52.0,Healer,gentle,A_governed,0,0.9,0,allow
93.0,72.0,85.0,59.5,75.0,73.0,51.0,52.0,Trickster,challenger,A_governed,0,0.9,0,allow
93.0,72.0,85.0,59.5,75.0,73.0,51.0,52.0,Pioneer,explorer,A_governed,0,0.9,0,allow
86.0,68.0,80.0,55.0,75.0,70.0,48.0,100.0,Guardian,supporter,A_governed,0,0.6,0,allow
86.0,68.0,80.0,55.0,75.0,70.0,48.0,100.0,Scholar,gentle,A_governed,0,0.6,0,allow
86.0,68.0,80.0,55.0,75.0,70.0,48.0,100.0,Healer,gentle,A_governed,0,0.6,0,allow
86.0,68.0,80.0,55.0,75.0,70.0,48.0,100.0,Trickster,challenger,A_governed,0,0.6,0,allow
86.0,68.0,80.0,55.0,75.0,70.0,48.0,100.0,Pioneer,explorer,A_governed,0,0.6,0,allow
79.0,64.0,75.0,50.5,75.0,67.0,95.0,92.0,Guardian,supporter,A_governed,0,0.65,0,allow
79.0,64.0,75.0,50.5,75.0,67.0,95.0,92.0,Scholar,gentle,A_governed,0,0.65,0,allow
79.0,64.0,75.0,50.5,75.0,67.0,95.0,92.0,Healer,gentle,A_governed,0,0.65,0,allow
79.0,64.0,75.0,50.5,75.0,67.0,95.0,92.0,Trickster,challenger,A_governed,0,0.65,0,allow
79.0,64.0,75.0,50.5,75.0,67.0,95.0,92.0,Pioneer,explorer,A_governed,0,0.65,0,allow
72.0,60.0,70.0,81.0,75.0,94.0,92.0,84.0,Guardian,supporter,A_governed,0,0.6,0,allow
72.0,60.0,70.0,81.0,75.0,94.0,92.0,84.0,Scholar,gentle,A_governed,0,0.6,0,allow
72.0,60.0,70.0,81.0,75.0,94.0,92.0,84.0,Healer,gentle,A_governed,0,0.6,0,allow
72.0,60.0,70.0,81.0,75.0,94.0,92.0,84.0,Trickster,challenger,A_governed,0,0.6,0,allow
72.0,60.0,70.0,81.0,75.0,94.0,92.0,84.0,Pioneer,explorer,A_governed,0,0.6,0,allow
65.0,50.0,65.0,76.5,75.0,91.0,89.0,76.0,Guardian,supporter,A_governed,0,0.85,0,allow
65.0,50.0,65.0,76.5,75.0,91.0,89.0,76.0,Scholar,gentle,A_governed,0,0.85,0,allow
65.0,50.0,65.0,76.5,75.0,91.0,89.0,76.0,Healer,gentle,A_governed,0,0.85,0,allow
65.0,50.0,65.0,76.5,75.0,91.0,89.0,76.0,Trickster,challenger,A_governed,0,0.85,0,allow
65.0,50.0,65.0,76.5,75.0,91.0,89.0,76.0,Pioneer,explorer,A_governed,0,0.85,0,allow
58.0,100.0,60.0,72.0,75.0,88.0,86.0,68.0,Guardian,supporter,A_governed,0,0.7,0,allow
58.0,100.0,60.0,72.0,75.0,88.0,86.0,68.0,Scholar,gentle,A_governed,0,0.7,0,allow
58.0,100.0,60.0,72.0,75.0,88.0,86.0,68.0,Healer,gentle,A_governed,0,0.7,0,allow
58.0,100.0,60.0,72.0,75.0,88.0,86.0,68.0,Trickster,challenger,A_governed,0,0.7,0,allow
58.0,100.0,60.0,72.0,75.0,88.0,86.0,68.0,Pioneer,explorer,A_governed,0,0.7,0,allow
100.0,96.0,55.0,67.5,75.0,85.0,83.0,60.0,Guardian,supporter,A_governed,0,0.7,0,allow
100.0,96.0,55.0,67.5,75.0,85.0,83.0,60.0,Scholar,gentle,A_governed,0,0.7,0,allow
100.0,96.0,55.0,67.5,75.0,85.0,83.0,60.0,Healer,gentle,A_governed,0,0.7,0,allow
100.0,96.0,55.0,67.5,75.0,85.0,83.0,60.0,Trickster,challenger,A_governed,0,0.7,0,allow
100.0,96.0,55.0,67.5,75.0,85.0,83.0,60.0,Pioneer,explorer,A_governed,0,0.7,0,allow
93.0,92.0,50.0,98.0,75.0,100.0,80.0,52.0,Guardian,supporter,A_governed,0,0.6,0,allow
93.0,92.0,50.0,98.0,75.0,100.0,80.0,52.0,Scholar,gentle,A_governed,0,0.6,0,allow
93.0,92.0,50.0,98.0,75.0,100.0,80.0,52.0,Healer,gentle,A_governed,0,0.6,0,allow
93.0,92.0,50.0,98.0,75.0,100.0,80.0,52.0,Trickster,challenger,A_governed,0,0.6,0,allow
93.0,92.0,50.0,98.0,75.0,100.0,80.0,52.0,Pioneer,explorer,A_governed,0,0.6,0,allow
86.0,88.0,45.0,93.5,75.0,97.0,77.0,100.0,Guardian,supporter,A_governed,0,0.6,0,allow
86.0,88.0,45.0,93.5,75.0,97.0,77.0,100.0,Scholar,gentle,A_governed,0,0.6,0,allow
86.0,88.0,45.0,93.5,75.0,97.0,77.0,100.0,Healer,gentle,A_governed,0,0.6,0,allow
86.0,88.0,45.0,93.5,75.0,97.0,77.0,100.0,Trickster,challenger,A_governed,0,0.6,0,allow
86.0,88.0,45.0,93.5,75.0,97.0,77.0,100.0,Pioneer,explorer,A_governed,0,0.6,0,allow
79.0,84.0,80.0,89.0,75.0,94.0,74.0,92.0,Guardian,supporter,A_governed,0,0.9,0,allow
79.0,84.0,80.0,89.0,75.0,94.0,74.0,92.0,Scholar,gentle,A_governed,0,0.9,0,allow
79.0,84.0,80.0,89.0,75.0,94.0,74.0,92.0,Healer,gentle,A_governed,0,0.9,0,allow
79.0,84.0,80.0,89.0,75.0,94.0,74.0,92.0,Trickster,challenger,A_governed,0,0.9,0,allow
79.0,84.0,80.0,89.0,75.0,94.0,74.0,92.0,Pioneer,explorer,A_governed,0,0.9,0,allow
72.0,87.0,75.0,100.0,75.0,100.0,71.0,84.0,Guardian,supporter,A_governed,0,0.6,0,allow
72.0,87.0,75.0,100.0,75.0,100.0,71.0,84.0,Scholar,gentle,A_governed,0,0.6,0,allow
72.0,87.0,75.0,100.0,75.0,100.0,71.0,84.0,Healer,gentle,A_governed,0,0.6,0,allow
72.0,87.0,75.0,100.0,75.0,100.0,71.0,84.0,Trickster,challenger,A_governed,0,0.6,0,allow
72.0,87.0,75.0,100.0,75.0,100.0,71.0,84.0,Pioneer,explorer,A_governed,0,0.6,0,allow
65.0,90.0,70.0,100.0,75.0,100.0,68.0,76.0,Guardian,supporter,A_governed,1,0.6,0,allow
65.0,90.0,70.0,100.0,75.0,100.0,68.0,76.0,Scholar,gentle,A_governed,1,0.6,0,allow
65.0,90.0,70.0,100.0,75.0,100.0,68.0,76.0,Healer,gentle,A_governed,1,0.6,0,allow
65.0,90.0,70.0,100.0,75.0,100.0,68.0,76.0,Trickster,challenger,A_governed,1,0.6,0,allow
65.0,90.0,70.0,100.0,75.0,100.0,68.0,76.0,Pioneer,explorer,A_governed,1,0.6,0,allow
58.0,93.0,65.0,100.0,75.0,100.0,65.0,68.0,Guardian,supporter,A_governed,1,0.6,0,allow
58.0,93.0,65.0,100.0,75.0,100.0,65.0,68.0,Scholar,gentle,A_governed,1,0.6,0,allow
58.0,93.0,65.0,100.0,75.0,100.0,65.0,68.0,Healer,gentle,A_governed,1,0.6,0,allow
58.0,93.0,65.0,100.0,75.0,100.0,65.0,68.0,Trickster,challenger,A_governed,1,0.6,0,allow
58.0,93.0,65.0,100.0,75.0,100.0,65.0,68.0,Pioneer,explorer,A_governed,1,0.6,0,allow
100.0,96.0,60.0,95.5,75.0,97.0,62.0,60.0,Guardian,supporter,A_governed,1,0.7,0,allow
100.0,96.0,60.0,95.5,75.0,97.0,62.0,60.0,Scholar,gentle,A_governed,1,0.7,0,allow
100.0,96.0,60.0,95.5,75.0,97.0,62.0,60.0,Healer,gentle,A_governed,1,0.7,0,allow
100.0,96.0,60.0,95.5,75.0,97.0,62.0,60.0,Trickster,challenger,A_governed,1,0.7,0,allow
100.0,96.0,60.0,95.5,75.0,97.0,62.0,60.0,Pioneer,explorer,A_governed,1,0.7,0,allow
93.0,99.0,55.0,100.0,75.0,100.0,59.0,52.0,Guardian,supporter,A_governed,1,0.6,0,allow
93.0,99.0,55.0,100.0,75.0,100.0,59.0,52.0,Scholar,gentle,A_governed,1,0.6,0,allow
93.0,99.0,55.0,100.0,75.0,100.0,59.0,52.0,Healer,gentle,A_governed,1,0.6,0,allow
93.0,99.0,55.0,100.0,75.0,100.0,59.0,52.0,Trickster,challenger,A_governed,1,0.6,0,allow
93.0,99.0,55.0,100.0,75.0,100.0,59.0,52.0,Pioneer,explorer,A_governed,1,0.6,0,allow
86.0,100.0,50.0,95.5,75.0,97.0,56.0,100.0,Guardian,supporter,A_governed,1,0.6,0,allow
86.0,100.0,50.0,95.5,75.0,97.0,56.0,100.0,Scholar,gentle,A_governed,1,0.6,0,allow
86.0,100.0,50.0,95.5,75.0,97.0,56.0,100.0,Healer,gentle,A_governed,1,0.6,0,allow
86.0,100.0,50.0,95.5,75.0,97.0,56.0,100.0,Trickster,challenger,A_governed,1,0.6,0,allow
86.0,100.0,50.0,95.5,75.0,97.0,56.0,100.0,Pioneer,explorer,A_governed,1,0.6,0,allow
79.0,100.0,85.0,91.0,75.0,94.0,53.0,92.0,Guardian,supporter,A_governed,1,0.9,0,allow
79.0,100.0,85.0,91.0,75.0,94.0,53.0,92.0,Scholar,gentle,A_governed,1,0.9,0,allow
79.0,100.0,85.0,91.0,75.0,94.0,53.0,92.0,Healer,gentle,A_governed,1,0.9,0,allow
79.0,100.0,85.0,91.0,75.0,94.0,53.0,92.0,Trickster,challenger,A_governed,1,0.9,0,allow
79.0,100.0,85.0,91.0,75.0,94.0,53.0,92.0,Pioneer,explorer,A_governed,1,0.9,0,allow
72.0,96.0,80.0,100.0,75.0,100.0,50.0,84.0,Guardian,supporter,A_governed,1,0.6,0,allow
72.0,96.0,80.0,100.0,75.0,100.0,50.0,84.0,Scholar,gentle,A_governed,1,0.6,0,allow
72.0,96.0,80.0,100.0,75.0,100.0,50.0,84.0,Healer,gentle,A_governed,1,0.6,0,allow
72.0,96.0,80.0,100.0,75.0,100.0,50.0,84.0,Trickster,challenger,A_governed,1,0.6,0,allow
72.0,96.0,80.0,100.0,75.0,100.0,50.0,84.0,Pioneer,explorer,A_governed,1,0.6,0,allow
65.0,92.0,75.0,95.5,75.0,97.0,97.0,76.0,Guardian,supporter,A_governed,1,0.65,0,allow
65.0,92.0,75.0,95.5,75.0,97.0,97.0,76.0,Scholar,gentle,A_governed,1,0.65,0,allow
65.0,92.0,75.0,95.5,75.0,97.0,97.0,76.0,Healer,gentle,A_governed,1,0.65,0,allow
65.0,92.0,75.0,95.5,75.0,97.0,97.0,76.0,Trickster,challenger,A_governed,1,0.65,0,allow
65.0,92.0,75.0,95.5,75.0,97.0,97.0,76.0,Pioneer,explorer,A_governed,1,0.65,0,allow
58.0,82.0,70.0,91.0,75.0,94.0,94.0,68.0,Guardian,supporter,A_governed,1,0.85,0,allow
58.0,82.0,70.0,91.0,75.0,94.0,94.0,68.0,Scholar,gentle,A_governed,1,0.85,0,allow
58.0,82.0,70.0,91.0,75.0,94.0,94.0,68.0,Healer,gentle,A_governed,1,0.85,0,allow
58.0,82.0,70.0,91.0,75.0,94.0,94.0,68.0,Trickster,challenger,A_governed,1,0.85,0,allow
58.0,82.0,70.0,91.0,75.0,94.0,94.0,68.0,Pioneer,explorer,A_governed,1,0.85,0,allow
100.0,78.0,65.0,86.5,75.0,91.0,91.0,60.0,Guardian,supporter,A_governed,1,0.7,0,allow
100.0,78.0,65.0,86.5,75.0,91.0,91.0,60.0,Scholar,gentle,A_governed,1,0.7,0,allow
100.0,78.0,65.0,86.5,75.0,91.0,91.0,60.0,Healer,gentle,A_governed,1,0.7,0,allow
100.0,78.0,65.0,86.5,75.0,91.0,91.0,60.0,Trickster,challenger,A_governed,1,0.7,0,allow
100.0,78.0,65.0,86.5,75.0,91.0,91.0,60.0,Pioneer,explorer,A_governed,1,0.7,0,allow
93.0,68.0,60.0,82.0,75.0,88.0,88.0,52.0,Guardian,supporter,A_governed,1,0.85,0,allow
93.0,68.0,60.0,82.0,75.0,88.0,88.0,52.0,Scholar,gentle,A_governed,1,0.85,0,allow
93.0,68.0,60.0,82.0,75.0,88.0,88.0,52.0,Healer,gentle,A_governed,1,0.85,0,allow
93.0,68.0,60.0,82.0,75.0,88.0,88.0,52.0,Trickster,challenger,A_governed,1,0.85,0,allow
93.0,68.0,60.0,82.0,75.0,88.0,88.0,52.0,Pioneer,explorer,A_governed,1,0.85,0,allow
86.0,64.0,55.0,77.5,75.0,85.0,85.0,100.0,Guardian,supporter,A_governed,1,0.6,0,allow
86.0,64.0,55.0,77.5,75.0,85.0,85.0,100.0,Scholar,gentle,A_governed,1,0.6,0,allow
86.0,64.0,55.0,77.5,75.0,85.0,85.0,100.0,Healer,gentle,A_governed,1,0.6,0,allow
86.0,64.0,55.0,77.5,75.0,85.0,85.0,100.0,Trickster,challenger,A_governed,1,0.6,0,allow
86.0,64.0,55.0,77.5,75.0,85.0,85.0,100.0,Pioneer,explorer,A_governed,1,0.6,0,allow
79.0,54.0,50.0,73.0,75.0,82.0,82.0,92.0,Guardian,supporter,A_governed,1,0.85,0,allow
79.0,54.0,50.0,73.0,75.0,82.0,82.0,92.0,Scholar,gentle,A_governed,1,0.85,0,allow
79.0,54.0,50.0,73.0,75.0,82.0,82.0,92.0,Healer,gentle,A_governed,1,0.85,0,allow
79.0,54.0,50.0,73.0,75.0,82.0,82.0,92.0,Trickster,challenger,A_governed,1,0.85,0,allow
79.0,54.0,50.0,73.0,75.0,82.0,82.0,92.0,Pioneer,explorer,A_governed,1,0.85,0,allow
72.0,50.0,85.0,68.5,75.0,79.0,79.0,84.0,Guardian,supporter,A_governed,1,0.9,0,allow
72.0,50.0,85.0,68.5,75.0,79.0,79.0,84.0,Scholar,gentle,A_governed,1,0.9,0,allow
72.0,50.0,85.0,68.5,75.0,79.0,79.0,84.0,Healer,gentle,A_governed,1,0.9,0,allow
72.0,50.0,85.0,68.5,75.0,79.0,79.0,84.0,Trickster,challenger,A_governed,1,0.9,0,allow
72.0,50.0,85.0,68.5,75.0,79.0,79.0,84.0,Pioneer,explorer,A_governed,1,0.9,0,allow
65.0,100.0,80.0,64.0,75.0,76.0,76.0,76.0,Guardian,supporter,A_governed,1,0.7,0,allow
65.0,100.0,80.0,64.0,75.0,76.0,76.0,76.0,Scholar,gentle,A_governed,1,0.7,0,allow
65.0,100.0,80.0,64.0,75.0,76.0,76.0,76.0,Healer,gentle,A_governed,1,0.7,0,allow
65.0,100.0,80.0,64.0,75.0,76.0,76.0,76.0,Trickster,challenger,A_governed,1,0.7,0,allow
65.0,100.0,80.0,64.0,75.0,76.0,76.0,76.0,Pioneer,explorer,A_governed,1,0.7,0,allow
58.0,90.0,75.0,59.5,75.0,73.0,73.0,68.0,Guardian,supporter,A_governed,1,0.85,0,allow
58.0,90.0,75.0,59.5,75.0,73.0,73.0,68.0,Scholar,gentle,A_governed,1,0.85,0,allow
58.0,90.0,75.0,59.5,75.0,73.0,73.0,68.0,Healer,gentle,A_governed,1,0.85,0,allow
58.0,90.0,75.0,59.5,75.0,73.0,73.0,68.0,Trickster,challenger,A_governed,1,0.85,0,allow
58.0,90.0,75.0,59.5,75.0,73.0,73.0,68.0,Pioneer,explorer,A_governed,1,0.85,0,allow
100.0,86.0,70.0,55.0,75.0,70.0,70.0,60.0,Guardian,supporter,A_governed,1,0.7,0,allow
100.0,86.0,70.0,55.0,75.0,70.0,70.0,60.0,Scholar,gentle,A_governed,1,0.7,0,allow
100.0,86.0,70.0,55.0,75.0,70.0,70.0,60.0,Healer,gentle,A_governed,1,0.7,0,allow
100.0,86.0,70.0,55.0,75.0,70.0,70.0,60.0,Trickster,challenger,A_governed,1,0.7,0,allow
100.0,86.0,70.0,55.0,75.0,70.0,70.0,60.0,Pioneer,explorer,A_governed,1,0.7,0,allow
93.0,76.0,65.0,50.5,75.0,67.0,67.0,52.0,Guardian,supporter,A_governed,1,0.85,0,allow
93.0,76.0,65.0,50.5,75.0,67.0,67.0,52.0,Scholar,gentle,A_governed,1,0.85,0,allow
93.0,76.0,65.0,50.5,75.0,67.0,67.0,52.0,Healer,gentle,A_governed,1,0.85,0,allow
93.0,76.0,65.0,50.5,75.0,67.0,67.0,52.0,Trickster,challenger,A_governed,1,0.85,0,allow
93.0,76.0,65.0,50.5,75.0,67.0,67.0,52.0,Pioneer,explorer,A_governed,1,0.85,0,allow
86.0,72.0,60.0,46.0,75.0,64.0,64.0,100.0,Guardian,supporter,A_governed,1,0.6,0,allow
86.0,72.0,60.0,46.0,75.0,64.0,64.0,100.0,Scholar,gentle,A_governed,1,0.6,0,allow
86.0,72.0,60.0,46.0,75.0,64.0,64.0,100.0,Healer,gentle,A_governed,1,0.6,0,allow
86.0,72.0,60.0,46.0,75.0,64.0,64.0,100.0,Trickster,challenger,A_governed,1,0.6,0,allow
86.0,72.0,60.0,46.0,75.0,64.0,64.0,100.0,Pioneer,explorer,A_governed,1,0.6,0,allow
79.0,68.0,55.0,76.5,75.0,91.0,61.0,92.0,Guardian,supporter,A_governed,1,0.6,0,allow
79.0,68.0,55.0,76.5,75.0,91.0,61.0,92.0,Scholar,gentle,A_governed,1,0.6,0,allow
79.0,68.0,55.0,76.5,75.0,91.0,61.0,92.0,Healer,gentle,A_governed,1,0.6,0,allow
79.0,68.0,55.0,76.5,75.0,91.0,61.0,92.0,Trickster,challenger,A_governed,1,0.6,0,allow
79.0,68.0,55.0,76.5,75.0,91.0,61.0,92.0,Pioneer,explorer,A_governed,1,0.6,0,allow
72.0,64.0,50.0,100.0,75.0,100.0,58.0,84.0,Guardian,supporter,A_governed,1,0.6,0,allow
72.0,64.0,50.0,100.0,75.0,100.0,58.0,84.0,Scholar,gentle,A_governed,1,0.6,0,allow
72.0,64.0,50.0,100.0,75.0,100.0,58.0,84.0,Healer,gentle,A_governed,1,0.6,0,allow
72.0,64.0,50.0,100.0,75.0,100.0,58.0,84.0,Trickster,challenger,A_governed,1,0.6,0,allow
72.0,64.0,50.0,100.0,75.0,100.0,58.0,84.0,Pioneer,explorer,A_governed,1,0.6,0,allow
65.0,60.0,85.0,95.5,75.0,97.0,55.0,76.0,Guardian,supporter,A_governed,1,0.9,0,allow
65.0,60.0,85.0,95.5,75.0,97.0,55.0,76.0,Scholar,gentle,A_governed,1,0.9,0,allow
65.0,60.0,85.0,95.5,75.0,97.0,55.0,76.0,Healer,gentle,A_governed,1,0.9,0,allow
65.0,60.0,85.0,95.5,75.0,97.0,55.0,76.0,Trickster,challenger,A_governed,1,0.9,0,allow
65.0,60.0,85.0,95.5,75.0,97.0,55.0,76.0,Pioneer,explorer,A_governed,1,0.9,0,allow
58.0,56.0,80.0,100.0,75.0,100.0,52.0,68.0,Guardian,supporter,A_governed,1,0.6,0,allow
58.0,56.0,80.0,100.0,75.0,100.0,52.0,68.0,Scholar,gentle,A_governed,1,0.6,0,allow
58.0,56.0,80.0,100.0,75.0,100.0,52.0,68.0,Healer,gentle,A_governed,1,0.6,0,allow
58.0,56.0,80.0,100.0,75.0,100.0,52.0,68.0,Trickster,challenger,A_governed,1,0.6,0,allow
58.0,56.0,80.0,100.0,75.0,100.0,52.0,68.0,Pioneer,explorer,A_governed,1,0.6,0,allow
100.0,59.0,75.0,95.5,75.0,97.0,49.0,60.0,Guardian,supporter,A_governed,1,0.7,0,allow
100.0,59.0,75.0,95.5,75.0,97.0,49.0,60.0,Scholar,gentle,A_governed,1,0.7,0,allow
100.0,59.0,75.0,95.5,75.0,97.0,49.0,60.0,Healer,gentle,A_governed,1,0.7,0,allow
100.0,59.0,75.0,95.5,75.0,97.0,49.0,60.0,Trickster,challenger,A_governed,1,0.7,0,allow
100.0,59.0,75.0,95.5,75.0,97.0,49.0,60.0,Pioneer,explorer,A_governed,1,0.7,0,allow
93.0,62.0,70.0,91.0,75.0,94.0,96.0,52.0,Guardian,supporter,A_governed,1,0.65,0,allow
93.0,62.0,70.0,91.0,75.0,94.0,96.0,52.0,Scholar,gentle,A_governed,1,0.65,0,allow
93.0,62.0,70.0,91.0,75.0,94.0,96.0,52.0,Healer,gentle,A_governed,1,0.65,0,allow
93.0,62.0,70.0,91.0,75.0,94.0,96.0,52.0,Trickster,challenger,A_governed,1,0.65,0,allow
93.0,62.0,70.0,91.0,75.0,94.0,96.0,52.0,Pioneer,explorer,A_governed,1,0.65,0,allow
86.0,65.0,65.0,86.5,75.0,91.0,93.0,100.0,Guardian,supporter,A_governed,1,0.6,0,allow
86.0,65.0,65.0,86.5,75.0,91.0,93.0,100.0,Scholar,gentle,A_governed,1,0.6,0,allow
86.0,65.0,65.0,86.5,75.0,91.0,93.0,100.0,Healer,gentle,A_governed,1,0.6,0,allow
86.0,65.0,65.0,86.5,75.0,91.0,93.0,100.0,Trickster,challenger,A_governed,1,0.6,0,allow
86.0,65.0,65.0,86.5,75.0,91.0,93.0,100.0,Pioneer,explorer,A_governed,1,0.6,0,allow
79.0,68.0,60.0,100.0,75.0,100.0,90.0,92.0,Guardian,supporter,A_governed,1,0.6,0,allow
79.0,68.0,60.0,100.0,75.0,100.0,90.0,92.0,Scholar,gentle,A_governed,1,0.6,0,allow
79.0,68.0,60.0,100.0,75.0,100.0,90.0,92.0,Healer,gentle,A_governed,1,0.6,0,allow
79.0,68.0,60.0,100.0,75.0,100.0,90.0,92.0,Trickster,challenger,A_governed,1,0.6,0,allow
79.0,68.0,60.0,100.0,75.0,100.0,90.0,92.0,Pioneer,explorer,A_governed,1,0.6,0,allow
72.0,71.0,55.0,100.0,75.0,100.0,87.0,84.0,Guardian,supporter,A_governed,1,0.6,0,allow
72.0,71.0,55.0,100.0,75.0,100.0,87.0,84.0,Scholar,gentle,A_governed,1,0.6,0,allow
72.0,71.0,55.0,100.0,75.0,100.0,87.0,84.0,Healer,gentle,A_governed,1,0.6,0,allow
72.0,71.0,55.0,100.0,75.0,100.0,87.0,84.0,Trickster,challenger,A_governed,1,0.6,0,allow
72.0,71.0,55.0,100.0,75.0,100.0,87.0,84.0,Pioneer,explorer,A_governed,1,0.6,0,allow
65.0,74.0,50.0,100.0,75.0,100.0,84.0,76.0,Guardian,supporter,A_governed,1,0.6,0,allow
65.0,74.0,50.0,100.0,75.0,100.0,84.0,76.0,Scholar,gentle,A_governed,1,0.6,0,allow
65.0,74.0,50.0,100.0,75.0,100.0,84.0,76.0,Healer,gentle,A_governed,1,0.6,0,allow
65.0,74.0,50.0,100.0,75.0,100.0,84.0,76.0,Trickster,challenger,A_governed,1,0.6,0,allow
65.0,74.0,50.0,100.0,75.0,100.0,84.0,76.0,Pioneer,explorer,A_governed,1,0.6,0,allow
58.0,77.0,85.0,95.5,75.0,97.0,81.0,68.0,Guardian,supporter,A_governed,1,0.9,0,allow
58.0,77.0,85.0,95.5,75.0,97.0,81.0,68.0,Scholar,gentle,A_governed,1,0.9,0,allow
58.0,77.0,85.0,95.5,75.0,97.0,81.0,68.0,Healer,gentle,A_governed,1,0.9,0,allow
58.0,77.0,85.0,95.5,75.0,97.0,81.0,68.0,Trickster,challenger,A_governed,1,0.9,0,allow
58.0,77.0,85.0,95.5,75.0,97.0,81.0,68.0,Pioneer,explorer,A_governed,1,0.9,0,allow
100.0,73.0,80.0,91.0,75.0,94.0,78.0,60.0,Guardian,supporter,A_governed,1,0.7,0,allow
100.0,73.0,80.0,91.0,75.0,94.0,78.0,60.0,Scholar,gentle,A_governed,1,0.7,0,allow
100.0,73.0,80.0,91.0,75.0,94.0,78.0,60.0,Healer,gentle,A_governed,1,0.7,0,allow
100.0,73.0,80.0,91.0,75.0,94.0,78.0,60.0,Trickster,challenger,A_governed,1,0.7,0,allow
100.0,73.0,80.0,91.0,75.0,94.0,78.0,60.0,Pioneer,explorer,A_governed,1,0.7,0,allow
93.0,69.0,75.0,100.0,75.0,100.0,75.0,52.0,Guardian,supporter,A_governed,1,0.6,0,allow
93.0,69.0,75.0,100.0,75.0,100.0,75.0,52.0,Scholar,gentle,A_governed,1,0.6,0,allow
93.0,69.0,75.0,100.0,75.0,100.0,75.0,52.0,Healer,gentle,A_governed,1,0.6,0,allow
93.0,69.0,75.0,100.0,75.0,100.0,75.0,52.0,Trickster,challenger,A_governed,1,0.6,0,allow
93.0,69.0,75.0,100.0,75.0,100.0,75.0,52.0,Pioneer,explorer,A_governed,1,0.6,0,allow
86.0,65.0,70.0,95.5,75.0,97.0,72.0,100.0,Guardian,supporter,A_governed,1,0.6,0,allow
86.0,65.0,70.0,95.5,75.0,97.0,72.0,100.0,Scholar,gentle,A_governed,1,0.6,0,allow
86.0,65.0,70.0,95.5,75.0,97.0,72.0,100.0,Healer,gentle,A_governed,1,0.6,0,allow
86.0,65.0,70.0,95.5,75.0,97.0,72.0,100.0,Trickster,challenger,A_governed,1,0.6,0,allow
86.0,65.0,70.0,95.5,75.0,97.0,72.0,100.0,Pioneer,explorer,A_governed,1,0.6,0,allow
79.0,55.0,65.0,91.0,75.0,94.0,69.0,92.0,Guardian,supporter,A_governed,1,0.85,0,allow
79.0,55.0,65.0,91.0,75.0,94.0,69.0,92.0,Scholar,gentle,A_governed,1,0.85,0,allow
79.0,55.0,65.0,91.0,75.0,94.0,69.0,92.0,Healer,gentle,A_governed,1,0.85,0,allow
79.0,55.0,65.0,91.0,75.0,94.0,69.0,92.0,Trickster,challenger,A_governed,1,0.85,0,allow
79.0,55.0,65.0,91.0,75.0,94.0,69.0,92.0,Pioneer,explorer,A_governed,1,0.85,0,allow
72.0,45.0,60.0,86.5,75.0,91.0,66.0,84.0,Guardian,supporter,A_governed,1,0.85,0,allow
72.0,45.0,60.0,86.5,75.0,91.0,66.0,84.0,Scholar,gentle,A_governed,1,0.85,0,allow
72.0,45.0,60.0,86.5,75.0,91.0,66.0,84.0,Healer,gentle,A_governed,1,0.85,0,allow
72.0,45.0,60.0,86.5,75.0,91.0,66.0,84.0,Trickster,challenger,A_governed,1,0.85,0,allow
72.0,45.0,60.0,86.5,75.0,91.0,66.0,84.0,Pioneer,explorer,A_governed,1,0.85,0,allow
65.0,100.0,55.0,82.0,75.0,88.0,63.0,76.0,Guardian,supporter,A_governed,1,0.7,0,allow
65.0,100.0,55.0,82.0,75.0,88.0,63.0,76.0,Scholar,gentle,A_governed,1,0.7,0,allow
65.0,100.0,55.0,82.0,75.0,88.0,63.0,76.0,Healer,gentle,A_governed,1,0.7,0,allow
65.0,100.0,55.0,82.0,75.0,88.0,63.0,76.0,Trickster,challenger,A_governed,1,0.7,0,allow
65.0,100.0,55.0,82.0,75.0,88.0,63.0,76.0,Pioneer,explorer,A_governed,1,0.7,0,allow
58.0,90.0,50.0,77.5,75.0,85.0,60.0,68.0,Guardian,supporter,A_governed,1,0.85,0,allow
58.0,90.0,50.0,77.5,75.0,85.0,60.0,68.0,Scholar,gentle,A_governed,1,0.85,0,allow
58.0,90.0,50.0,77.5,75.0,85.0,60.0,68.0,Healer,gentle,A_governed,1,0.85,0,allow
58.0,90.0,50.0,77.5,75.0,85.0,60.0,68.0,Trickster,challenger,A_governed,1,0.85,0,allow
58.0,90.0,50.0,77.5,75.0,85.0,60.0,68.0,Pioneer,explorer,A_governed,1,0.85,0,allow
100.0,86.0,45.0,73.0,75.0,82.0,57.0,60.0,Guardian,supporter,A_governed,1,0.7,0,allow
100.0,86.0,45.0,73.0,75.0,82.0,57.0,60.0,Scholar,gentle,A_governed,1,0.7,0,allow
100.0,86.0,45.0,73.0,75.0,82.0,57.0,60.0,Healer,gentle,A_governed,1,0.7,0,allow
100.0,86.0,45.0,73.0,75.0,82.0,57.0,60.0,Trickster,challenger,A_governed,1,0.7,0,allow
100.0,86.0,45.0,73.0,75.0,82.0,57.0,60.0,Pioneer,explorer,A_governed,1,0.7,0,allow
93.0,82.0,80.0,68.5,75.0,79.0,54.0,52.0,Guardian,supporter,A_governed,1,0.9,0,allow
93.0,82.0,80.0,68.5,75.0,79.0,54.0,52.0,Scholar,gentle,A_governed,1,0.9,0,allow
93.0,82.0,80.0,68.5,75.0,79.0,54.0,52.0,Healer,gentle,A_governed,1,0.9,0,allow
93.0,82.0,80.0,68.5,75.0,79.0,54.0,52.0,Trickster,challenger,A_governed,1,0.9,0,allow
93.0,82.0,80.0,68.5,75.0,79.0,54.0,52.0,Pioneer,explorer,A_governed,1,0.9,0,allow
86.0,78.0,75.0,64.0,75.0,76.0,51.0,100.0,Guardian,supporter,A_governed,1,0.6,0,allow
86.0,78.0,75.0,64.0,75.0,76.0,51.0,100.0,Scholar,gentle,A_governed,1,0.6,0,allow
86.0,78.0,75.0,64.0,75.0,76.0,51.0,100.0,Healer,gentle,A_governed,1,0.6,0,allow
86.0,78.0,75.0,64.0,75.0,76.0,51.0,100.0,Trickster,challenger,A_governed,1,0.6,0,allow
86.0,78.0,75.0,64.0,75.0,76.0,51.0,100.0,Pioneer,explorer,A_governed,1,0.6,0,allow
79.0,74.0,70.0,59.5,75.0,73.0,98.0,92.0,Guardian,supporter,A_governed,1,0.65,0,allow
79.0,74.0,70.0,59.5,75.0,73.0,98.0,92.0,Scholar,gentle,A_governed,1,0.65,0,allow
79.0,74.0,70.0,59.5,75.0,73.0,98.0,92.0,Healer,gentle,A_governed,1,0.65,0,allow
79.0,74.0,70.0,59.5,75.0,73.0,98.0,92.0,Trickster,challenger,A_governed,1,0.65,0,allow
79.0,74.0,70.0,59.5,75.0,73.0,98.0,92.0,Pioneer,explorer,A_governed,1,0.65,0,allow
72.0,64.0,65.0,55.0,75.0,70.0,95.0,84.0,Guardian,supporter,A_governed,1,0.85,0,allow
72.0,64.0,65.0,55.0,75.0,70.0,95.0,84.0,Scholar,gentle,A_governed,1,0.85,0,allow
72.0,64.0,65.0,55.0,75.0,70.0,95.0,84.0,Healer,gentle,A_governed,1,0.85,0,allow
72.0,64.0,65.0,55.0,75.0,70.0,95.0,84.0,Trickster,challenger,A_governed,1,0.85,0,allow
72.0,64.0,65.0,55.0,75.0,70.0,95.0,84.0,Pioneer,explorer,A_governed,1,0.85,0,allow
65.0,54.0,60.0,50.5,75.0,67.0,92.0,76.0,Guardian,supporter,A_governed,1,0.85,0,allow
65.0,54.0,60.0,50.5,75.0,67.0,92.0,76.0,Scholar,gentle,A_governed,1,0.85,0,allow
65.0,54.0,60.0,50.5,75.0,67.0,92.0,76.0,Healer,gentle,A_governed,1,0.85,0,allow
65.0,54.0,60.0,50.5,75.0,67.0,92.0,76.0,Trickster,challenger,A_governed,1,0.85,0,allow
65.0,54.0,60.0,50.5,75.0,67.0,92.0,76.0,Pioneer,explorer,A_governed,1,0.85,0,allow
58.0,50.0,55.0,81.0,75.0,94.0,89.0,68.0,Guardian,supporter,A_governed,1,0.6,0,allow
58.0,50.0,55.0,81.0,75.0,94.0,89.0,68.0,Scholar,gentle,A_governed,1,0.6,0,allow
58.0,50.0,55.0,81.0,75.0,94.0,89.0,68.0,Healer,gentle,A_governed,1,0.6,0,allow
58.0,50.0,55.0,81.0,75.0,94.0,89.0,68.0,Trickster,challenger,A_governed,1,0.6,0,allow
58.0,50.0,55.0,81.0,75.0,94.0,89.0,68.0,Pioneer,explorer,A_governed,1,0.6,0,allow
100.0,46.0,50.0,76.5,75.0,91.0,86.0,60.0,Guardian,supporter,A_governed,1,0.7,0,allow
100.0,46.0,50.0,76.5,75.0,91.0,86.0,60.0,Scholar,gentle,A_governed,1,0.7,0,allow
100.0,46.0,50.0,76.5,75.0,91.0,86.0,60.0,Healer,gentle,A_governed,1,0.7,0,allow
100.0,46.0,50.0,76.5,75.0,91.0,86.0,60.0,Trickster,challenger,A_governed,1,0.7,0,allow
100.0,46.0,50.0,76.5,75.0,91.0,86.0,60.0,Pioneer,explorer,A_governed,1,0.7,0,allow
93.0,100.0,45.0,72.0,75.0,88.0,83.0,52.0,Guardian,supporter,A_governed,1,0.7,0,allow
93.0,100.0,45.0,72.0,75.0,88.0,83.0,52.0,Scholar,gentle,A_governed,1,0.7,0,allow
93.0,100.0,45.0,72.0,75.0,88.0,83.0,52.0,Healer,gentle,A_governed,1,0.7,0,allow
93.0,100.0,45.0,72.0,75.0,88.0,83.0,52.0,Trickster,challenger,A_governed,1,0.7,0,allow
93.0,100.0,45.0,72.0,75.0,88.0,83.0,52.0,Pioneer,explorer,A_governed,1,0.7,0,allow
86.0,96.0,80.0,67.5,75.0,85.0,80.0,44.0,Guardian,supporter,A_governed,1,0.9,0,allow
86.0,96.0,80.0,67.5,75.0,85.0,80.0,44.0,Scholar,gentle,A_governed,1,0.9,0,allow
86.0,96.0,80.0,67.5,75.0,85.0,80.0,44.0,Healer,gentle,A_governed,1,0.9,0,allow
86.0,96.0,80.0,67.5,75.0,85.0,80.0,44.0,Trickster,challenger,A_governed,1,0.9,0,allow
86.0,96.0,80.0,67.5,75.0,85.0,80.0,44.0,Pioneer,explorer,A_governed,1,0.9,0,allow
79.0,99.0,75.0,63.0,75.0,82.0,77.0,100.0,Guardian,supporter,A_governed,1,0.6,0,allow
79.0,99.0,75.0,63.0,75.0,82.0,77.0,100.0,Scholar,gentle,A_governed,1,0.6,0,allow
79.0,99.0,75.0,63.0,75.0,82.0,77.0,100.0,Healer,gentle,A_governed,1,0.6,0,allow
79.0,99.0,75.0,63.0,75.0,82.0,77.0,100.0,Trickster,challenger,A_governed,1,0.6,0,allow
79.0,99.0,75.0,63.0,75.0,82.0,77.0,100.0,Pioneer,explorer,A_governed,1,0.6,0,allow
72.0,100.0,70.0,93.5,75.0,100.0,74.0,92.0,Guardian,supporter,A_governed,1,0.6,0,allow
72.0,100.0,70.0,93.5,75.0,100.0,74.0,92.0,Scholar,gentle,A_governed,1,0.6,0,allow
72.0,100.0,70.0,93.5,75.0,100.0,74.0,92.0,Healer,gentle,A_governed,1,0.6,0,allow
72.0,100.0,70.0,93.5,75.0,100.0,74.0,92.0,Trickster,challenger,A_governed,1,0.6,0,allow
72.0,100.0,70.0,93.5,75.0,100.0,74.0,92.0,Pioneer,explorer,A_governed,1,0.6,0,allow
65.0,100.0,65.0,100.0,75.0,100.0,71.0,84.0,Guardian,supporter,A_governed,1,0.6,0,allow
65.0,100.0,65.0,100.0,75.0,100.0,71.0,84.0,Scholar,gentle,A_governed,1,0.6,0,allow
65.0,100.0,65.0,100.0,75.0,100.0,71.0,84.0,Healer,gentle,A_governed,1,0.6,0,allow
65.0,100.0,65.0,100.0,75.0,100.0,71.0,84.0,Trickster,challenger,A_governed,1,0.6,0,allow
65.0,100.0,65.0,100.0,75.0,100.0,71.0,84.0,Pioneer,explorer,A_governed,1,0.6,0,allow
58.0,100.0,60.0,100.0,75.0,100.0,68.0,76.0,Guardian,supporter,A_governed,1,0.6,0,allow
58.0,100.0,60.0,100.0,75.0,100.0,68.0,76.0,Scholar,gentle,A_governed,1,0.6,0,allow
58.0,100.0,60.0,100.0,75.0,100.0,68.0,76.0,Healer,gentle,A_governed,1,0.6,0,allow
58.0,100.0,60.0,100.0,75.0,100.0,68.0,76.0,Trickster,challenger,A_governed,1,0.6,0,allow
58.0,100.0,60.0,100.0,75.0,100.0,68.0,76.0,Pioneer,explorer,A_governed,1,0.6,0,allow
100.0,100.0,55.0,95.5,75.0,97.0,65.0,68.0,Guardian,supporter,A_governed,1,0.7,0,allow
100.0,100.0,55.0,95.5,75.0,97.0,65.0,68.0,Scholar,gentle,A_governed,1,0.7,0,allow
100.0,100.0,55.0,95.5,75.0,97.0,65.0,68.0,Healer,gentle,A_governed,1,0.7,0,allow
100.0,100.0,55.0,95.5,75.0,97.0,65.0,68.0,Trickster,challenger,A_governed,1,0.7,0,allow
100.0,100.0,55.0,95.5,75.0,97.0,65.0,68.0,Pioneer,explorer,A_governed,1,0.7,0,allow
93.0,100.0,50.0,100.0,75.0,100.0,62.0,60.0,Guardian,supporter,A_governed,1,0.6,0,allow
93.0,100.0,50.0,100.0,75.0,100.0,62.0,60.0,Scholar,gentle,A_governed,1,0.6,0,allow
93.0,100.0,50.0,100.0,75.0,100.0,62.0,60.0,Healer,gentle,A_governed,1,0.6,0,allow
93.0,100.0,50.0,100.0,75.0,100.0,62.0,60.0,Trickster,challenger,A_governed,1,0.6,0,allow
93.0,100.0,50.0,100.0,75.0,100.0,62.0,60.0,Pioneer,explorer,A_governed,1,0.6,0,allow
86.0,100.0,85.0,95.5,75.0,97.0,59.0,52.0,Guardian,supporter,A_governed,1,0.9,0,allow
86.0,100.0,85.0,95.5,75.0,97.0,59.0,52.0,Scholar,gentle,A_governed,1,0.9,0,allow
86.0,100.0,85.0,95.5,75.0,97.0,59.0,52.0,Healer,gentle,A_governed,1,0.9,0,allow
86.0,100.0,85.0,95.5,75.0,97.0,59.0,52.0,Trickster,challenger,A_governed,1,0.9,0,allow
86.0,100.0,85.0,95.5,75.0,97.0,59.0,52.0,Pioneer,explorer,A_governed,1,0.9,0,allow
79.0,96.0,80.0,91.0,75.0,94.0,56.0,100.0,Guardian,supporter,A_governed,1,0.6,0,allow
79.0,96.0,80.0,91.0,75.0,94.0,56.0,100.0,Scholar,gentle,A_governed,1,0.6,0,allow
79.0,96.0,80.0,91.0,75.0,94.0,56.0,100.0,Healer,gentle,A_governed,1,0.6,0,allow
79.0,96.0,80.0,91.0,75.0,94.0,56.0,100.0,Trickster,challenger,A_governed,1,0.6,0,allow
79.0,96.0,80.0,91.0,75.0,94.0,56.0,100.0,Pioneer,explorer,A_governed,1,0.6,0,allow
72.0,92.0,75.0,100.0,75.0,100.0,53.0,92.0,Guardian,supporter,A_governed,1,0.6,0,allow
72.0,92.0,75.0,100.0,75.0,100.0,53.0,92.0,Scholar,gentle,A_governed,1,0.6,0,allow
72.0,92.0,75.0,100.0,75.0,100.0,53.0,92.0,Healer,gentle,A_governed,1,0.6,0,allow
72.0,92.0,75.0,100.0,75.0,100.0,53.0,92.0,Trickster,challenger,A_governed,1,0.6,0,allow
72.0,92.0,75.0,100.0,75.0,100.0,53.0,92.0,Pioneer,explorer,A_governed,1,0.6,0,allow
65.0,82.0,70.0,95.5,75.0,97.0,50.0,84.0,Guardian,supporter,A_governed,1,0.85,0,allow
65.0,82.0,70.0,95.5,75.0,97.0,50.0,84.0,Scholar,gentle,A_governed,1,0.85,0,allow
65.0,82.0,70.0,95.5,75.0,97.0,50.0,84.0,Healer,gentle,A_governed,1,0.85,0,allow
65.0,82.0,70.0,95.5,75.0,97.0,50.0,84.0,Trickster,challenger,A_governed,1,0.85,0,allow
65.0,82.0,70.0,95.5,75.0,97.0,50.0,84.0,Pioneer,explorer,A_governed,1,0.85,0,allow
58.0,78.0,65.0,91.0,75.0,94.0,97.0,76.0,Guardian,supporter,A_governed,1,0.65,0,allow
58.0,78.0,65.0,91.0,75.0,94.0,97.0,76.0,Scholar,gentle,A_governed,1,0.65,0,allow
58.0,78.0,65.0,91.0,75.0,94.0,97.0,76.0,Healer,gentle,A_governed,1,0.65,0,allow
58.0,78.0,65.0,91.0,75.0,94.0,97.0,76.0,Trickster,challenger,A_governed,1,0.65,0,allow
58.0,78.0,65.0,91.0,75.0,94.0,97.0,76.0,Pioneer,explorer,A_governed,1,0.65,0,allow
100.0,74.0,60.0,86.5,75.0,91.0,94.0,68.0,Guardian,supporter,A_governed,1,0.7,0,allow
100.0,74.0,60.0,86.5,75.0,91.0,94.0,68.0,Scholar,gentle,A_governed,1,0.7,0,allow
100.0,74.0,60.0,86.5,75.0,91.0,94.0,68.0,Healer,gentle,A_governed,1,0.7,0,allow
100.0,74.0,60.0,86.5,75.0,91.0,94.0,68.0,Trickster,challenger,A_governed,1,0.7,0,allow
100.0,74.0,60.0,86.5,75.0,91.0,94.0,68.0,Pioneer,explorer,A_governed,1,0.7,0,allow
93.0,64.0,55.0,82.0,75.0,88.0,91.0,60.0,Guardian,supporter,A_governed,1,0.85,0,allow
93.0,64.0,55.0,82.0,75.0,88.0,91.0,60.0,Scholar,gentle,A_governed,1,0.85,0,allow
93.0,64.0,55.0,82.0,75.0,88.0,91.0,60.0,Healer,gentle,A_governed,1,0.85,0,allow
93.0,64.0,55.0,82.0,75.0,88.0,91.0,60.0,Trickster,challenger,A_governed,1,0.85,0,allow
93.0,64.0,55.0,82.0,75.0,88.0,91.0,60.0,Pioneer,explorer,A_governed,1,0.85,0,allow
86.0,54.0,50.0,77.5,75.0,85.0,88.0,52.0,Guardian,supporter,A_governed,1,0.85,0,allow
86.0,54.0,50.0,77.5,75.0,85.0,88.0,52.0,Scholar,gentle,A_governed,1,0.85,0,allow
86.0,54.0,50.0,77.5,75.0,85.0,88.0,52.0,Healer,gentle,A_governed,1,0.85,0,allow
86.0,54.0,50.0,77.5,75.0,85.0,88.0,52.0,Trickster,challenger,A_governed,1,0.85,0,allow
86.0,54.0,50.0,77.5,75.0,85.0,88.0,52.0,Pioneer,explorer,A_governed,1,0.85,0,allow
79.0,50.0,45.0,73.0,75.0,82.0,85.0,100.0,Guardian,supporter,A_governed,1,0.6,0,allow
79.0,50.0,45.0,73.0,75.0,82.0,85.0,100.0,Scholar,gentle,A_governed,1,0.6,0,allow
79.0,50.0,45.0,73.0,75.0,82.0,85.0,100.0,Healer,gentle,A_governed,1,0.6,0,allow
79.0,50.0,45.0,73.0,75.0,82.0,85.0,100.0,Trickster,challenger,A_governed,1,0.6,0,allow
79.0,50.0,45.0,73.0,75.0,82.0,85.0,100.0,Pioneer,explorer,A_governed,1,0.6,0,allow
72.0,46.0,80.0,68.5,75.0,79.0,82.0,92.0,Guardian,supporter,A_governed,1,0.9,0,allow
72.0,46.0,80.0,68.5,75.0,79.0,82.0,92.0,Scholar,gentle,A_governed,1,0.9,0,allow
72.0,46.0,80.0,68.5,75.0,79.0,82.0,92.0,Healer,gentle,A_governed,1,0.9,0,allow
72.0,46.0,80.0,68.5,75.0,79.0,82.0,92.0,Trickster,challenger,A_governed,1,0.9,0,allow
72.0,46.0,80.0,68.5,75.0,79.0,82.0,92.0,Pioneer,explorer,A_governed,1,0.9,0,allow
65.0,100.0,75.0,64.0,75.0,76.0,79.0,84.0,Guardian,supporter,A_governed,1,0.7,0,allow
65.0,100.0,75.0,64.0,75.0,76.0,79.0,84.0,Scholar,gentle,A_governed,1,0.7,0,allow
65.0,100.0,75.0,64.0,75.0,76.0,79.0,84.0,Healer,gentle,A_governed,1,0.7,0,allow
65.0,100.0,75.0,64.0,75.0,76.0,79.0,84.0,Trickster,challenger,A_governed,1,0.7,0,allow
65.0,100.0,75.0,64.0,75.0,76.0,79.0,84.0,Pioneer,explorer,A_governed,1,0.7,0,allow
58.0,90.0,70.0,59.5,75.0,73.0,76.0,76.0,Guardian,supporter,A_governed,1,0.85,0,allow
58.0,90.0,70.0,59.5,75.0,73.0,76.0,76.0,Scholar,gentle,A_governed,1,0.85,0,allow
58.0,90.0,70.0,59.5,75.0,73.0,76.0,76.0,Healer,gentle,A_governed,1,0.85,0,allow
58.0,90.0,70.0,59.5,75.0,73.0,76.0,76.0,Trickster,challenger,A_governed,1,0.85,0,allow
58.0,90.0,70.0,59.5,75.0,73.0,76.0,76.0,Pioneer,explorer,A_governed,1,0.85,0,allow
100.0,86.0,65.0,55.0,75.0,70.0,73.0,68.0,Guardian,supporter,A_governed,1,0.7,0,allow
100.0,86.0,65.0,55.0,75.0,70.0,73.0,68.0,Scholar,gentle,A_governed,1,0.7,0,allow
100.0,86.0,65.0,55.0,75.0,70.0,73.0,68.0,Healer,gentle,A_governed,1,0.7,0,allow
100.0,86.0,65.0,55.0,75.0,70.0,73.0,68.0,Trickster,challenger,A_governed,1,0.7,0,allow
100.0,86.0,65.0,55.0,75.0,70.0,73.0,68.0,Pioneer,explorer,A_governed,1,0.7,0,allow
93.0,76.0,60.0,50.5,75.0,67.0,70.0,60.0,Guardian,supporter,A_governed,1,0.85,0,allow
93.0,76.0,60.0,50.5,75.0,67.0,70.0,60.0,Scholar,gentle,A_governed,1,0.85,0,allow
93.0,76.0,60.0,50.5,75.0,67.0,70.0,60.0,Healer,gentle,A_governed,1,0.85,0,allow
93.0,76.0,60.0,50.5,75.0,67.0,70.0,60.0,Trickster,challenger,A_governed,1,0.85,0,allow
93.0,76.0,60.0,50.5,75.0,67.0,70.0,60.0,Pioneer,explorer,A_governed,1,0.85,0,allow
86.0,72.0,55.0,81.0,75.0,94.0,67.0,52.0,Guardian,supporter,A_governed,1,0.6,0,allow
86.0,72.0,55.0,81.0,75.0,94.0,67.0,52.0,Scholar,gentle,A_governed,1,0.6,0,allow
86.0,72.0,55.0,81.0,75.0,94.0,67.0,52.0,Healer,gentle,A_governed,1,0.6,0,allow
86.0,72.0,55.0,81.0,75.0,94.0,67.0,52.0,Trickster,challenger,A_governed,1,0.6,0,allow
86.0,72.0,55.0,81.0,75.0,94.0,67.0,52.0,Pioneer,explorer,A_governed,1,0.6,0,allow
79.0,68.0,50.0,76.5,75.0,91.0,64.0,100.0,Guardian,supporter,A_governed,1,0.6,0,allow
79.0,68.0,50.0,76.5,75.0,91.0,64.0,100.0,Scholar,gentle,A_governed,1,0.6,0,allow
79.0,68.0,50.0,76.5,75.0,91.0,64.0,100.0,Healer,gentle,A_governed,1,0.6,0,allow
79.0,68.0,50.0,76.5,75.0,91.0,64.0,100.0,Trickster,challenger,A_governed,1,0.6,0,allow
79.0,68.0,50.0,76.5,75.0,91.0,64.0,100.0,Pioneer,explorer,A_governed,1,0.6,0,allow
72.0,64.0,85.0,72.0,75.0,88.0,61.0,92.0,Guardian,supporter,A_governed,1,0.9,0,allow
72.0,64.0,85.0,72.0,75.0,88.0,61.0,92.0,Scholar,gentle,A_governed,1,0.9,0,allow
72.0,64.0,85.0,72.0,75.0,88.0,61.0,92.0,Healer,gentle,A_governed,1,0.9,0,allow
72.0,64.0,85.0,72.0,75.0,88.0,61.0,92.0,Trickster,challenger,A_governed,1,0.9,0,allow
72.0,64.0,85.0,72.0,75.0,88.0,61.0,92.0,Pioneer,explorer,A_governed,1,0.9,0,allow
65.0,60.0,80.0,100.0,75.0,100.0,58.0,84.0,Guardian,supporter,A_governed,1,0.6,0,allow
65.0,60.0,80.0,100.0,75.0,100.0,58.0,84.0,Scholar,gentle,A_governed,1,0.6,0,allow
65.0,60.0,80.0,100.0,75.0,100.0,58.0,84.0,Healer,gentle,A_governed,1,0.6,0,allow
65.0,60.0,80.0,100.0,75.0,100.0,58.0,84.0,Trickster,challenger,A_governed,1,0.6,0,allow
65.0,60.0,80.0,100.0,75.0,100.0,58.0,84.0,Pioneer,explorer,A_governed,1,0.6,0,allow
58.0,63.0,75.0,100.0,75.0,100.0,55.0,76.0,Guardian,supporter,A_governed,1,0.6,0,allow
58.0,63.0,75.0,100.0,75.0,100.0,55.0,76.0,Scholar,gentle,A_governed,1,0.6,0,allow
58.0,63.0,75.0,100.0,75.0,100.0,55.0,76.0,Healer,gentle,A_governed,1,0.6,0,allow
58.0,63.0,75.0,100.0,75.0,100.0,55.0,76.0,Trickster,challenger,A_governed,1,0.6,0,allow
58.0,63.0,75.0,100.0,75.0,100.0,55.0,76.0,Pioneer,explorer,A_governed,1,0.6,0,allow
100.0,66.0,70.0,95.5,75.0,97.0,52.0,68.0,Guardian,supporter,A_governed,1,0.7,0,allow
100.0,66.0,70.0,95.5,75.0,97.0,52.0,68.0,Scholar,gentle,A_governed,1,0.7,0,allow
100.0,66.0,70.0,95.5,75.0,97.0,52.0,68.0,Healer,gentle,A_governed,1,0.7,0,allow
100.0,66.0,70.0,95.5,75.0,97.0,52.0,68.0,Trickster,challenger,A_governed,1,0.7,0,allow
100.0,66.0,70.0,95.5,75.0,97.0,52.0,68.0,Pioneer,explorer,A_governed,1,0.7,0,allow
93.0,69.0,65.0,91.0,75.0,94.0,99.0,60.0,Guardian,supporter,A_governed,1,0.65,0,allow
93.0,69.0,65.0,91.0,75.0,94.0,99.0,60.0,Scholar,gentle,A_governed,1,0.65,0,allow
93.0,69.0,65.0,91.0,75.0,94.0,99.0,60.0,Healer,gentle,A_governed,1,0.65,0,allow
93.0,69.0,65.0,91.0,75.0,94.0,99.0,60.0,Trickster,challenger,A_governed,1,0.65,0,allow
93.0,69.0,65.0,91.0,75.0,94.0,99.0,60.0,Pioneer,explorer,A_governed,1,0.65,0,allow
86.0,72.0,60.0,100.0,75.0,100.0,96.0,52.0,Guardian,supporter,A_governed,1,0.6,0,allow
86.0,72.0,60.0,100.0,75.0,100.0,96.0,52.0,Scholar,gentle,A_governed,1,0.6,0,allow
86.0,72.0,60.0,100.0,75.0,100.0,96.0,52.0,Healer,gentle,A_governed,1,0.6,0,allow
86.0,72.0,60.0,100.0,75.0,100.0,96.0,52.0,Trickster,challenger,A_governed,1,0.6,0,allow
86.0,72.0,60.0,100.0,75.0,100.0,96.0,52.0,Pioneer,explorer,A_governed,1,0.6,0,allow
79.0,75.0,55.0,95.5,75.0,97.0,93.0,100.0,Guardian,supporter,A_governed,1,0.6,0,allow
79.0,75.0,55.0,95.5,75.0,97.0,93.0,100.0,Scholar,gentle,A_governed,1,0.6,0,allow
79.0,75.0,55.0,95.5,75.0,97.0,93.0,100.0,Healer,gentle,A_governed,1,0.6,0,allow
79.0,75.0,55.0,95.5,75.0,97.0,93.0,100.0,Trickster,challenger,A_governed,1,0.6,0,allow
79.0,75.0,55.0,95.5,75.0,97.0,93.0,100.0,Pioneer,explorer,A_governed,1,0.6,0,allow
72.0,78.0,50.0,100.0,75.0,100.0,90.0,92.0,Guardian,supporter,A_governed,1,0.6,0,allow
72.0,78.0,50.0,100.0,75.0,100.0,90.0,92.0,Scholar,gentle,A_governed,1,0.6,0,allow
72.0,78.0,50.0,100.0,75.0,100.0,90.0,92.0,Healer,gentle,A_governed,1,0.6,0,allow
72.0,78.0,50.0,100.0,75.0,100.0,90.0,92.0,Trickster,challenger,A_governed,1,0.6,0,allow
72.0,78.0,50.0,100.0,75.0,100.0,90.0,92.0,Pioneer,explorer,A_governed,1,0.6,0,allow
65.0,81.0,85.0,95.5,75.0,97.0,87.0,84.0,Guardian,supporter,A_governed,1,0.9,0,allow
65.0,81.0,85.0,95.5,75.0,97.0,87.0,84.0,Scholar,gentle,A_governed,1,0.9,0,allow
65.0,81.0,85.0,95.5,75.0,97.0,87.0,84.0,Healer,gentle,A_governed,1,0.9,0,allow
65.0,81.0,85.0,95.5,75.0,97.0,87.0,84.0,Trickster,challenger,A_governed,1,0.9,0,allow
65.0,81.0,85.0,95.5,75.0,97.0,87.0,84.0,Pioneer,explorer,A_governed,1,0.9,0,allow
58.0,77.0,80.0,100.0,75.0,100.0,84.0,76.0,Guardian,supporter,A_governed,1,0.6,0,allow
58.0,77.0,80.0,100.0,75.0,100.0,84.0,76.0,Scholar,gentle,A_governed,1,0.6,0,allow
58.0,77.0,80.0,100.0,75.0,100.0,84.0,76.0,Healer,gentle,A_governed,1,0.6,0,allow
58.0,77.0,80.0,100.0,75.0,100.0,84.0,76.0,Trickster,challenger,A_governed,1,0.6,0,allow
58.0,77.0,80.0,100.0,75.0,100.0,84.0,76.0,Pioneer,explorer,A_governed,1,0.6,0,allow
100.0,73.0,75.0,95.5,75.0,97.0,81.0,68.0,Guardian,supporter,A_governed,1,0.7,0,allow
100.0,73.0,75.0,95.5,75.0,97.0,81.0,68.0,Scholar,gentle,A_governed,1,0.7,0,allow
100.0,73.0,75.0,95.5,75.0,97.0,81.0,68.0,Healer,gentle,A_governed,1,0.7,0,allow
100.0,73.0,75.0,95.5,75.0,97.0,81.0,68.0,Trickster,challenger,A_governed,1,0.7,0,allow
100.0,73.0,75.0,95.5,75.0,97.0,81.0,68.0,Pioneer,explorer,A_governed,1,0.7,0,allow
93.0,63.0,70.0,91.0,75.0,94.0,78.0,60.0,Guardian,supporter,A_governed,1,0.85,0,allow
93.0,63.0,70.0,91.0,75.0,94.0,78.0,60.0,Scholar,gentle,A_governed,1,0.85,0,allow
93.0,63.0,70.0,91.0,75.0,94.0,78.0,60.0,Healer,gentle,A_governed,1,0.85,0,allow
93.0,63.0,70.0,91.0,75.0,94.0,78.0,60.0,Trickster,challenger,A_governed,1,0.85,0,allow
93.0,63.0,70.0,91.0,75.0,94.0,78.0,60.0,Pioneer,explorer,A_governed,1,0.85,0,allow
86.0,53.0,65.0,86.5,75.0,91.0,75.0,52.0,Guardian,supporter,A_governed,1,0.85,0,allow
86.0,53.0,65.0,86.5,75.0,91.0,75.0,52.0,Scholar,gentle,A_governed,1,0.85,0,allow
86.0,53.0,65.0,86.5,75.0,91.0,75.0,52.0,Healer,gentle,A_governed,1,0.85,0,allow
86.0,53.0,65.0,86.5,75.0,91.0,75.0,52.0,Trickster,challenger,A_governed,1,0.85,0,allow
86.0,53.0,65.0,86.5,75.0,91.0,75.0,52.0,Pioneer,explorer,A_governed,1,0.85,0,allow
79.0,49.0,60.0,82.0,75.0,88.0,72.0,100.0,Guardian,supporter,A_governed,1,0.6,0,allow
79.0,49.0,60.0,82.0,75.0,88.0,72.0,100.0,Scholar,gentle,A_governed,1,0.6,0,allow
79.0,49.0,60.0,82.0,75.0,88.0,72.0,100.0,Healer,gentle,A_governed,1,0.6,0,allow
79.0,49.0,60.0,82.0,75.0,88.0,72.0,100.0,Trickster,challenger,A_governed,1,0.6,0,allow
79.0,49.0,60.0,82.0,75.0,88.0,72.0,100.0,Pioneer,explorer,A_governed,1,0.6,0,allow
72.0,100.0,55.0,77.5,75.0,85.0,69.0,92.0,Guardian,supporter,A_governed,1,0.7,0,allow
72.0,100.0,55.0,77.5,75.0,85.0,69.0,92.0,Scholar,gentle,A_governed,1,0.7,0,allow
72.0,100.0,55.0,77.5,75.0,85.0,69.0,92.0,Healer,gentle,A_governed,1,0.7,0,allow
72.0,100.0,55.0,77.5,75.0,85.0,69.0,92.0,Trickster,challenger,A_governed,1,0.7,0,allow
72.0,100.0,55.0,77.5,75.0,85.0,69.0,92.0,Pioneer,explorer,A_governed,1,0.7,0,allow
65.0,90.0,50.0,73.0,75.0,82.0,66.0,84.0,Guardian,supporter,A_governed,1,0.85,0,allow
65.0,90.0,50.0,73.0,75.0,82.0,66.0,84.0,Scholar,gentle,A_governed,1,0.85,0,allow
65.0,90.0,50.0,73.0,75.0,82.0,66.0,84.0,Healer,gentle,A_governed,1,0.85,0,allow
65.0,90.0,50.0,73.0,75.0,82.0,66.0,84.0,Trickster,challenger,A_governed,1,0.85,0,allow
65.0,90.0,50.0,73.0,75.0,82.0,66.0,84.0,Pioneer,explorer,A_governed,1,0.85,0,allow
58.0,86.0,85.0,68.5,75.0,79.0,63.0,76.0,Guardian,supporter,A_governed,1,0.9,0,allow
58.0,86.0,85.0,68.5,75.0,79.0,63.0,76.0,Scholar,gentle,A_governed,1,0.9,0,allow
58.0,86.0,85.0,68.5,75.0,79.0,63.0,76.0,Healer,gentle,A_governed,1,0.9,0,allow
58.0,86.0,85.0,68.5,75.0,79.0,63.0,76.0,Trickster,challenger,A_governed,1,0.9,0,allow
58.0,86.0,85.0,68.5,75.0,79.0,63.0,76.0,Pioneer,explorer,A_governed,1,0.9,0,allow
100.0,82.0,80.0,64.0,75.0,76.0,60.0,68.0,Guardian,supporter,A_governed,1,0.7,0,allow
100.0,82.0,80.0,64.0,75.0,76.0,60.0,68.0,Scholar,gentle,A_governed,1,0.7,0,allow
100.0,82.0,80.0,64.0,75.0,76.0,60.0,68.0,Healer,gentle,A_governed,1,0.7,0,allow
51.0,76.0,80.0,64.0,75.0,76.0,60.0,68.0,Trickster,challenger,A_governed,1,0.85,0,allow
100.0,82.0,80.0,64.0,75.0,76.0,60.0,68.0,Pioneer,explorer,A_governed,1,0.7,0,allow
93.0,72.0,75.0,59.5,75.0,73.0,57.0,60.0,Guardian,supporter,A_governed,1,0.85,0,allow
93.0,72.0,75.0,59.5,75.0,73.0,57.0,60.0,Scholar,gentle,A_governed,1,0.85,0,allow
93.0,72.0,75.0,59.5,75.0,73.0,57.0,60.0,Healer,gentle,A_governed,1,0.85,0,allow
99.0,72.0,75.0,59.5,75.0,73.0,57.0,60.0,Trickster,challenger,A_governed,1,0.7,0,allow
93.0,72.0,75.0,59.5,75.0,73.0,57.0,60.0,Pioneer,explorer,A_governed,1,0.85,0,allow
86.0,62.0,70.0,55.0,75.0,70.0,54.0,52.0,Guardian,supporter,A_governed,1,0.85,0,allow
86.0,62.0,70.0,55.0,75.0,70.0,54.0,52.0,Scholar,gentle,A_governed,1,0.85,0,allow
86.0,62.0,70.0,55.0,75.0,70.0,54.0,52.0,Healer,gentle,A_governed,1,0.85,0,allow
92.0,62.0,70.0,55.0,75.0,70.0,54.0,52.0,Trickster,challenger,A_governed,1,0.85,0,allow
86.0,62.0,70.0,55.0,75.0,70.0,54.0,52.0,Pioneer,explorer,A_governed,1,0.85,0,allow
79.0,58.0,65.0,50.5,75.0,67.0,51.0,100.0,Guardian,supporter,A_governed,1,0.6,0,allow
79.0,58.0,65.0,50.5,75.0,67.0,51.0,100.0,Scholar,gentle,A_governed,1,0.6,0,allow
79.0,58.0,65.0,50.5,75.0,67.0,51.0,100.0,Healer,gentle,A_governed,1,0.6,0,allow
85.0,58.0,65.0,50.5,75.0,67.0,51.0,100.0,Trickster,challenger,A_governed,1,0.6,0,allow
79.0,58.0,65.0,50.5,75.0,67.0,51.0,100.0,Pioneer,explorer,A_governed,1,0.6,0,allow
72.0,54.0,60.0,81.0,75.0,94.0,48.0,92.0,Guardian,supporter,A_governed,1,0.6,0,allow
72.0,54.0,60.0,81.0,75.0,94.0,48.0,92.0,Scholar,gentle,A_governed,1,0.6,0,allow
72.0,54.0,60.0,81.0,75.0,94.0,48.0,92.0,Healer,gentle,A_governed,1,0.6,0,allow
78.0,54.0,60.0,81.0,75.0,94.0,48.0,92.0,Trickster,challenger,A_governed,1,0.6,0,allow
72.0,54.0,60.0,81.0,75.0,94.0,48.0,92.0,Pioneer,explorer,A_governed,1,0.6,0,allow
65.0,50.0,55.0,76.5,75.0,91.0,95.0,84.0,Guardian,supporter,A_governed,1,0.65,0,allow
65.0,50.0,55.0,76.5,75.0,91.0,95.0,84.0,Scholar,gentle,A_governed,1,0.65,0,allow
65.0,50.0,55.0,76.5,75.0,91.0,95.0,84.0,Healer,gentle,A_governed,1,0.65,0,allow
71.0,50.0,55.0,76.5,75.0,91.0,95.0,84.0,Trickster,challenger,A_governed,1,0.65,0,allow
65.0,50.0,55.0,76.5,75.0,91.0,95.0,84.0,Pioneer,explorer,A_governed,1,0.65,0,allow
58.0,100.0,50.0,72.0,75.0,88.0,92.0,76.0,Guardian,supporter,A_governed,1,0.7,0,allow
58.0,100.0,50.0,72.0,75.0,88.0,92.0,76.0,Scholar,gentle,A_governed,1,0.7,0,allow
58.0,100.0,50.0,72.0,75.0,88.0,92.0,76.0,Healer,gentle,A_governed,1,0.7,0,allow
64.0,100.0,50.0,72.0,75.0,88.0,92.0,76.0,Trickster,challenger,A_governed,1,0.7,0,allow
58.0,100.0,50.0,72.0,75.0,88.0,92.0,76.0,Pioneer,explorer,A_governed,1,0.7,0,allow
100.0,96.0,45.0,67.5,75.0,85.0,89.0,68.0,Guardian,supporter,A_governed,1,0.7,0,allow
100.0,96.0,45.0,67.5,75.0,85.0,89.0,68.0,Scholar,gentle,A_governed,1,0.7,0,allow
100.0,96.0,45.0,67.5,75.0,85.0,89.0,68.0,Healer,gentle,A_governed,1,0.7,0,allow
57.0,96.0,85.0,67.5,75.0,85.0,89.0,68.0,Trickster,challenger,A_governed,1,0.9,0,allow
51.0,96.0,85.0,67.5,75.0,85.0,89.0,68.0,Pioneer,explorer,A_governed,1,0.9,0,allow
93.0,92.0,80.0,63.0,75.0,82.0,86.0,60.0,Guardian,supporter,A_governed,1,0.9,0,allow
93.0,92.0,80.0,63.0,75.0,82.0,86.0,60.0,Scholar,gentle,A_governed,1,0.9,0,allow
93.0,92.0,80.0,63.0,75.0,82.0,86.0,60.0,Healer,gentle,A_governed,1,0.9,0,allow
50.0,92.0,80.0,98.0,75.0,100.0,86.0,60.0,Trickster,challenger,A_governed,1,0.6,0,allow
44.0,92.0,80.0,63.0,75.0,82.0,86.0,60.0,Pioneer,explorer,A_governed,1,0.7,0,allow
86.0,95.0,75.0,93.5,75.0,100.0,83.0,52.0,Guardian,supporter,A_governed,1,0.6,0,allow
86.0,95.0,75.0,93.5,75.0,100.0,83.0,52.0,Scholar,gentle,A_governed,1,0.6,0,allow
86.0,95.0,75.0,93.5,75.0,100.0,83.0,52.0,Healer,gentle,A_governed,1,0.6,0,allow
43.0,95.0,75.0,93.5,75.0,97.0,83.0,52.0,Trickster,challenger,A_governed,1,0.7,0,allow
37.0,95.0,75.0,58.5,75.0,79.0,83.0,52.0,Pioneer,explorer,A_governed,1,0.7,0,allow
79.0,98.0,70.0,89.0,75.0,97.0,80.0,100.0,Guardian,supporter,A_governed,1,0.6,0,allow
79.0,98.0,70.0,89.0,75.0,97.0,80.0,100.0,Scholar,gentle,A_governed,1,0.6,0,allow
79.0,98.0,70.0,89.0,75.0,97.0,80.0,100.0,Healer,gentle,A_governed,1,0.6,0,allow
36.0,98.0,70.0,89.0,75.0,94.0,80.0,44.0,Trickster,challenger,A_governed,1,0.7,0,allow
30.0,98.0,70.0,54.0,75.0,76.0,80.0,44.0,Pioneer,explorer,A_governed,1,0.7,0,allow
72.0,100.0,65.0,100.0,75.0,100.0,77.0,92.0,Guardian,supporter,A_governed,1,0.6,0,allow
72.0,100.0,65.0,100.0,75.0,100.0,77.0,92.0,Scholar,gentle,A_governed,1,0.6,0,allow
72.0,100.0,65.0,100.0,75.0,100.0,77.0,92.0,Healer,gentle,A_governed,1,0.6,0,allow
79.0,100.0,65.0,84.5,75.0,91.0,77.0,36.0,Trickster,challenger,A_governed,1,0.05,1,deny
73.0,100.0,65.0,49.5,75.0,73.0,77.0,36.0,Pioneer,explorer,A_governed,1,0.05,1,deny
65.0,100.0,60.0,100.0,75.0,100.0,74.0,84.0,Guardian,supporter,A_governed,1,0.6,0,allow
65.0,100.0,60.0,100.0,75.0,100.0,74.0,84.0,Scholar,gentle,A_governed,1,0.6,0,allow
65.0,100.0,60.0,100.0,75.0,100.0,74.0,84.0,Healer,gentle,A_governed,1,0.6,0,allow
72.0,100.0,60.0,80.0,75.0,88.0,74.0,98.0,Trickster,challenger,A_governed,1,0.6,0,allow
66.0,100.0,60.0,45.0,75.0,70.0,74.0,98.0,Pioneer,explorer,A_governed,1,0.6,0,allow
58.0,100.0,55.0,100.0,75.0,100.0,71.0,76.0,Guardian,supporter,A_governed,1,0.6,0,allow
58.0,100.0,55.0,100.0,75.0,100.0,71.0,76.0,Scholar,gentle,A_governed,1,0.6,0,allow
58.0,100.0,55.0,100.0,75.0,100.0,71.0,76.0,Healer,gentle,A_governed,1,0.6,0,allow
65.0,100.0,55.0,100.0,75.0,100.0,71.0,90.0,Trickster,challenger,A_governed,1,0.6,0,allow
59.0,100.0,55.0,75.5,75.0,97.0,71.0,90.0,Pioneer,explorer,A_governed,1,0.6,0,allow
51.0,100.0,50.0,100.0,75.0,100.0,68.0,68.0,Guardian,supporter,A_governed,1,0.6,0,allow
51.0,100.0,50.0,100.0,75.0,100.0,68.0,68.0,Scholar,gentle,A_governed,1,0.6,0,allow
51.0,100.0,50.0,100.0,75.0,100.0,68.0,68.0,Healer,gentle,A_governed,1,0.6,0,allow
58.0,100.0,50.0,100.0,75.0,100.0,68.0,82.0,Trickster,challenger,A_governed,1,0.6,0,allow
52.0,100.0,50.0,100.0,75.0,100.0,68.0,82.0,Pioneer,explorer,A_governed,1,0.6,0,allow
44.0,100.0,45.0,95.5,75.0,97.0,65.0,60.0,Guardian,supporter,A_governed,1,0.7,0,allow
44.0,100.0,45.0,95.5,75.0,97.0,65.0,60.0,Scholar,gentle,A_governed,1,0.7,0,allow
44.0,100.0,45.0,95.5,75.0,97.0,65.0,60.0,Healer,gentle,A_governed,1,0.7,0,allow
51.0,100.0,85.0,95.5,75.0,97.0,65.0,74.0,Trickster,challenger,A_governed,1,0.9,0,allow
45.0,100.0,45.0,95.5,75.0,97.0,65.0,74.0,Pioneer,explorer,A_governed,1,0.7,0,allow
37.0,96.0,40.0,91.0,75.0,94.0,62.0,52.0,Guardian,supporter,A_governed,1,0.7,0,allow
37.0,96.0,40.0,91.0,75.0,94.0,62.0,52.0,Scholar,gentle,A_governed,1,0.7,0,allow
37.0,96.0,40.0,91.0,75.0,94.0,62.0,52.0,Healer,gentle,A_governed,1,0.7,0,allow
44.0,96.0,80.0,91.0,75.0,94.0,62.0,66.0,Trickster,challenger,A_governed,1,0.7,0,allow
38.0,96.0,40.0,91.0,75.0,94.0,62.0,66.0,Pioneer,explorer,A_governed,1,0.7,0,allow
30.0,92.0,35.0,86.5,75.0,91.0,59.0,44.0,Guardian,supporter,A_governed,1,0.7,0,allow
30.0,92.0,35.0,86.5,75.0,91.0,59.0,44.0,Scholar,gentle,A_governed,1,0.7,0,allow
30.0,92.0,35.0,86.5,75.0,91.0,59.0,44.0,Healer,gentle,A_governed,1,0.7,0,allow
37.0,92.0,75.0,86.5,75.0,91.0,59.0,58.0,Trickster,challenger,A_governed,1,0.7,0,allow
31.0,92.0,35.0,86.5,75.0,91.0,59.0,58.0,Pioneer,explorer,A_governed,1,0.7,0,allow
73.0,88.0,30.0,82.0,75.0,88.0,56.0,36.0,Guardian,supporter,A_governed,1,0.05,1,deny
73.0,88.0,30.0,82.0,75.0,88.0,56.0,36.0,Scholar,gentle,A_governed,1,0.05,1,deny
73.0,88.0,30.0,82.0,75.0,88.0,56.0,36.0,Healer,gentle,A_governed,1,0.05,1,deny
30.0,88.0,70.0,82.0,75.0,88.0,56.0,50.0,Trickster,challenger,A_governed,1,0.7,0,allow
74.0,88.0,30.0,82.0,75.0,88.0,56.0,50.0,Pioneer,explorer,A_governed,1,0.05,1,deny
66.0,84.0,65.0,77.5,75.0,85.0,53.0,28.0,Guardian,supporter,A_governed,1,0.9,0,allow
66.0,84.0,65.0,77.5,75.0,85.0,53.0,28.0,Scholar,gentle,A_governed,1,0.9,0,allow
66.0,84.0,65.0,77.5,75.0,85.0,53.0,28.0,Healer,gentle,A_governed,1,0.9,0,allow
73.0,84.0,65.0,77.5,75.0,85.0,53.0,42.0,Trickster,challenger,A_governed,1,0.05,1,deny
67.0,84.0,65.0,77.5,75.0,85.0,53.0,42.0,Pioneer,explorer,A_governed,1,0.9,0,allow
59.0,80.0,60.0,73.0,75.0,82.0,50.0,90.0,Guardian,supporter,A_governed,1,0.6,0,allow
59.0,80.0,60.0,73.0,75.0,82.0,50.0,90.0,Scholar,gentle,A_governed,1,0.6,0,allow
59.0,80.0,60.0,73.0,75.0,82.0,50.0,90.0,Healer,gentle,A_governed,1,0.6,0,allow
66.0,80.0,60.0,73.0,75.0,82.0,50.0,100.0,Trickster,challenger,A_governed,1,0.6,0,allow
60.0,80.0,60.0,73.0,75.0,82.0,50.0,100.0,Pioneer,explorer,A_governed,1,0.6,0,allow
52.0,76.0,55.0,68.5,75.0,79.0,97.0,82.0,Guardian,supporter,A_governed,1,0.65,0,allow
52.0,76.0,55.0,68.5,75.0,79.0,97.0,82.0,Scholar,gentle,A_governed,1,0.65,0,allow
52.0,76.0,55.0,68.5,75.0,79.0,97.0,82.0,Healer,gentle,A_governed,1,0.65,0,allow
59.0,76.0,55.0,68.5,75.0,79.0,97.0,92.0,Trickster,challenger,A_governed,1,0.65,0,allow
53.0,76.0,55.0,68.5,75.0,79.0,97.0,92.0,Pioneer,explorer,A_governed,1,0.65,0,allow
45.0,72.0,50.0,64.0,75.0,76.0,94.0,74.0,Guardian,supporter,A_governed,1,0.7,0,allow
45.0,72.0,50.0,64.0,75.0,76.0,94.0,74.0,Scholar,gentle,A_governed,1,0.7,0,allow
45.0,72.0,50.0,64.0,75.0,76.0,94.0,74.0,Healer,gentle,A_governed,1,0.7,0,allow
52.0,66.0,50.0,64.0,75.0,76.0,94.0,84.0,Trickster,challenger,A_governed,1,0.85,0,allow
46.0,72.0,50.0,64.0,75.0,76.0,94.0,84.0,Pioneer,explorer,A_governed,1,0.7,0,allow
38.0,68.0,45.0,59.5,75.0,73.0,91.0,66.0,Guardian,supporter,A_governed,1,0.7,0,allow
38.0,68.0,45.0,59.5,75.0,73.0,91.0,66.0,Scholar,gentle,A_governed,1,0.7,0,allow
38.0,68.0,45.0,59.5,75.0,73.0,91.0,66.0,Healer,gentle,A_governed,1,0.7,0,allow
45.0,62.0,45.0,59.5,75.0,73.0,91.0,76.0,Trickster,challenger,A_governed,1,0.7,0,allow
39.0,68.0,45.0,59.5,75.0,73.0,91.0,76.0,Pioneer,explorer,A_governed,1,0.7,0,allow
31.0,64.0,40.0,55.0,75.0,70.0,88.0,58.0,Guardian,supporter,A_governed,1,0.7,0,allow
31.0,64.0,40.0,55.0,75.0,70.0,88.0,58.0,Scholar,gentle,A_governed,1,0.7,0,allow
31.0,64.0,40.0,55.0,75.0,70.0,88.0,58.0,Healer,gentle,A_governed,1,0.7,0,allow
38.0,58.0,40.0,55.0,75.0,70.0,88.0,68.0,Trickster,challenger,A_governed,1,0.7,0,allow
32.0,64.0,40.0,55.0,75.0,70.0,88.0,68.0,Pioneer,explorer,A_governed,1,0.7,0,allow
74.0,60.0,35.0,50.5,75.0,67.0,85.0,50.0,Guardian,supporter,A_governed,1,0.05,1,deny
74.0,60.0,35.0,50.5,75.0,67.0,85.0,50.0,Scholar,gentle,A_governed,1,0.05,1,deny
74.0,60.0,35.0,50.5,75.0,67.0,85.0,50.0,Healer,gentle,A_governed,1,0.05,1,deny
31.0,54.0,35.0,50.5,75.0,67.0,85.0,60.0,Trickster,challenger,A_governed,1,0.7,0,allow
75.0,60.0,35.0,50.5,75.0,67.0,85.0,60.0,Pioneer,explorer,A_governed,1,0.05,1,deny
67.0,56.0,70.0,46.0,75.0,64.0,82.0,42.0,Guardian,supporter,A_governed,1,0.9,0,allow
67.0,56.0,70.0,46.0,75.0,64.0,82.0,42.0,Scholar,gentle,A_governed,1,0.9,0,allow
67.0,56.0,70.0,46.0,75.0,64.0,82.0,42.0,Healer,gentle,A_governed,1,0.9,0,allow
74.0,50.0,30.0,46.0,75.0,64.0,82.0,52.0,Trickster,challenger,A_governed,1,0.05,1,deny
68.0,56.0,70.0,46.0,75.0,64.0,82.0,52.0,Pioneer,explorer,A_governed,1,0.9,0,allow
60.0,52.0,65.0,41.5,75.0,61.0,79.0,100.0,Guardian,supporter,A_governed,1,0.6,0,allow
60.0,52.0,65.0,41.5,75.0,61.0,79.0,100.0,Scholar,gentle,A_governed,1,0.6,0,allow
60.0,52.0,65.0,41.5,75.0,61.0,79.0,100.0,Healer,gentle,A_governed,1,0.6,0,allow
67.0,46.0,65.0,41.5,75.0,61.0,79.0,44.0,Trickster,challenger,A_governed,1,0.9,0,allow
61.0,52.0,65.0,76.5,75.0,91.0,79.0,44.0,Pioneer,explorer,A_governed,1,0.6,0,allow
53.0,48.0,60.0,72.0,75.0,88.0,76.0,92.0,Guardian,supporter,A_governed,1,0.6,0,allow
53.0,48.0,60.0,72.0,75.0,88.0,76.0,92.0,Scholar,gentle,A_governed,1,0.6,0,allow
53.0,48.0,60.0,72.0,75.0,88.0,76.0,92.0,Healer,gentle,A_governed,1,0.6,0,allow
60.0,42.0,60.0,37.0,75.0,58.0,76.0,100.0,Trickster,challenger,A_governed,1,0.6,0,allow
54.0,48.0,60.0,72.0,75.0,88.0,76.0,100.0,Pioneer,explorer,A_governed,1,0.6,0,allow
46.0,100.0,55.0,67.5,75.0,85.0,73.0,84.0,Guardian,supporter,A_governed,1,0.7,0,allow
46.0,100.0,55.0,67.5,75.0,85.0,73.0,84.0,Scholar,gentle,A_governed,1,0.7,0,allow
46.0,100.0,55.0,67.5,75.0,85.0,73.0,84.0,Healer,gentle,A_governed,1,0.7,0,allow
53.0,38.0,55.0,67.5,75.0,85.0,73.0,92.0,Trickster,challenger,A_governed,1,0.6,0,allow
47.0,100.0,55.0,67.5,75.0,85.0,73.0,92.0,Pioneer,explorer,A_governed,1,0.7,0,allow
39.0,96.0,50.0,63.0,75.0,82.0,70.0,76.0,Guardian,supporter,A_governed,1,0.7,0,allow
39.0,96.0,50.0,63.0,75.0,82.0,70.0,76.0,Scholar,gentle,A_governed,1,0.7,0,allow
39.0,96.0,50.0,63.0,75.0,82.0,70.0,76.0,Healer,gentle,A_governed,1,0.7,0,allow
46.0,94.0,50.0,63.0,75.0,82.0,70.0,84.0,Trickster,challenger,A_governed,1,0.7,0,allow
40.0,96.0,50.0,63.0,75.0,82.0,70.0,84.0,Pioneer,explorer,A_governed,1,0.7,0,allow
32.0,92.0,45.0,58.5,75.0,79.0,67.0,68.0,Guardian,supporter,A_governed,1,0.7,0,allow
32.0,92.0,45.0,58.5,75.0,79.0,67.0,68.0,Scholar,gentle,A_governed,1,0.7,0,allow
32.0,92.0,45.0,58.5,75.0,79.0,67.0,68.0,Healer,gentle,A_governed,1,0.7,0,allow
39.0,90.0,45.0,58.5,75.0,79.0,67.0,76.0,Trickster,challenger,A_governed,1,0.7,0,allow
33.0,92.0,45.0,58.5,75.0,79.0,67.0,76.0,Pioneer,explorer,A_governed,1,0.7,0,allow
75.0,88.0,40.0,54.0,75.0,76.0,64.0,60.0,Guardian,supporter,A_governed,1,0.05,1,deny
75.0,88.0,40.0,54.0,75.0,76.0,64.0,60.0,Scholar,gentle,A_governed,1,0.05,1,deny
75.0,88.0,40.0,54.0,75.0,76.0,64.0,60.0,Healer,gentle,A_governed,1,0.05,1,deny
32.0,86.0,40.0,54.0,75.0,76.0,64.0,68.0,Trickster,challenger,A_governed,1,0.7,0,allow
76.0,88.0,40.0,54.0,75.0,76.0,64.0,68.0,Pioneer,explorer,A_governed,1,0.05,1,deny
68.0,91.0,75.0,49.5,75.0,73.0,61.0,52.0,Guardian,supporter,A_governed,1,0.9,0,allow
68.0,91.0,75.0,49.5,75.0,73.0,61.0,52.0,Scholar,gentle,A_governed,1,0.9,0,allow
68.0,91.0,75.0,49.5,75.0,73.0,61.0,52.0,Healer,gentle,A_governed,1,0.9,0,allow
75.0,89.0,35.0,49.5,75.0,73.0,61.0,60.0,Trickster,challenger,A_governed,1,0.05,1,deny
69.0,91.0,75.0,49.5,75.0,73.0,61.0,60.0,Pioneer,explorer,A_governed,1,0.9,0,allow
61.0,94.0,70.0,45.0,75.0,70.0,58.0,100.0,Guardian,supporter,A_governed,1,0.6,0,allow
61.0,94.0,70.0,45.0,75.0,70.0,58.0,100.0,Scholar,gentle,A_governed,1,0.6,0,allow
61.0,94.0,70.0,45.0,75.0,70.0,58.0,100.0,Healer,gentle,A_governed,1,0.6,0,allow
68.0,92.0,70.0,45.0,75.0,70.0,58.0,52.0,Trickster,challenger,A_governed,1,0.9,0,allow
62.0,94.0,70.0,80.0,75.0,100.0,58.0,52.0,Pioneer,explorer,A_governed,1,0.6,0,allow
54.0,97.0,65.0,75.5,75.0,97.0,55.0,92.0,Guardian,supporter,A_governed,1,0.6,0,allow
54.0,97.0,65.0,75.5,75.0,97.0,55.0,92.0,Scholar,gentle,A_governed,1,0.6,0,allow
54.0,97.0,65.0,75.5,75.0,97.0,55.0,92.0,Healer,gentle,A_governed,1,0.6,0,allow
61.0,95.0,65.0,75.5,75.0,97.0,55.0,44.0,Trickster,challenger,A_governed,1,0.6,0,allow
55.0,97.0,65.0,75.5,75.0,97.0,55.0,100.0,Pioneer,explorer,A_governed,1,0.6,0,allow
47.0,100.0,60.0,71.0,75.0,94.0,52.0,84.0,Guardian,supporter,A_governed,1,0.7,0,allow
47.0,100.0,60.0,71.0,75.0,94.0,52.0,84.0,Scholar,gentle,A_governed,1,0.7,0,allow
47.0,100.0,60.0,71.0,75.0,94.0,52.0,84.0,Healer,gentle,A_governed,1,0.7,0,allow
54.0,98.0,60.0,71.0,75.0,94.0,52.0,100.0,Trickster,challenger,A_governed,1,0.6,0,allow
48.0,100.0,60.0,71.0,75.0,94.0,52.0,92.0,Pioneer,explorer,A_governed,1,0.7,0,allow
40.0,100.0,55.0,66.5,75.0,91.0,49.0,76.0,Guardian,supporter,A_governed,1,0.7,0,allow
40.0,100.0,55.0,66.5,75.0,91.0,49.0,76.0,Scholar,gentle,A_governed,1,0.7,0,allow
40.0,100.0,55.0,66.5,75.0,91.0,49.0,76.0,Healer,gentle,A_governed,1,0.7,0,allow
47.0,100.0,55.0,66.5,75.0,91.0,49.0,92.0,Trickster,challenger,A_governed,1,0.7,0,allow
41.0,100.0,55.0,66.5,75.0,91.0,49.0,84.0,Pioneer,explorer,A_governed,1,0.7,0,allow
33.0,100.0,50.0,62.0,75.0,88.0,46.0,68.0,Guardian,supporter,A_governed,1,0.7,0,allow
33.0,100.0,50.0,62.0,75.0,88.0,46.0,68.0,Scholar,gentle,A_governed,1,0.7,0,allow
33.0,100.0,50.0,62.0,75.0,88.0,46.0,68.0,Healer,gentle,A_governed,1,0.7,0,allow
40.0,100.0,50.0,62.0,75.0,88.0,46.0,84.0,Trickster,challenger,A_governed,1,0.7,0,allow
34.0,100.0,50.0,62.0,75.0,88.0,46.0,76.0,Pioneer,explorer,A_governed,1,0.7,0,allow
76.0,100.0,45.0,57.5,75.0,85.0,43.0,60.0,Guardian,supporter,A_governed,1,0.05,1,deny
76.0,100.0,45.0,57.5,75.0,85.0,43.0,60.0,Scholar,gentle,A_governed,1,0.05,1,deny
76.0,100.0,45.0,57.5,75.0,85.0,43.0,60.0,Healer,gentle,A_governed,1,0.05,1,deny
33.0,100.0,45.0,57.5,75.0,85.0,43.0,76.0,Trickster,challenger,A_governed,1,0.7,0,allow
77.0,100.0,45.0,57.5,75.0,85.0,43.0,68.0,Pioneer,explorer,A_governed,1,0.05,1,deny
69.0,96.0,80.0,53.0,75.0,82.0,40.0,52.0,Guardian,supporter,A_governed,1,0.9,0,allow
69.0,96.0,80.0,53.0,75.0,82.0,40.0,52.0,Scholar,gentle,A_governed,1,0.9,0,allow
69.0,96.0,80.0,53.0,75.0,82.0,40.0,52.0,Healer,gentle,A_governed,1,0.9,0,allow
76.0,96.0,40.0,53.0,75.0,82.0,40.0,68.0,Trickster,challenger,A_governed,1,0.05,1,deny
70.0,96.0,80.0,53.0,75.0,82.0,40.0,60.0,Pioneer,explorer,A_governed,1,0.9,0,allow
62.0,92.0,75.0,48.5,75.0,79.0,87.0,44.0,Guardian,supporter,A_governed,1,0.65,0,allow
62.0,92.0,75.0,48.5,75.0,79.0,87.0,44.0,Scholar,gentle,A_governed,1,0.65,0,allow
62.0,92.0,75.0,48.5,75.0,79.0,87.0,44.0,Healer,gentle,A_governed,1,0.65,0,allow
69.0,92.0,75.0,48.5,75.0,79.0,37.0,60.0,Trickster,challenger,A_governed,1,0.9,0,allow
63.0,92.0,75.0,48.5,75.0,79.0,87.0,52.0,Pioneer,explorer,A_governed,1,0.65,0,allow
55.0,88.0,70.0,44.0,75.0,76.0,84.0,100.0,Guardian,supporter,A_governed,1,0.6,0,allow
55.0,88.0,70.0,44.0,75.0,76.0,84.0,100.0,Scholar,gentle,A_governed,1,0.6,0,allow
55.0,88.0,70.0,44.0,75.0,76.0,84.0,100.0,Healer,gentle,A_governed,1,0.6,0,allow
62.0,88.0,70.0,44.0,75.0,76.0,84.0,52.0,Trickster,challenger,A_governed,1,0.65,0,allow
56.0,88.0,70.0,79.0,75.0,100.0,84.0,44.0,Pioneer,explorer,A_governed,1,0.6,0,allow
48.0,84.0,65.0,74.5,75.0,100.0,81.0,92.0,Guardian,supporter,A_governed,1,0.6,0,allow
48.0,84.0,65.0,74.5,75.0,100.0,81.0,92.0,Scholar,gentle,A_governed,1,0.6,0,allow
48.0,84.0,65.0,74.5,75.0,100.0,81.0,92.0,Healer,gentle,A_governed,1,0.6,0,allow
55.0,84.0,65.0,74.5,75.0,100.0,81.0,44.0,Trickster,challenger,A_governed,1,0.6,0,allow
49.0,84.0,65.0,74.5,75.0,97.0,81.0,100.0,Pioneer,explorer,A_governed,1,0.6,0,allow
41.0,80.0,60.0,70.0,75.0,97.0,78.0,84.0,Guardian,supporter,A_governed,1,0.7,0,allow
41.0,80.0,60.0,70.0,75.0,97.0,78.0,84.0,Scholar,gentle,A_governed,1,0.7,0,allow
41.0,80.0,60.0,70.0,75.0,97.0,78.0,84.0,Healer,gentle,A_governed,1,0.7,0,allow
48.0,80.0,60.0,70.0,75.0,97.0,78.0,100.0,Trickster,challenger,A_governed,1,0.6,0,allow
42.0,80.0,60.0,70.0,75.0,94.0,78.0,92.0,Pioneer,explorer,A_governed,1,0.7,0,allow
34.0,76.0,55.0,65.5,75.0,94.0,75.0,76.0,Guardian,supporter,A_governed,1,0.7,0,allow
34.0,76.0,55.0,65.5,75.0,94.0,75.0,76.0,Scholar,gentle,A_governed,1,0.7,0,allow
34.0,76.0,55.0,65.5,75.0,94.0,75.0,76.0,Healer,gentle,A_governed,1,0.7,0,allow
41.0,76.0,55.0,65.5,75.0,94.0,75.0,92.0,Trickster,challenger,A_governed,1,0.7,0,allow
35.0,76.0,55.0,65.5,75.0,91.0,75.0,84.0,Pioneer,explorer,A_governed,1,0.7,0,allow
77.0,72.0,50.0,61.0,75.0,91.0,72.0,68.0,Guardian,supporter,A_governed,1,0.05,1,deny
77.0,72.0,50.0,61.0,75.0,91.0,72.0,68.0,Scholar,gentle,A_governed,1,0.05,1,deny
77.0,72.0,50.0,61.0,75.0,91.0,72.0,68.0,Healer,gentle,A_governed,1,0.05,1,deny
34.0,72.0,50.0,61.0,75.0,91.0,72.0,84.0,Trickster,challenger,A_governed,1,0.7,0,allow
78.0,72.0,50.0,61.0,75.0,88.0,72.0,76.0,Pioneer,explorer,A_governed,1,0.05,1,deny
70.0,68.0,85.0,56.5,75.0,88.0,69.0,60.0,Guardian,supporter,A_governed,1,0.9,0,allow
70.0,68.0,85.0,56.5,75.0,88.0,69.0,60.0,Scholar,gentle,A_governed,1,0.9,0,allow
70.0,68.0,85.0,56.5,75.0,88.0,69.0,60.0,Healer,gentle,A_governed,1,0.9,0,allow
77.0,68.0,45.0,56.5,75.0,88.0,69.0,76.0,Trickster,challenger,A_governed,1,0.05,1,deny
71.0,68.0,85.0,56.5,75.0,85.0,69.0,68.0,Pioneer,explorer,A_governed,1,0.9,0,allow
63.0,58.0,80.0,52.0,75.0,85.0,66.0,52.0,Guardian,supporter,A_governed,1,0.85,0,allow
63.0,58.0,80.0,52.0,75.0,85.0,66.0,52.0,Scholar,gentle,A_governed,1,0.85,0,allow
63.0,58.0,80.0,52.0,75.0,85.0,66.0,52.0,Healer,gentle,A_governed,1,0.85,0,allow
70.0,64.0,80.0,52.0,75.0,85.0,66.0,68.0,Trickster,challenger,A_governed,1,0.9,0,allow
64.0,58.0,80.0,52.0,75.0,82.0,66.0,60.0,Pioneer,explorer,A_governed,1,0.85,0,allow
56.0,54.0,75.0,47.5,75.0,82.0,63.0,100.0,Guardian,supporter,A_governed,1,0.6,0,allow
56.0,54.0,75.0,47.5,75.0,82.0,63.0,100.0,Scholar,gentle,A_governed,1,0.6,0,allow
56.0,54.0,75.0,47.5,75.0,82.0,63.0,100.0,Healer,gentle,A_governed,1,0.6,0,allow
63.0,60.0,75.0,82.5,75.0,100.0,63.0,60.0,Trickster,challenger,A_governed,1,0.6,0,allow
57.0,54.0,75.0,82.5,75.0,100.0,63.0,52.0,Pioneer,explorer,A_governed,1,0.6,0,allow
49.0,50.0,70.0,78.0,75.0,100.0,60.0,92.0,Guardian,supporter,A_governed,1,0.6,0,allow
49.0,50.0,70.0,78.0,75.0,100.0,60.0,92.0,Scholar,gentle,A_governed,1,0.6,0,allow
49.0,50.0,70.0,78.0,75.0,100.0,60.0,92.0,Healer,gentle,A_governed,1,0.6,0,allow
56.0,50.0,70.0,78.0,75.0,97.0,60.0,52.0,Trickster,challenger,A_governed,1,0.85,0,allow
50.0,50.0,70.0,78.0,75.0,97.0,60.0,100.0,Pioneer,explorer,A_governed,1,0.6,0,allow
42.0,46.0,65.0,73.5,75.0,97.0,57.0,84.0,Guardian,supporter,A_governed,1,0.7,0,allow
42.0,46.0,65.0,73.5,75.0,97.0,57.0,84.0,Scholar,gentle,A_governed,1,0.7,0,allow
42.0,46.0,65.0,73.5,75.0,97.0,57.0,84.0,Healer,gentle,A_governed,1,0.7,0,allow
49.0,46.0,65.0,73.5,75.0,94.0,57.0,100.0,Trickster,challenger,A_governed,1,0.6,0,allow
43.0,46.0,65.0,73.5,75.0,94.0,57.0,92.0,Pioneer,explorer,A_governed,1,0.7,0,allow
35.0,42.0,60.0,69.0,75.0,94.0,54.0,76.0,Guardian,supporter,A_governed,1,0.7,0,allow
35.0,42.0,60.0,69.0,75.0,94.0,54.0,76.0,Scholar,gentle,A_governed,1,0.7,0,allow
35.0,42.0,60.0,69.0,75.0,94.0,54.0,76.0,Healer,gentle,A_governed,1,0.7,0,allow
42.0,42.0,60.0,69.0,75.0,91.0,54.0,92.0,Trickster,challenger,A_governed,1,0.7,0,allow
36.0,42.0,60.0,69.0,75.0,91.0,54.0,84.0,Pioneer,explorer,A_governed,1,0.7,0,allow
78.0,38.0,55.0,64.5,75.0,91.0,51.0,68.0,Guardian,supporter,A_governed,1,0.05,1,deny
78.0,38.0,55.0,64.5,75.0,91.0,51.0,68.0,Scholar,gentle,A_governed,1,0.05,1,deny
78.0,38.0,55.0,64.5,75.0,91.0,51.0,68.0,Healer,gentle,A_governed,1,0.05,1,deny
35.0,38.0,55.0,64.5,75.0,88.0,51.0,84.0,Trickster,challenger,A_governed,1,0.7,0,allow
79.0,38.0,55.0,64.5,75.0,88.0,51.0,76.0,Pioneer,explorer,A_governed,1,0.05,1,deny
71.0,94.0,50.0,60.0,75.0,88.0,48.0,60.0,Guardian,supporter,A_governed,1,0.7,0,allow
71.0,94.0,50.0,60.0,75.0,88.0,48.0,60.0,Scholar,gentle,A_governed,1,0.7,0,allow
71.0,94.0,50.0,60.0,75.0,88.0,48.0,60.0,Healer,gentle,A_governed,1,0.7,0,allow
78.0,34.0,50.0,60.0,75.0,85.0,48.0,76.0,Trickster,challenger,A_governed,1,0.05,1,deny
72.0,94.0,50.0,60.0,75.0,85.0,48.0,68.0,Pioneer,explorer,A_governed,1,0.7,0,allow
64.0,90.0,85.0,55.5,75.0,85.0,45.0,52.0,Guardian,supporter,A_governed,1,0.9,0,allow
64.0,90.0,85.0,55.5,75.0,85.0,45.0,52.0,Scholar,gentle,A_governed,1,0.9,0,allow
64.0,90.0,85.0,55.5,75.0,85.0,45.0,52.0,Healer,gentle,A_governed,1,0.9,0,allow
71.0,90.0,45.0,55.5,75.0,82.0,45.0,68.0,Trickster,challenger,A_governed,1,0.7,0,allow
65.0,90.0,85.0,55.5,75.0,82.0,45.0,60.0,Pioneer,explorer,A_governed,1,0.9,0,allow
57.0,86.0,80.0,51.0,75.0,82.0,92.0,44.0,Guardian,supporter,A_governed,1,0.65,0,allow
57.0,86.0,80.0,51.0,75.0,82.0,92.0,44.0,Scholar,gentle,A_governed,1,0.65,0,allow
57.0,86.0,80.0,51.0,75.0,82.0,92.0,44.0,Healer,gentle,A_governed,1,0.65,0,allow
64.0,86.0,80.0,51.0,75.0,79.0,42.0,60.0,Trickster,challenger,A_governed,1,0.9,0,allow
58.0,86.0,80.0,51.0,75.0,79.0,92.0,52.0,Pioneer,explorer,A_governed,1,0.65,0,allow
50.0,89.0,75.0,46.5,75.0,79.0,89.0,100.0,Guardian,supporter,A_governed,1,0.6,0,allow
50.0,89.0,75.0,46.5,75.0,79.0,89.0,100.0,Scholar,gentle,A_governed,1,0.6,0,allow
50.0,89.0,75.0,46.5,75.0,79.0,89.0,100.0,Healer,gentle,A_governed,1,0.6,0,allow
57.0,89.0,75.0,46.5,75.0,76.0,89.0,52.0,Trickster,challenger,A_governed,1,0.65,0,allow
51.0,89.0,75.0,46.5,75.0,76.0,89.0,100.0,Pioneer,explorer,A_governed,1,0.6,0,allow
43.0,92.0,70.0,77.0,75.0,100.0,86.0,92.0,Guardian,supporter,A_governed,1,0.6,0,allow
43.0,92.0,70.0,77.0,75.0,100.0,86.0,92.0,Scholar,gentle,A_governed,1,0.6,0,allow
43.0,92.0,70.0,77.0,75.0,100.0,86.0,92.0,Healer,gentle,A_governed,1,0.6,0,allow
50.0,92.0,70.0,77.0,75.0,100.0,86.0,44.0,Trickster,challenger,A_governed,1,0.6,0,allow
44.0,92.0,70.0,77.0,75.0,100.0,86.0,92.0,Pioneer,explorer,A_governed,1,0.6,0,allow
36.0,95.0,65.0,72.5,75.0,97.0,83.0,84.0,Guardian,supporter,A_governed,1,0.7,0,allow
36.0,95.0,65.0,72.5,75.0,97.0,83.0,84.0,Scholar,gentle,A_governed,1,0.7,0,allow
36.0,95.0,65.0,72.5,75.0,97.0,83.0,84.0,Healer,gentle,A_governed,1,0.7,0,allow
43.0,95.0,65.0,72.5,75.0,97.0,83.0,100.0,Trickster,challenger,A_governed,1,0.6,0,allow
37.0,95.0,65.0,72.5,75.0,97.0,83.0,84.0,Pioneer,explorer,A_governed,1,0.7,0,allow
79.0,98.0,60.0,68.0,75.0,94.0,80.0,76.0,Guardian,supporter,A_governed,1,0.05,1,deny
79.0,98.0,60.0,68.0,75.0,94.0,80.0,76.0,Scholar,gentle,A_governed,1,0.05,1,deny
79.0,98.0,60.0,68.0,75.0,94.0,80.0,76.0,Healer,gentle,A_governed,1,0.05,1,deny
36.0,98.0,60.0,68.0,75.0,94.0,80.0,92.0,Trickster,challenger,A_governed,1,0.7,0,allow
30.0,98.0,60.0,68.0,75.0,94.0,80.0,76.0,Pioneer,explorer,A_governed,1,0.7,0,allow
72.0,100.0,55.0,98.5,75.0,100.0,77.0,68.0,Guardian,supporter,A_governed,1,0.6,0,allow
72.0,100.0,55.0,98.5,75.0,100.0,77.0,68.0,Scholar,gentle,A_governed,1,0.6,0,allow
72.0,100.0,55.0,98.5,75.0,100.0,77.0,68.0,Healer,gentle,A_governed,1,0.6,0,allow
79.0,100.0,55.0,63.5,75.0,91.0,77.0,84.0,Trickster,challenger,A_governed,1,0.05,1,deny
73.0,100.0,55.0,63.5,75.0,91.0,77.0,68.0,Pioneer,explorer,A_governed,1,0.05,1,deny
65.0,100.0,50.0,100.0,75.0,100.0,74.0,60.0,Guardian,supporter,A_governed,1,0.6,0,allow
65.0,100.0,50.0,100.0,75.0,100.0,74.0,60.0,Scholar,gentle,A_governed,1,0.6,0,allow
65.0,100.0,50.0,100.0,75.0,100.0,74.0,60.0,Healer,gentle,A_governed,1,0.6,0,allow
72.0,100.0,50.0,94.0,75.0,100.0,74.0,76.0,Trickster,challenger,A_governed,1,0.6,0,allow
66.0,100.0,50.0,94.0,75.0,100.0,74.0,60.0,Pioneer,explorer,A_governed,1,0.6,0,allow
58.0,100.0,85.0,95.5,75.0,97.0,71.0,52.0,Guardian,supporter,A_governed,1,0.9,0,allow
58.0,100.0,85.0,95.5,75.0,97.0,71.0,52.0,Scholar,gentle,A_governed,1,0.9,0,allow
58.0,100.0,85.0,95.5,75.0,97.0,71.0,52.0,Healer,gentle,A_governed,1,0.9,0,allow
65.0,100.0,85.0,89.5,75.0,97.0,71.0,68.0,Trickster,challenger,A_governed,1,0.9,0,allow
59.0,100.0,85.0,89.5,75.0,97.0,71.0,52.0,Pioneer,explorer,A_governed,1,0.9,0,allow
51.0,96.0,80.0,91.0,75.0,94.0,68.0,100.0,Guardian,supporter,A_governed,1,0.6,0,allow
51.0,96.0,80.0,91.0,75.0,94.0,68.0,100.0,Scholar,gentle,A_governed,1,0.6,0,allow
51.0,96.0,80.0,91.0,75.0,94.0,68.0,100.0,Healer,gentle,A_governed,1,0.6,0,allow
58.0,96.0,80.0,100.0,75.0,100.0,68.0,60.0,Trickster,challenger,A_governed,1,0.6,0,allow
52.0,96.0,80.0,85.0,75.0,94.0,68.0,100.0,Pioneer,explorer,A_governed,1,0.6,0,allow
44.0,92.0,75.0,86.5,75.0,91.0,65.0,92.0,Guardian,supporter,A_governed,1,0.7,0,allow
44.0,92.0,75.0,86.5,75.0,91.0,65.0,92.0,Scholar,gentle,A_governed,1,0.7,0,allow
44.0,92.0,75.0,86.5,75.0,91.0,65.0,92.0,Healer,gentle,A_governed,1,0.7,0,allow
51.0,92.0,75.0,100.0,75.0,100.0,65.0,52.0,Trickster,challenger,A_governed,1,0.6,0,allow
45.0,92.0,75.0,80.5,75.0,91.0,65.0,92.0,Pioneer,explorer,A_governed,1,0.7,0,allow
37.0,88.0,70.0,82.0,75.0,88.0,62.0,84.0,Guardian,supporter,A_governed,1,0.7,0,allow
37.0,88.0,70.0,82.0,75.0,88.0,62.0,84.0,Scholar,gentle,A_governed,1,0.7,0,allow
37.0,88.0,70.0,82.0,75.0,88.0,62.0,84.0,Healer,gentle,A_governed,1,0.7,0,allow
44.0,88.0,70.0,95.5,75.0,97.0,62.0,44.0,Trickster,challenger,A_governed,1,0.7,0,allow
38.0,88.0,70.0,76.0,75.0,88.0,62.0,84.0,Pioneer,explorer,A_governed,1,0.7,0,allow
30.0,84.0,65.0,77.5,75.0,85.0,59.0,76.0,Guardian,supporter,A_governed,1,0.7,0,allow
30.0,84.0,65.0,77.5,75.0,85.0,59.0,76.0,Scholar,gentle,A_governed,1,0.7,0,allow
30.0,84.0,65.0,77.5,75.0,85.0,59.0,76.0,Healer,gentle,A_governed,1,0.7,0,allow
37.0,84.0,65.0,91.0,75.0,94.0,59.0,100.0,Trickster,challenger,A_governed,1,0.6,0,allow
31.0,84.0,65.0,71.5,75.0,85.0,59.0,76.0,Pioneer,explorer,A_governed,1,0.7,0,allow
73.0,80.0,60.0,73.0,75.0,82.0,56.0,68.0,Guardian,supporter,A_governed,1,0.05,1,deny
73.0,80.0,60.0,73.0,75.0,82.0,56.0,68.0,Scholar,gentle,A_governed,1,0.05,1,deny
73.0,80.0,60.0,73.0,75.0,82.0,56.0,68.0,Healer,gentle,A_governed,1,0.05,1,deny
30.0,80.0,60.0,86.5,75.0,91.0,56.0,92.0,Trickster,challenger,A_governed,1,0.7,0,allow
74.0,80.0,60.0,67.0,75.0,82.0,56.0,68.0,Pioneer,explorer,A_governed,1,0.05,1,deny
66.0,70.0,55.0,68.5,75.0,79.0,53.0,60.0,Guardian,supporter,A_governed,1,0.85,0,allow
66.0,70.0,55.0,68.5,75.0,79.0,53.0,60.0,Scholar,gentle,A_governed,1,0.85,0,allow
66.0,70.0,55.0,68.5,75.0,79.0,53.0,60.0,Healer,gentle,A_governed,1,0.85,0,allow
100.0,76.0,55.0,82.0,75.0,88.0,53.0,84.0,Trickster,challenger,A_governed,1,0.05,1,deny
67.0,70.0,55.0,62.5,75.0,79.0,53.0,60.0,Pioneer,explorer,A_governed,1,0.85,0,allow
59.0,60.0,50.0,64.0,75.0,76.0,50.0,52.0,Guardian,supporter,A_governed,1,0.85,0,allow
59.0,60.0,50.0,64.0,75.0,76.0,50.0,52.0,Scholar,gentle,A_governed,1,0.85,0,allow
59.0,60.0,50.0,64.0,75.0,76.0,50.0,52.0,Healer,gentle,A_governed,1,0.85,0,allow
93.0,66.0,50.0,77.5,75.0,85.0,50.0,76.0,Trickster,challenger,A_governed,1,0.85,0,allow
60.0,60.0,50.0,58.0,75.0,76.0,50.0,52.0,Pioneer,explorer,A_governed,1,0.85,0,allow
52.0,56.0,45.0,59.5,75.0,73.0,47.0,100.0,Guardian,supporter,A_governed,1,0.6,0,allow
52.0,56.0,45.0,59.5,75.0,73.0,47.0,100.0,Scholar,gentle,A_governed,1,0.6,0,allow
52.0,56.0,45.0,59.5,75.0,73.0,47.0,100.0,Healer,gentle,A_governed,1,0.6,0,allow
86.0,62.0,85.0,73.0,75.0,82.0,47.0,68.0,Trickster,challenger,A_governed,1,0.9,0,allow
100.0,56.0,45.0,53.5,75.0,73.0,47.0,44.0,Pioneer,explorer,A_governed,1,0.7,0,allow
45.0,52.0,80.0,55.0,75.0,70.0,44.0,92.0,Guardian,supporter,A_governed,1,0.9,0,allow
45.0,52.0,80.0,55.0,75.0,70.0,44.0,92.0,Scholar,gentle,A_governed,1,0.9,0,allow
45.0,52.0,80.0,55.0,75.0,70.0,44.0,92.0,Healer,gentle,A_governed,1,0.9,0,allow
79.0,58.0,80.0,68.5,75.0,79.0,94.0,60.0,Trickster,challenger,A_governed,1,0.65,0,allow
93.0,52.0,40.0,49.0,75.0,70.0,44.0,100.0,Pioneer,explorer,A_governed,1,0.6,0,allow
38.0,48.0,75.0,50.5,75.0,67.0,41.0,84.0,Guardian,supporter,A_governed,1,0.7,0,allow
38.0,48.0,75.0,50.5,75.0,67.0,41.0,84.0,Scholar,gentle,A_governed,1,0.7,0,allow
38.0,48.0,75.0,50.5,75.0,67.0,41.0,84.0,Healer,gentle,A_governed,1,0.7,0,allow
72.0,48.0,75.0,64.0,75.0,76.0,91.0,52.0,Trickster,challenger,A_governed,1,0.85,0,allow
86.0,48.0,75.0,44.5,75.0,67.0,41.0,92.0,Pioneer,explorer,A_governed,1,0.9,0,allow
31.0,44.0,70.0,46.0,75.0,64.0,38.0,76.0,Guardian,supporter,A_governed,1,0.7,0,allow
31.0,44.0,70.0,46.0,75.0,64.0,38.0,76.0,Scholar,gentle,A_governed,1,0.7,0,allow
31.0,44.0,70.0,46.0,75.0,64.0,38.0,76.0,Healer,gentle,A_governed,1,0.7,0,allow
65.0,100.0,70.0,59.5,75.0,73.0,88.0,44.0,Trickster,challenger,A_governed,1,0.7,0,allow
79.0,44.0,70.0,40.0,75.0,64.0,88.0,84.0,Pioneer,explorer,A_governed,1,0.65,0,allow
74.0,40.0,65.0,41.5,75.0,61.0,35.0,68.0,Guardian,supporter,A_governed,1,0.05,1,deny
74.0,40.0,65.0,41.5,75.0,61.0,35.0,68.0,Scholar,gentle,A_governed,1,0.05,1,deny
74.0,40.0,65.0,41.5,75.0,61.0,35.0,68.0,Healer,gentle,A_governed,1,0.05,1,deny
58.0,96.0,65.0,55.0,75.0,70.0,85.0,100.0,Trickster,challenger,A_governed,1,0.6,0,allow
72.0,40.0,65.0,70.5,75.0,91.0,85.0,76.0,Pioneer,explorer,A_governed,1,0.6,0,allow
67.0,36.0,60.0,37.0,75.0,58.0,82.0,60.0,Guardian,supporter,A_governed,1,0.65,0,allow
67.0,36.0,60.0,37.0,75.0,58.0,82.0,60.0,Scholar,gentle,A_governed,1,0.65,0,allow
67.0,36.0,60.0,37.0,75.0,58.0,82.0,60.0,Healer,gentle,A_governed,1,0.65,0,allow
100.0,92.0,60.0,50.5,75.0,67.0,82.0,92.0,Trickster,challenger,A_governed,1,0.7,0,allow
65.0,96.0,60.0,66.0,75.0,88.0,82.0,68.0,Pioneer,explorer,A_governed,1,0.7,0,allow
60.0,92.0,55.0,32.5,75.0,55.0,79.0,52.0,Guardian,supporter,A_governed,1,0.7,0,allow
60.0,92.0,55.0,32.5,75.0,55.0,79.0,52.0,Scholar,gentle,A_governed,1,0.7,0,allow
60.0,92.0,55.0,32.5,75.0,55.0,79.0,52.0,Healer,gentle,A_governed,1,0.7,0,allow
93.0,88.0,55.0,81.0,75.0,94.0,79.0,84.0,Trickster,challenger,A_governed,1,0.6,0,allow
58.0,92.0,55.0,96.5,75.0,100.0,79.0,60.0,Pioneer,explorer,A_governed,1,0.6,0,allow
53.0,88.0,50.0,63.0,75.0,82.0,76.0,44.0,Guardian,supporter,A_governed,1,0.6,0,allow
53.0,88.0,50.0,63.0,75.0,82.0,76.0,44.0,Scholar,gentle,A_governed,1,0.6,0,allow
53.0,88.0,50.0,63.0,75.0,82.0,76.0,44.0,Healer,gentle,A_governed,1,0.6,0,allow
86.0,84.0,50.0,100.0,75.0,100.0,76.0,76.0,Trickster,challenger,A_governed,1,0.6,0,allow
51.0,88.0,50.0,100.0,75.0,100.0,76.0,52.0,Pioneer,explorer,A_governed,1,0.6,0,allow
46.0,84.0,45.0,58.5,75.0,79.0,73.0,100.0,Guardian,supporter,A_governed,1,0.6,0,allow
46.0,84.0,45.0,58.5,75.0,79.0,73.0,100.0,Scholar,gentle,A_governed,1,0.6,0,allow
46.0,84.0,45.0,58.5,75.0,79.0,73.0,100.0,Healer,gentle,A_governed,1,0.6,0,allow
79.0,80.0,85.0,95.5,75.0,97.0,73.0,68.0,Trickster,challenger,A_governed,1,0.9,0,allow
44.0,84.0,45.0,95.5,75.0,97.0,73.0,44.0,Pioneer,explorer,A_governed,1,0.7,0,allow
39.0,80.0,40.0,54.0,75.0,76.0,70.0,92.0,Guardian,supporter,A_governed,1,0.7,0,allow
39.0,80.0,40.0,54.0,75.0,76.0,70.0,92.0,Scholar,gentle,A_governed,1,0.7,0,allow
39.0,80.0,40.0,54.0,75.0,76.0,70.0,92.0,Healer,gentle,A_governed,1,0.7,0,allow
72.0,76.0,80.0,100.0,75.0,100.0,70.0,60.0,Trickster,challenger,A_governed,1,0.6,0,allow
37.0,80.0,40.0,91.0,75.0,94.0,70.0,100.0,Pioneer,explorer,A_governed,1,0.6,0,allow
32.0,83.0,35.0,49.5,75.0,73.0,67.0,84.0,Guardian,supporter,A_governed,1,0.7,0,allow
32.0,83.0,35.0,49.5,75.0,73.0,67.0,84.0,Scholar,gentle,A_governed,1,0.7,0,allow
32.0,83.0,35.0,49.5,75.0,73.0,67.0,84.0,Healer,gentle,A_governed,1,0.7,0,allow
65.0,79.0,75.0,100.0,75.0,100.0,67.0,52.0,Trickster,challenger,A_governed,1,0.6,0,allow
30.0,83.0,35.0,86.5,75.0,91.0,67.0,92.0,Pioneer,explorer,A_governed,1,0.7,0,allow
80.0,86.0,30.0,45.0,75.0,70.0,64.0,76.0,Guardian,supporter,A_governed,0,0.7,0,allow
80.0,86.0,30.0,45.0,75.0,70.0,64.0,76.0,Scholar,gentle,A_governed,0,0.7,0,allow
80.0,86.0,30.0,45.0,75.0,70.0,64.0,76.0,Healer,gentle,A_governed,0,0.7,0,allow
58.0,82.0,70.0,95.5,75.0,97.0,64.0,100.0,Trickster,challenger,A_governed,0,0.6,0,allow
73.0,86.0,30.0,82.0,75.0,88.0,64.0,84.0,Pioneer,explorer,A_governed,0,0.05,1,deny
73.0,89.0,65.0,40.5,75.0,67.0,61.0,68.0,Guardian,supporter,A_governed,0,0.9,0,allow
73.0,89.0,65.0,40.5,75.0,67.0,61.0,68.0,Scholar,gentle,A_governed,0,0.9,0,allow
73.0,89.0,65.0,40.5,75.0,67.0,61.0,68.0,Healer,gentle,A_governed,0,0.9,0,allow
51.0,85.0,65.0,100.0,75.0,100.0,61.0,92.0,Trickster,challenger,A_governed,0,0.6,0,allow
66.0,89.0,65.0,77.5,75.0,85.0,61.0,76.0,Pioneer,explorer,A_governed,0,0.9,0,allow
66.0,92.0,60.0,71.0,75.0,94.0,58.0,60.0,Guardian,supporter,A_governed,0,0.6,0,allow
66.0,92.0,60.0,71.0,75.0,94.0,58.0,60.0,Scholar,gentle,A_governed,0,0.6,0,allow
66.0,92.0,60.0,71.0,75.0,94.0,58.0,60.0,Healer,gentle,A_governed,0,0.6,0,allow
44.0,88.0,60.0,95.5,75.0,97.0,58.0,84.0,Trickster,challenger,A_governed,0,0.7,0,allow
59.0,92.0,60.0,100.0,75.0,100.0,58.0,68.0,Pioneer,explorer,A_governed,0,0.6,0,allow
59.0,95.0,55.0,100.0,75.0,100.0,55.0,52.0,Guardian,supporter,A_governed,0,0.6,0,allow
59.0,95.0,55.0,100.0,75.0,100.0,55.0,52.0,Scholar,gentle,A_governed,0,0.6,0,allow
59.0,95.0,55.0,100.0,75.0,100.0,55.0,52.0,Healer,gentle,A_governed,0,0.6,0,allow
37.0,91.0,55.0,91.0,75.0,94.0,55.0,76.0,Trickster,challenger,A_governed,0,0.7,0,allow
52.0,95.0,55.0,100.0,75.0,100.0,55.0,60.0,Pioneer,explorer,A_governed,0,0.6,0,allow
52.0,98.0,50.0,95.5,75.0,97.0,52.0,100.0,Guardian,supporter,A_governed,0,0.6,0,allow
100.0,98.0,50.0,95.5,75.0,97.0,52.0,44.0,Scholar,gentle,A_governed,0,0.7,0,allow
52.0,98.0,50.0,95.5,75.0,97.0,52.0,100.0,Healer,gentle,A_governed,0,0.6,0,allow
30.0,94.0,50.0,86.5,75.0,91.0,52.0,68.0,Trickster,challenger,A_governed,0,0.7,0,allow
45.0,98.0,50.0,95.5,75.0,97.0,52.0,52.0,Pioneer,explorer,A_governed,0,0.7,0,allow
45.0,100.0,45.0,91.0,75.0,94.0,49.0,92.0,Guardian,supporter,A_governed,0,0.7,0,allow
93.0,100.0,45.0,91.0,75.0,94.0,49.0,100.0,Scholar,gentle,A_governed,0,0.6,0,allow
45.0,100.0,45.0,91.0,75.0,94.0,49.0,92.0,Healer,gentle,A_governed,0,0.7,0,allow
73.0,97.0,45.0,82.0,75.0,88.0,49.0,60.0,Trickster,challenger,A_governed,0,0.05,1,deny
38.0,100.0,45.0,91.0,75.0,94.0,49.0,44.0,Pioneer,explorer,A_governed,0,0.7,0,allow
38.0,96.0,40.0,86.5,75.0,91.0,46.0,84.0,Guardian,supporter,A_governed,0,0.7,0,allow
86.0,96.0,80.0,86.5,75.0,91.0,46.0,92.0,Scholar,gentle,A_governed,0,0.9,0,allow
38.0,96.0,40.0,86.5,75.0,91.0,46.0,84.0,Healer,gentle,A_governed,0,0.7,0,allow
66.0,93.0,80.0,77.5,75.0,85.0,46.0,52.0,Trickster,challenger,A_governed,0,0.9,0,allow
31.0,96.0,40.0,86.5,75.0,91.0,46.0,36.0,Pioneer,explorer,A_governed,0,0.7,0,allow
31.0,92.0,35.0,82.0,75.0,88.0,43.0,76.0,Guardian,supporter,A_governed,0,0.7,0,allow
79.0,92.0,75.0,82.0,75.0,88.0,93.0,84.0,Scholar,gentle,A_governed,0,0.65,0,allow
31.0,92.0,35.0,82.0,75.0,88.0,43.0,76.0,Healer,gentle,A_governed,0,0.7,0,allow
59.0,89.0,75.0,73.0,75.0,82.0,93.0,44.0,Trickster,challenger,A_governed,0,0.65,0,allow
74.0,92.0,35.0,82.0,75.0,88.0,43.0,28.0,Pioneer,explorer,A_governed,0,0.05,1,deny
74.0,88.0,30.0,77.5,75.0,85.0,40.0,68.0,Guardian,supporter,A_governed,0,0.05,1,deny
72.0,82.0,70.0,77.5,75.0,85.0,90.0,76.0,Scholar,gentle,A_governed,0,0.85,0,allow
100.0,88.0,30.0,77.5,75.0,85.0,40.0,68.0,Healer,gentle,A_governed,0,0.05,1,deny
52.0,85.0,70.0,68.5,75.0,79.0,90.0,100.0,Trickster,challenger,A_governed,0,0.6,0,allow
67.0,88.0,30.0,77.5,75.0,85.0,40.0,90.0,Pioneer,explorer,A_governed,0,0.6,0,allow
67.0,84.0,65.0,73.0,75.0,82.0,37.0,60.0,Guardian,supporter,A_governed,0,0.9,0,allow
65.0,72.0,65.0,73.0,75.0,82.0,87.0,68.0,Scholar,gentle,A_governed,0,0.85,0,allow
93.0,84.0,65.0,73.0,75.0,82.0,37.0,60.0,Healer,gentle,A_governed,0,0.9,0,allow
45.0,81.0,65.0,64.0,75.0,76.0,87.0,92.0,Trickster,challenger,A_governed,0,0.7,0,allow
60.0,84.0,65.0,73.0,75.0,82.0,37.0,82.0,Pioneer,explorer,A_governed,0,0.9,0,allow
60.0,80.0,60.0,68.5,75.0,79.0,84.0,52.0,Guardian,supporter,A_governed,0,0.65,0,allow
58.0,62.0,60.0,68.5,75.0,79.0,84.0,60.0,Scholar,gentle,A_governed,0,0.85,0,allow
86.0,80.0,60.0,68.5,75.0,79.0,84.0,52.0,Healer,gentle,A_governed,0,0.65,0,allow
38.0,77.0,60.0,59.5,75.0,73.0,84.0,84.0,Trickster,challenger,A_governed,0,0.7,0,allow
53.0,80.0,60.0,68.5,75.0,79.0,84.0,74.0,Pioneer,explorer,A_governed,0,0.65,0,allow
53.0,76.0,55.0,64.0,75.0,76.0,81.0,100.0,Guardian,supporter,A_governed,0,0.6,0,allow
100.0,58.0,55.0,64.0,75.0,76.0,81.0,52.0,Scholar,gentle,A_governed,0,0.7,0,allow
79.0,76.0,55.0,64.0,75.0,76.0,81.0,100.0,Healer,gentle,A_governed,0,0.6,0,allow
31.0,73.0,55.0,55.0,75.0,70.0,81.0,76.0,Trickster,challenger,A_governed,0,0.7,0,allow
46.0,76.0,55.0,64.0,75.0,76.0,81.0,66.0,Pioneer,explorer,A_governed,0,0.7,0,allow
46.0,72.0,50.0,59.5,75.0,73.0,78.0,92.0,Guardian,supporter,A_governed,0,0.7,0,allow
93.0,54.0,50.0,59.5,75.0,73.0,78.0,100.0,Scholar,gentle,A_governed,0,0.6,0,allow
72.0,66.0,50.0,59.5,75.0,73.0,78.0,92.0,Healer,gentle,A_governed,0,0.85,0,allow
100.0,69.0,50.0,50.5,75.0,67.0,78.0,68.0,Trickster,challenger,A_governed,0,0.05,1,deny
39.0,72.0,50.0,59.5,75.0,73.0,78.0,58.0,Pioneer,explorer,A_governed,0,0.7,0,allow
39.0,68.0,45.0,55.0,75.0,70.0,75.0,84.0,Guardian,supporter,A_governed,0,0.7,0,allow
86.0,50.0,85.0,55.0,75.0,70.0,75.0,92.0,Scholar,gentle,A_governed,0,0.9,0,allow
65.0,62.0,85.0,55.0,75.0,70.0,75.0,84.0,Healer,gentle,A_governed,0,0.9,0,allow
93.0,65.0,85.0,46.0,75.0,64.0,75.0,60.0,Trickster,challenger,A_governed,0,0.9,0,allow
32.0,68.0,45.0,55.0,75.0,70.0,75.0,50.0,Pioneer,explorer,A_governed,0,0.7,0,allow
32.0,64.0,40.0,50.5,75.0,67.0,72.0,76.0,Guardian,supporter,A_governed,0,0.7,0,allow
79.0,100.0,80.0,50.5,75.0,67.0,72.0,84.0,Scholar,gentle,A_governed,0,0.7,0,allow
58.0,52.0,80.0,50.5,75.0,67.0,72.0,76.0,Healer,gentle,A_governed,0,0.85,0,allow
86.0,61.0,80.0,76.5,75.0,91.0,72.0,52.0,Trickster,challenger,A_governed,0,0.6,0,allow
75.0,64.0,40.0,50.5,75.0,67.0,72.0,42.0,Pioneer,explorer,A_governed,0,0.05,1,deny
100.0,60.0,35.0,46.0,75.0,64.0,69.0,68.0,Guardian,supporter,A_governed,0,0.05,1,deny
72.0,96.0,75.0,81.0,75.0,94.0,69.0,76.0,Scholar,gentle,A_governed,0,0.6,0,allow
100.0,48.0,75.0,46.0,75.0,64.0,69.0,68.0,Healer,gentle,A_governed,0,0.7,0,allow
79.0,57.0,75.0,72.0,75.0,88.0,69.0,100.0,Trickster,challenger,A_governed,0,0.6,0,allow
68.0,60.0,35.0,46.0,75.0,64.0,69.0,100.0,Pioneer,explorer,A_governed,0,0.6,0,allow
93.0,56.0,70.0,41.5,75.0,61.0,66.0,60.0,Guardian,supporter,A_governed,0,0.9,0,allow
65.0,86.0,70.0,76.5,75.0,91.0,66.0,68.0,Scholar,gentle,A_governed,0,0.85,0,allow
93.0,44.0,70.0,76.5,75.0,91.0,66.0,60.0,Healer,gentle,A_governed,0,0.6,0,allow
72.0,47.0,70.0,67.5,75.0,85.0,66.0,92.0,Trickster,challenger,A_governed,0,0.85,0,allow
61.0,56.0,70.0,41.5,75.0,61.0,66.0,92.0,Pioneer,explorer,A_governed,0,0.9,0,allow
86.0,52.0,65.0,72.0,75.0,88.0,63.0,52.0,Guardian,supporter,A_governed,0,0.6,0,allow
58.0,76.0,65.0,72.0,75.0,88.0,63.0,60.0,Scholar,gentle,A_governed,0,0.85,0,allow
86.0,100.0,65.0,72.0,75.0,88.0,63.0,52.0,Healer,gentle,A_governed,0,0.7,0,allow
65.0,100.0,65.0,63.0,75.0,82.0,63.0,84.0,Trickster,challenger,A_governed,0,0.7,0,allow
54.0,52.0,65.0,72.0,75.0,88.0,63.0,84.0,Pioneer,explorer,A_governed,0,0.6,0,allow
79.0,48.0,60.0,67.5,75.0,85.0,60.0,100.0,Guardian,supporter,A_governed,0,0.6,0,allow
100.0,72.0,60.0,67.5,75.0,85.0,60.0,52.0,Scholar,gentle,A_governed,0,0.7,0,allow
79.0,96.0,60.0,67.5,75.0,85.0,60.0,100.0,Healer,gentle,A_governed,0,0.6,0,allow
58.0,90.0,60.0,58.5,75.0,79.0,60.0,76.0,Trickster,challenger,A_governed,0,0.85,0,allow
47.0,48.0,60.0,67.5,75.0,85.0,60.0,76.0,Pioneer,explorer,A_governed,0,0.7,0,allow
72.0,100.0,55.0,63.0,75.0,82.0,57.0,92.0,Guardian,supporter,A_governed,0,0.7,0,allow
93.0,68.0,55.0,63.0,75.0,82.0,57.0,100.0,Scholar,gentle,A_governed,0,0.6,0,allow
72.0,92.0,55.0,98.0,75.0,100.0,57.0,92.0,Healer,gentle,A_governed,0,0.6,0,allow
100.0,86.0,55.0,54.0,75.0,76.0,57.0,68.0,Trickster,challenger,A_governed,0,0.7,0,allow
40.0,44.0,55.0,63.0,75.0,82.0,57.0,68.0,Pioneer,explorer,A_governed,0,0.7,0,allow
65.0,96.0,50.0,93.5,75.0,100.0,54.0,84.0,Guardian,supporter,A_governed,0,0.6,0,allow
86.0,64.0,50.0,93.5,75.0,100.0,54.0,92.0,Scholar,gentle,A_governed,0,0.6,0,allow
65.0,88.0,50.0,100.0,75.0,100.0,54.0,84.0,Healer,gentle,A_governed,0,0.6,0,allow
93.0,82.0,50.0,84.5,75.0,100.0,54.0,60.0,Trickster,challenger,A_governed,0,0.6,0,allow
33.0,40.0,50.0,58.5,75.0,79.0,54.0,60.0,Pioneer,explorer,A_governed,0,0.7,0,allow
58.0,92.0,85.0,89.0,75.0,97.0,51.0,76.0,Guardian,supporter,A_governed,0,0.9,0,allow
79.0,60.0,85.0,89.0,75.0,97.0,51.0,84.0,Scholar,gentle,A_governed,0,0.9,0,allow
58.0,84.0,85.0,95.5,75.0,97.0,51.0,76.0,Healer,gentle,A_governed,0,0.9,0,allow
86.0,78.0,85.0,80.0,75.0,97.0,51.0,52.0,Trickster,challenger,A_governed,0,0.9,0,allow
100.0,36.0,45.0,54.0,75.0,76.0,51.0,52.0,Pioneer,explorer,A_governed,0,0.05,1,deny
51.0,88.0,80.0,84.5,75.0,94.0,98.0,68.0,Guardian,supporter,A_governed,0,0.65,0,allow
72.0,56.0,80.0,84.5,75.0,94.0,98.0,76.0,Scholar,gentle,A_governed,0,0.65,0,allow
100.0,80.0,80.0,91.0,75.0,94.0,48.0,68.0,Healer,gentle,A_governed,0,0.7,0,allow
79.0,74.0,80.0,75.5,75.0,94.0,48.0,100.0,Trickster,challenger,A_governed,0,0.6,0,allow
93.0,92.0,40.0,49.5,75.0,73.0,48.0,44.0,Pioneer,explorer,A_governed,0,0.7,0,allow
44.0,91.0,75.0,80.0,75.0,91.0,95.0,60.0,Guardian,supporter,A_governed,0,0.7,0,allow
65.0,59.0,75.0,100.0,75.0,100.0,95.0,68.0,Scholar,gentle,A_governed,0,0.6,0,allow
93.0,83.0,75.0,86.5,75.0,91.0,95.0,60.0,Healer,gentle,A_governed,0,0.65,0,allow
72.0,77.0,75.0,71.0,75.0,91.0,95.0,92.0,Trickster,challenger,A_governed,0,0.65,0,allow
86.0,95.0,75.0,45.0,75.0,70.0,45.0,36.0,Pioneer,explorer,A_governed,0,0.9,0,allow
37.0,94.0,70.0,75.5,75.0,88.0,92.0,52.0,Guardian,supporter,A_governed,0,0.7,0,allow
58.0,62.0,70.0,100.0,75.0,100.0,92.0,60.0,Scholar,gentle,A_governed,0,0.6,0,allow
86.0,86.0,70.0,100.0,75.0,100.0,92.0,52.0,Healer,gentle,A_governed,0,0.6,0,allow
65.0,80.0,70.0,100.0,75.0,100.0,92.0,84.0,Trickster,challenger,A_governed,0,0.6,0,allow
79.0,98.0,70.0,40.5,75.0,67.0,42.0,98.0,Pioneer,explorer,A_governed,0,0.6,0,allow
30.0,97.0,65.0,71.0,75.0,85.0,89.0,44.0,Guardian,supporter,A_governed,0,0.7,0,allow
100.0,65.0,65.0,95.5,75.0,97.0,89.0,52.0,Scholar,gentle,A_governed,0,0.7,0,allow
79.0,89.0,65.0,95.5,75.0,97.0,89.0,100.0,Healer,gentle,A_governed,0,0.6,0,allow
58.0,83.0,65.0,100.0,75.0,100.0,89.0,76.0,Trickster,challenger,A_governed,0,0.6,0,allow
72.0,100.0,65.0,71.0,75.0,94.0,39.0,90.0,Pioneer,explorer,A_governed,0,0.6,0,allow
100.0,100.0,60.0,66.5,75.0,82.0,86.0,36.0,Guardian,supporter,A_governed,0,0.05,1,deny
93.0,68.0,60.0,91.0,75.0,94.0,86.0,100.0,Scholar,gentle,A_governed,0,0.6,0,allow
72.0,92.0,60.0,100.0,75.0,100.0,86.0,92.0,Healer,gentle,A_governed,0,0.6,0,allow
100.0,86.0,60.0,95.5,75.0,97.0,86.0,68.0,Trickster,challenger,A_governed,0,0.7,0,allow
65.0,100.0,60.0,66.5,75.0,91.0,86.0,82.0,Pioneer,explorer,A_governed,0,0.65,0,allow
93.0,100.0,55.0,62.0,75.0,79.0,83.0,98.0,Guardian,supporter,A_governed,0,0.6,0,allow
86.0,71.0,55.0,100.0,75.0,100.0,83.0,92.0,Scholar,gentle,A_governed,0,0.6,0,allow
65.0,95.0,55.0,100.0,75.0,100.0,83.0,84.0,Healer,gentle,A_governed,0,0.6,0,allow
93.0,89.0,55.0,100.0,75.0,100.0,83.0,60.0,Trickster,challenger,A_governed,0,0.6,0,allow
58.0,100.0,55.0,97.0,75.0,100.0,83.0,74.0,Pioneer,explorer,A_governed,0,0.6,0,allow
86.0,100.0,50.0,92.5,75.0,100.0,80.0,90.0,Guardian,supporter,A_governed,0,0.6,0,allow
79.0,74.0,50.0,100.0,75.0,100.0,80.0,84.0,Scholar,gentle,A_governed,0,0.6,0,allow
58.0,98.0,50.0,100.0,75.0,100.0,80.0,76.0,Healer,gentle,A_governed,0,0.6,0,allow
86.0,92.0,50.0,100.0,75.0,100.0,80.0,52.0,Trickster,challenger,A_governed,0,0.6,0,allow
51.0,100.0,50.0,100.0,75.0,100.0,80.0,66.0,Pioneer,explorer,A_governed,0,0.6,0,allow
79.0,100.0,85.0,88.0,75.0,97.0,77.0,82.0,Guardian,supporter,A_governed,0,0.9,0,allow
72.0,77.0,85.0,95.5,75.0,97.0,77.0,76.0,Scholar,gentle,A_governed,0,0.9,0,allow
51.0,100.0,85.0,95.5,75.0,97.0,77.0,68.0,Healer,gentle,A_governed,0,0.9,0,allow
79.0,95.0,45.0,95.5,75.0,97.0,77.0,100.0,Trickster,challenger,A_governed,0,0.6,0,allow
44.0,100.0,45.0,95.5,75.0,97.0,77.0,58.0,Pioneer,explorer,A_governed,0,0.7,0,allow
72.0,96.0,80.0,100.0,75.0,100.0,74.0,74.0,Guardian,supporter,A_governed,0,0.6,0,allow
65.0,73.0,80.0,100.0,75.0,100.0,74.0,68.0,Scholar,gentle,A_governed,0,0.6,0,allow
44.0,96.0,80.0,91.0,75.0,94.0,74.0,60.0,Healer,gentle,A_governed,0,0.7,0,allow
72.0,91.0,80.0,91.0,75.0,94.0,74.0,92.0,Trickster,challenger,A_governed,0,0.9,0,allow
37.0,96.0,40.0,91.0,75.0,94.0,74.0,50.0,Pioneer,explorer,A_governed,0,0.7,0,allow
65.0,92.0,75.0,100.0,75.0,100.0,71.0,66.0,Guardian,supporter,A_governed,0,0.6,0,allow
58.0,69.0,75.0,100.0,75.0,100.0,71.0,60.0,Scholar,gentle,A_governed,0,0.6,0,allow
37.0,92.0,75.0,86.5,75.0,91.0,71.0,52.0,Healer,gentle,A_governed,0,0.7,0,allow
65.0,87.0,75.0,100.0,75.0,100.0,71.0,84.0,Trickster,challenger,A_governed,0,0.6,0,allow
30.0,92.0,35.0,86.5,75.0,91.0,71.0,42.0,Pioneer,explorer,A_governed,0,0.7,0,allow
58.0,82.0,70.0,95.5,75.0,97.0,68.0,58.0,Guardian,supporter,A_governed,0,0.85,0,allow
100.0,65.0,70.0,95.5,75.0,97.0,68.0,52.0,Scholar,gentle,A_governed,0,0.7,0,allow
30.0,88.0,70.0,82.0,75.0,88.0,68.0,44.0,Healer,gentle,A_governed,0,0.7,0,allow
58.0,77.0,70.0,95.5,75.0,97.0,68.0,76.0,Trickster,challenger,A_governed,0,0.85,0,allow
73.0,88.0,30.0,82.0,75.0,88.0,68.0,34.0,Pioneer,explorer,A_governed,0,0.05,1,deny
100.0,78.0,65.0,91.0,75.0,94.0,65.0,50.0,Guardian,supporter,A_governed,0,0.7,0,allow
93.0,61.0,65.0,91.0,75.0,94.0,65.0,100.0,Scholar,gentle,A_governed,0,0.6,0,allow
100.0,84.0,65.0,77.5,75.0,85.0,65.0,36.0,Healer,gentle,A_governed,0,0.05,1,deny
100.0,73.0,65.0,91.0,75.0,94.0,65.0,68.0,Trickster,challenger,A_governed,0,0.7,0,allow
66.0,84.0,65.0,77.5,75.0,85.0,65.0,26.0,Pioneer,explorer,A_governed,0,0.9,0,allow
93.0,74.0,60.0,86.5,75.0,91.0,62.0,100.0,Guardian,supporter,A_governed,0,0.6,0,allow
86.0,51.0,60.0,86.5,75.0,91.0,62.0,92.0,Scholar,gentle,A_governed,0,0.85,0,allow
93.0,80.0,60.0,73.0,75.0,82.0,62.0,98.0,Healer,gentle,A_governed,0,0.6,0,allow
93.0,63.0,60.0,86.5,75.0,91.0,62.0,60.0,Trickster,challenger,A_governed,0,0.85,0,allow
59.0,80.0,60.0,73.0,75.0,82.0,62.0,88.0,Pioneer,explorer,A_governed,0,0.6,0,allow
86.0,64.0,55.0,82.0,75.0,88.0,59.0,92.0,Guardian,supporter,A_governed,0,0.85,0,allow
79.0,100.0,55.0,82.0,75.0,88.0,59.0,84.0,Scholar,gentle,A_governed,0,0.7,0,allow
86.0,70.0,55.0,68.5,75.0,79.0,59.0,90.0,Healer,gentle,A_governed,0,0.85,0,allow
86.0,53.0,55.0,82.0,75.0,88.0,59.0,52.0,Trickster,challenger,A_governed,0,0.85,0,allow
52.0,70.0,55.0,68.5,75.0,79.0,59.0,80.0,Pioneer,explorer,A_governed,0,0.85,0,allow
79.0,54.0,50.0,77.5,75.0,85.0,56.0,84.0,Guardian,supporter,A_governed,0,0.85,0,allow
72.0,90.0,50.0,77.5,75.0,85.0,56.0,76.0,Scholar,gentle,A_governed,0,0.85,0,allow
79.0,60.0,50.0,64.0,75.0,76.0,56.0,82.0,Healer,gentle,A_governed,0,0.85,0,allow
79.0,49.0,50.0,77.5,75.0,85.0,56.0,100.0,Trickster,challenger,A_governed,0,0.6,0,allow
100.0,66.0,50.0,64.0,75.0,76.0,56.0,72.0,Pioneer,explorer,A_governed,0,0.7,0,allow
72.0,50.0,85.0,73.0,75.0,82.0,53.0,76.0,Guardian,supporter,A_governed,0,0.9,0,allow
65.0,86.0,85.0,73.0,75.0,82.0,53.0,68.0,Scholar,gentle,A_governed,0,0.9,0,allow
72.0,56.0,85.0,59.5,75.0,73.0,53.0,74.0,Healer,gentle,A_governed,0,0.9,0,allow
72.0,100.0,45.0,73.0,75.0,82.0,53.0,92.0,Trickster,challenger,A_governed,0,0.7,0,allow
93.0,62.0,85.0,59.5,75.0,73.0,53.0,64.0,Pioneer,explorer,A_governed,0,0.9,0,allow
65.0,100.0,80.0,68.5,75.0,79.0,50.0,68.0,Guardian,supporter,A_governed,0,0.7,0,allow
58.0,76.0,80.0,68.5,75.0,79.0,50.0,60.0,Scholar,gentle,A_governed,0,0.85,0,allow
65.0,46.0,80.0,55.0,75.0,70.0,50.0,66.0,Healer,gentle,A_governed,0,0.85,0,allow
65.0,96.0,80.0,68.5,75.0,79.0,50.0,84.0,Trickster,challenger,A_governed,0,0.9,0,allow
86.0,52.0,80.0,55.0,75.0,70.0,50.0,56.0,Pioneer,explorer,A_governed,0,0.85,0,allow
58.0,96.0,75.0,64.0,75.0,76.0,97.0,60.0,Guardian,supporter,A_governed,0,0.65,0,allow
100.0,72.0,75.0,64.0,75.0,76.0,47.0,52.0,Scholar,gentle,A_governed,0,0.7,0,allow
58.0,100.0,75.0,50.5,75.0,67.0,47.0,58.0,Healer,gentle,A_governed,0,0.7,0,allow
58.0,92.0,75.0,64.0,75.0,76.0,97.0,76.0,Trickster,challenger,A_governed,0,0.65,0,allow
79.0,48.0,75.0,50.5,75.0,67.0,97.0,48.0,Pioneer,explorer,A_governed,0,0.65,0,allow
100.0,92.0,70.0,59.5,75.0,73.0,94.0,52.0,Guardian,supporter,A_governed,0,0.7,0,allow
93.0,68.0,70.0,59.5,75.0,73.0,94.0,44.0,Scholar,gentle,A_governed,0,0.65,0,allow
100.0,96.0,70.0,46.0,75.0,64.0,44.0,50.0,Healer,gentle,A_governed,0,0.7,0,allow
100.0,88.0,70.0,59.5,75.0,73.0,94.0,68.0,Trickster,challenger,A_governed,0,0.7,0,allow
72.0,44.0,70.0,46.0,75.0,64.0,94.0,100.0,Pioneer,explorer,A_governed,0,0.6,0,allow
93.0,88.0,65.0,55.0,75.0,70.0,91.0,100.0,Guardian,supporter,A_governed,0,0.6,0,allow
86.0,64.0,65.0,55.0,75.0,70.0,91.0,100.0,Scholar,gentle,A_governed,0,0.6,0,allow
93.0,92.0,65.0,41.5,75.0,61.0,91.0,42.0,Healer,gentle,A_governed,0,0.65,0,allow
93.0,78.0,65.0,55.0,75.0,70.0,91.0,60.0,Trickster,challenger,A_governed,0,0.85,0,allow
65.0,100.0,65.0,41.5,75.0,61.0,91.0,92.0,Pioneer,explorer,A_governed,0,0.7,0,allow
86.0,78.0,60.0,50.5,75.0,67.0,88.0,92.0,Guardian,supporter,A_governed,0,0.85,0,allow
79.0,54.0,60.0,50.5,75.0,67.0,88.0,92.0,Scholar,gentle,A_governed,0,0.85,0,allow
86.0,88.0,60.0,37.0,75.0,58.0,88.0,100.0,Healer,gentle,A_governed,0,0.6,0,allow
86.0,68.0,60.0,50.5,75.0,67.0,88.0,52.0,Trickster,challenger,A_governed,0,0.85,0,allow
58.0,96.0,60.0,72.0,75.0,88.0,88.0,84.0,Pioneer,explorer,A_governed,0,0.6,0,allow
79.0,74.0,55.0,81.0,75.0,94.0,85.0,84.0,Guardian,supporter,A_governed,0,0.6,0,allow
72.0,50.0,55.0,81.0,75.0,94.0,85.0,84.0,Scholar,gentle,A_governed,0,0.6,0,allow
79.0,84.0,55.0,67.5,75.0,85.0,85.0,92.0,Healer,gentle,A_governed,0,0.6,0,allow
79.0,64.0,55.0,46.0,75.0,64.0,85.0,100.0,Trickster,challenger,A_governed,0,0.6,0,allow
100.0,92.0,55.0,67.5,75.0,85.0,85.0,76.0,Pioneer,explorer,A_governed,0,0.7,0,allow
72.0,70.0,50.0,100.0,75.0,100.0,82.0,76.0,Guardian,supporter,A_governed,0,0.6,0,allow
65.0,100.0,50.0,76.5,75.0,91.0,82.0,76.0,Scholar,gentle,A_governed,0,0.7,0,allow
72.0,80.0,50.0,98.0,75.0,100.0,82.0,84.0,Healer,gentle,A_governed,0,0.6,0,allow
72.0,60.0,50.0,76.5,75.0,91.0,82.0,92.0,Trickster,challenger,A_governed,0,0.6,0,allow
93.0,88.0,50.0,98.0,75.0,100.0,82.0,68.0,Pioneer,explorer,A_governed,0,0.6,0,allow
65.0,66.0,85.0,95.5,75.0,97.0,79.0,68.0,Guardian,supporter,A_governed,0,0.9,0,allow
58.0,96.0,85.0,72.0,75.0,88.0,79.0,68.0,Scholar,gentle,A_governed,0,0.9,0,allow
65.0,76.0,85.0,93.5,75.0,97.0,79.0,76.0,Healer,gentle,A_governed,0,0.9,0,allow
65.0,56.0,85.0,72.0,75.0,88.0,79.0,84.0,Trickster,challenger,A_governed,0,0.9,0,allow
86.0,84.0,85.0,93.5,75.0,97.0,79.0,60.0,Pioneer,explorer,A_governed,0,0.9,0,allow
58.0,62.0,80.0,100.0,75.0,100.0,76.0,60.0,Guardian,supporter,A_governed,0,0.6,0,allow
100.0,92.0,80.0,67.5,75.0,85.0,76.0,60.0,Scholar,gentle,A_governed,0,0.7,0,allow
58.0,72.0,80.0,100.0,75.0,100.0,76.0,68.0,Healer,gentle,A_governed,0,0.6,0,allow
58.0,52.0,80.0,100.0,75.0,100.0,76.0,76.0,Trickster,challenger,A_governed,0,0.6,0,allow
79.0,80.0,80.0,100.0,75.0,100.0,76.0,52.0,Pioneer,explorer,A_governed,0,0.6,0,allow
100.0,65.0,75.0,95.5,75.0,97.0,73.0,52.0,Guardian,supporter,A_governed,0,0.7,0,allow
93.0,95.0,75.0,98.0,75.0,100.0,73.0,52.0,Scholar,gentle,A_governed,0,0.6,0,allow
100.0,75.0,75.0,95.5,75.0,97.0,73.0,60.0,Healer,gentle,A_governed,0,0.7,0,allow
100.0,55.0,75.0,95.5,75.0,97.0,73.0,68.0,Trickster,challenger,A_governed,0,0.7,0,allow
72.0,83.0,75.0,95.5,75.0,97.0,73.0,100.0,Pioneer,explorer,A_governed,0,0.6,0,allow
93.0,68.0,70.0,91.0,75.0,94.0,70.0,100.0,Guardian,supporter,A_governed,0,0.6,0,allow
86.0,98.0,70.0,93.5,75.0,97.0,70.0,100.0,Scholar,gentle,A_governed,0,0.6,0,allow
93.0,78.0,70.0,100.0,75.0,100.0,70.0,52.0,Healer,gentle,A_governed,0,0.6,0,allow
93.0,58.0,70.0,100.0,75.0,100.0,70.0,60.0,Trickster,challenger,A_governed,0,0.6,0,allow
65.0,86.0,70.0,100.0,75.0,100.0,70.0,92.0,Pioneer,explorer,A_governed,0,0.6,0,allow
86.0,71.0,65.0,100.0,75.0,100.0,67.0,92.0,Guardian,supporter,A_governed,0,0.6,0,allow
79.0,100.0,65.0,100.0,75.0,100.0,67.0,92.0,Scholar,gentle,A_governed,0,0.6,0,allow
86.0,81.0,65.0,95.5,75.0,97.0,67.0,100.0,Healer,gentle,A_governed,0,0.6,0,allow
86.0,61.0,65.0,100.0,75.0,100.0,67.0,52.0,Trickster,challenger,A_governed,0,0.6,0,allow
58.0,89.0,65.0,100.0,75.0,100.0,67.0,84.0,Pioneer,explorer,A_governed,0,0.6,0,allow
79.0,74.0,60.0,100.0,75.0,100.0,64.0,84.0,Guardian,supporter,A_governed,0,0.6,0,allow
72.0,100.0,60.0,100.0,75.0,100.0,64.0,84.0,Scholar,gentle,A_governed,0,0.6,0,allow
79.0,84.0,60.0,100.0,75.0,100.0,64.0,92.0,Healer,gentle,A_governed,0,0.6,0,allow
79.0,64.0,60.0,95.5,75.0,97.0,64.0,100.0,Trickster,challenger,A_governed,0,0.6,0,allow
100.0,92.0,60.0,95.5,75.0,97.0,64.0,76.0,Pioneer,explorer,A_governed,0,0.7,0,allow
72.0,77.0,55.0,100.0,75.0,100.0,61.0,76.0,Guardian,supporter,A_governed,0,0.6,0,allow
65.0,100.0,55.0,100.0,75.0,100.0,61.0,76.0,Scholar,gentle,A_governed,0,0.6,0,allow
72.0,87.0,55.0,100.0,75.0,100.0,61.0,84.0,Healer,gentle,A_governed,0,0.6,0,allow
72.0,67.0,55.0,100.0,75.0,100.0,61.0,92.0,Trickster,challenger,A_governed,0,0.6,0,allow
93.0,95.0,55.0,100.0,75.0,100.0,61.0,68.0,Pioneer,explorer,A_governed,0,0.6,0,allow
65.0,80.0,50.0,100.0,75.0,100.0,58.0,68.0,Guardian,supporter,A_governed,0,0.6,0,allow
58.0,100.0,50.0,100.0,75.0,100.0,58.0,68.0,Scholar,gentle,A_governed,0,0.6,0,allow
65.0,90.0,50.0,100.0,75.0,100.0,58.0,76.0,Healer,gentle,A_governed,0,0.6,0,allow
65.0,70.0,50.0,100.0,75.0,100.0,58.0,84.0,Trickster,challenger,A_governed,0,0.6,0,allow
86.0,98.0,50.0,100.0,75.0,100.0,58.0,60.0,Pioneer,explorer,A_governed,0,0.6,0,allow
58.0,83.0,85.0,95.5,75.0,97.0,55.0,60.0,Guardian,supporter,A_governed,0,0.9,0,allow
100.0,100.0,45.0,95.5,75.0,97.0,55.0,60.0,Scholar,gentle,A_governed,0,0.7,0,allow
58.0,93.0,85.0,95.5,75.0,97.0,55.0,68.0,Healer,gentle,A_governed,0,0.9,0,allow
58.0,73.0,85.0,95.5,75.0,97.0,55.0,76.0,Trickster,challenger,A_governed,0,0.9,0,allow
79.0,100.0,85.0,95.5,75.0,97.0,55.0,52.0,Pioneer,explorer,A_governed,0,0.9,0,allow
100.0,79.0,80.0,91.0,75.0,94.0,52.0,52.0,Guardian,supporter,A_governed,0,0.7,0,allow
93.0,96.0,80.0,91.0,75.0,94.0,52.0,52.0,Scholar,gentle,A_governed,0,0.9,0,allow
100.0,89.0,80.0,91.0,75.0,94.0,52.0,60.0,Healer,gentle,A_governed,0,0.7,0,allow
100.0,69.0,80.0,91.0,75.0,94.0,52.0,68.0,Trickster,challenger,A_governed,0,0.7,0,allow
72.0,96.0,80.0,91.0,75.0,94.0,52.0,100.0,Pioneer,explorer,A_governed,0,0.6,0,allow
93.0,75.0,75.0,86.5,75.0,91.0,49.0,100.0,Guardian,supporter,A_governed,0,0.6,0,allow
86.0,92.0,75.0,86.5,75.0,91.0,49.0,100.0,Scholar,gentle,A_governed,0,0.6,0,allow
93.0,85.0,75.0,86.5,75.0,91.0,99.0,52.0,Healer,gentle,A_governed,0,0.65,0,allow
93.0,65.0,75.0,86.5,75.0,91.0,99.0,60.0,Trickster,challenger,A_governed,0,0.65,0,allow
65.0,92.0,75.0,86.5,75.0,91.0,99.0,92.0,Pioneer,explorer,A_governed,0,0.65,0,allow
86.0,71.0,70.0,82.0,75.0,88.0,96.0,92.0,Guardian,supporter,A_governed,0,0.65,0,allow
79.0,88.0,70.0,82.0,75.0,88.0,96.0,92.0,Scholar,gentle,A_governed,0,0.65,0,allow
86.0,81.0,70.0,82.0,75.0,88.0,96.0,100.0,Healer,gentle,A_governed,0,0.6,0,allow
86.0,55.0,70.0,82.0,75.0,88.0,96.0,52.0,Trickster,challenger,A_governed,0,0.85,0,allow
58.0,82.0,70.0,82.0,75.0,88.0,96.0,84.0,Pioneer,explorer,A_governed,0,0.85,0,allow
79.0,61.0,65.0,77.5,75.0,85.0,93.0,84.0,Guardian,supporter,A_governed,0,0.85,0,allow
72.0,78.0,65.0,77.5,75.0,85.0,93.0,84.0,Scholar,gentle,A_governed,0,0.85,0,allow
79.0,71.0,65.0,77.5,75.0,85.0,93.0,92.0,Healer,gentle,A_governed,0,0.85,0,allow
79.0,51.0,65.0,77.5,75.0,85.0,93.0,100.0,Trickster,challenger,A_governed,0,0.6,0,allow
100.0,78.0,65.0,77.5,75.0,85.0,93.0,76.0,Pioneer,explorer,A_governed,0,0.7,0,allow
72.0,51.0,60.0,73.0,75.0,82.0,90.0,76.0,Guardian,supporter,A_governed,0,0.85,0,allow
65.0,68.0,60.0,73.0,75.0,82.0,90.0,76.0,Scholar,gentle,A_governed,0,0.85,0,allow
72.0,61.0,60.0,73.0,75.0,82.0,90.0,84.0,Healer,gentle,A_governed,0,0.85,0,allow
72.0,100.0,60.0,73.0,75.0,82.0,90.0,92.0,Trickster,challenger,A_governed,0,0.7,0,allow
93.0,68.0,60.0,73.0,75.0,82.0,90.0,68.0,Pioneer,explorer,A_governed,0,0.85,0,allow
65.0,100.0,55.0,68.5,75.0,79.0,87.0,68.0,Guardian,supporter,A_governed,0,0.7,0,allow
58.0,58.0,55.0,68.5,75.0,79.0,87.0,68.0,Scholar,gentle,A_governed,0,0.85,0,allow
65.0,51.0,55.0,68.5,75.0,79.0,87.0,76.0,Healer,gentle,A_governed,0,0.85,0,allow
65.0,90.0,55.0,68.5,75.0,79.0,87.0,84.0,Trickster,challenger,A_governed,0,0.85,0,allow
86.0,58.0,55.0,68.5,75.0,79.0,87.0,60.0,Pioneer,explorer,A_governed,0,0.85,0,allow
58.0,90.0,50.0,64.0,75.0,76.0,84.0,60.0,Guardian,supporter,A_governed,0,0.85,0,allow
100.0,54.0,50.0,64.0,75.0,76.0,84.0,60.0,Scholar,gentle,A_governed,0,0.7,0,allow
58.0,100.0,50.0,64.0,75.0,76.0,84.0,68.0,Healer,gentle,A_governed,0,0.7,0,allow
58.0,80.0,50.0,64.0,75.0,76.0,84.0,76.0,Trickster,challenger,A_governed,0,0.85,0,allow
79.0,48.0,50.0,64.0,75.0,76.0,84.0,52.0,Pioneer,explorer,A_governed,0,0.85,0,allow
100.0,86.0,45.0,59.5,75.0,73.0,81.0,52.0,Guardian,supporter,A_governed,0,0.7,0,allow
93.0,50.0,85.0,59.5,75.0,73.0,81.0,52.0,Scholar,gentle,A_governed,0,0.9,0,allow
100.0,96.0,45.0,59.5,75.0,73.0,81.0,60.0,Healer,gentle,A_governed,0,0.7,0,allow
100.0,76.0,45.0,59.5,75.0,73.0,81.0,68.0,Trickster,challenger,A_governed,0,0.7,0,allow
72.0,100.0,45.0,59.5,75.0,73.0,81.0,44.0,Pioneer,explorer,A_governed,0,0.7,0,allow
93.0,82.0,80.0,55.0,75.0,70.0,78.0,44.0,Guardian,supporter,A_governed,0,0.9,0,allow
86.0,46.0,80.0,55.0,75.0,70.0,78.0,100.0,Scholar,gentle,A_governed,0,0.6,0,allow
93.0,92.0,80.0,55.0,75.0,70.0,78.0,52.0,Healer,gentle,A_governed,0,0.9,0,allow
93.0,72.0,80.0,55.0,75.0,70.0,78.0,60.0,Trickster,challenger,A_governed,0,0.9,0,allow
65.0,96.0,40.0,55.0,75.0,70.0,78.0,100.0,Pioneer,explorer,A_governed,0,0.6,0,allow
86.0,78.0,75.0,50.5,75.0,67.0,75.0,100.0,Guardian,supporter,A_governed,0,0.6,0,allow
79.0,100.0,75.0,50.5,75.0,67.0,75.0,92.0,Scholar,gentle,A_governed,0,0.7,0,allow
86.0,88.0,75.0,50.5,75.0,67.0,75.0,100.0,Healer,gentle,A_governed,0,0.6,0,allow
86.0,62.0,75.0,50.5,75.0,67.0,75.0,52.0,Trickster,challenger,A_governed,0,0.85,0,allow
58.0,92.0,75.0,50.5,75.0,67.0,75.0,92.0,Pioneer,explorer,A_governed,0,0.9,0,allow
79.0,74.0,70.0,81.0,75.0,94.0,72.0,92.0,Guardian,supporter,A_governed,0,0.6,0,allow
72.0,96.0,70.0,81.0,75.0,94.0,72.0,84.0,Scholar,gentle,A_governed,0,0.6,0,allow
79.0,84.0,70.0,81.0,75.0,94.0,72.0,92.0,Healer,gentle,A_governed,0,0.6,0,allow
79.0,58.0,70.0,46.0,75.0,64.0,72.0,100.0,Trickster,challenger,A_governed,0,0.6,0,allow
100.0,88.0,70.0,46.0,75.0,64.0,72.0,84.0,Pioneer,explorer,A_governed,0,0.7,0,allow
72.0,64.0,65.0,76.5,75.0,91.0,69.0,84.0,Guardian,supporter,A_governed,0,0.85,0,allow
65.0,86.0,65.0,76.5,75.0,91.0,69.0,76.0,Scholar,gentle,A_governed,0,0.85,0,allow
72.0,74.0,65.0,76.5,75.0,91.0,69.0,84.0,Healer,gentle,A_governed,0,0.85,0,allow
72.0,54.0,65.0,76.5,75.0,91.0,69.0,92.0,Trickster,challenger,A_governed,0,0.6,0,allow
93.0,84.0,65.0,76.5,75.0,91.0,69.0,76.0,Pioneer,explorer,A_governed,0,0.6,0,allow
65.0,54.0,60.0,72.0,75.0,88.0,66.0,76.0,Guardian,supporter,A_governed,0,0.85,0,allow
58.0,76.0,60.0,72.0,75.0,88.0,66.0,68.0,Scholar,gentle,A_governed,0,0.85,0,allow
65.0,64.0,60.0,72.0,75.0,88.0,66.0,76.0,Healer,gentle,A_governed,0,0.85,0,allow
65.0,44.0,60.0,72.0,75.0,88.0,66.0,84.0,Trickster,challenger,A_governed,0,0.85,0,allow
86.0,74.0,60.0,72.0,75.0,88.0,66.0,68.0,Pioneer,explorer,A_governed,0,0.85,0,allow
58.0,50.0,55.0,100.0,75.0,100.0,63.0,68.0,Guardian,supporter,A_governed,0,0.6,0,allow
100.0,72.0,55.0,67.5,75.0,85.0,63.0,60.0,Scholar,gentle,A_governed,0,0.7,0,allow
58.0,60.0,55.0,100.0,75.0,100.0,63.0,68.0,Healer,gentle,A_governed,0,0.6,0,allow
58.0,100.0,55.0,67.5,75.0,85.0,63.0,76.0,Trickster,challenger,A_governed,0,0.7,0,allow
79.0,70.0,55.0,100.0,75.0,100.0,63.0,60.0,Pioneer,explorer,A_governed,0,0.6,0,allow
100.0,46.0,50.0,95.5,75.0,97.0,60.0,60.0,Guardian,supporter,A_governed,0,0.7,0,allow
93.0,68.0,50.0,98.0,75.0,100.0,60.0,52.0,Scholar,gentle,A_governed,0,0.6,0,allow
100.0,56.0,50.0,95.5,75.0,97.0,60.0,60.0,Healer,gentle,A_governed,0,0.7,0,allow
100.0,96.0,50.0,63.0,75.0,82.0,60.0,68.0,Trickster,challenger,A_governed,0,0.7,0,allow
72.0,66.0,50.0,100.0,75.0,100.0,60.0,52.0,Pioneer,explorer,A_governed,0,0.6,0,allow
93.0,100.0,45.0,91.0,75.0,94.0,57.0,52.0,Guardian,supporter,A_governed,0,0.7,0,allow
86.0,64.0,45.0,93.5,75.0,97.0,57.0,100.0,Scholar,gentle,A_governed,0,0.6,0,allow
93.0,52.0,85.0,91.0,75.0,94.0,57.0,52.0,Healer,gentle,A_governed,0,0.9,0,allow
93.0,92.0,85.0,58.5,75.0,79.0,57.0,60.0,Trickster,challenger,A_governed,0,0.9,0,allow
65.0,62.0,45.0,95.5,75.0,97.0,57.0,100.0,Pioneer,explorer,A_governed,0,0.6,0,allow
86.0,96.0,80.0,86.5,75.0,91.0,54.0,44.0,Guardian,supporter,A_governed,0,0.9,0,allow
79.0,60.0,80.0,89.0,75.0,94.0,54.0,92.0,Scholar,gentle,A_governed,0,0.9,0,allow
86.0,48.0,80.0,86.5,75.0,91.0,54.0,100.0,Healer,gentle,A_governed,0,0.6,0,allow
86.0,88.0,80.0,89.0,75.0,100.0,54.0,52.0,Trickster,challenger,A_governed,0,0.6,0,allow
58.0,58.0,80.0,91.0,75.0,94.0,54.0,92.0,Pioneer,explorer,A_governed,0,0.9,0,allow
79.0,99.0,75.0,82.0,75.0,88.0,51.0,100.0,Guardian,supporter,A_governed,0,0.6,0,allow
72.0,63.0,75.0,100.0,75.0,100.0,51.0,84.0,Scholar,gentle,A_governed,0,0.6,0,allow
79.0,51.0,75.0,100.0,75.0,100.0,51.0,92.0,Healer,gentle,A_governed,0,0.6,0,allow
79.0,91.0,75.0,84.5,75.0,97.0,51.0,100.0,Trickster,challenger,A_governed,0,0.6,0,allow
100.0,61.0,75.0,86.5,75.0,91.0,51.0,84.0,Pioneer,explorer,A_governed,0,0.7,0,allow
72.0,100.0,70.0,77.5,75.0,85.0,98.0,92.0,Guardian,supporter,A_governed,0,0.65,0,allow
65.0,66.0,70.0,95.5,75.0,97.0,98.0,76.0,Scholar,gentle,A_governed,0,0.65,0,allow
72.0,54.0,70.0,95.5,75.0,97.0,98.0,84.0,Healer,gentle,A_governed,0,0.65,0,allow
72.0,94.0,70.0,80.0,75.0,94.0,98.0,92.0,Trickster,challenger,A_governed,0,0.65,0,allow
93.0,64.0,70.0,82.0,75.0,88.0,98.0,76.0,Pioneer,explorer,A_governed,0,0.65,0,allow
65.0,100.0,65.0,100.0,75.0,100.0,95.0,84.0,Guardian,supporter,A_governed,0,0.6,0,allow
58.0,69.0,65.0,100.0,75.0,100.0,95.0,68.0,Scholar,gentle,A_governed,0,0.6,0,allow
65.0,57.0,65.0,100.0,75.0,100.0,95.0,76.0,Healer,gentle,A_governed,0,0.6,0,allow
65.0,97.0,65.0,100.0,75.0,100.0,95.0,84.0,Trickster,challenger,A_governed,0,0.6,0,allow
86.0,67.0,65.0,100.0,75.0,100.0,95.0,68.0,Pioneer,explorer,A_governed,0,0.6,0,allow
58.0,100.0,60.0,100.0,75.0,100.0,92.0,76.0,Guardian,supporter,A_governed,0,0.6,0,allow
100.0,72.0,60.0,95.5,75.0,97.0,92.0,60.0,Scholar,gentle,A_governed,0,0.7,0,allow
58.0,60.0,60.0,100.0,75.0,100.0,92.0,68.0,Healer,gentle,A_governed,0,0.6,0,allow
58.0,100.0,60.0,100.0,75.0,100.0,92.0,76.0,Trickster,challenger,A_governed,0,0.6,0,allow
79.0,70.0,60.0,100.0,75.0,100.0,92.0,60.0,Pioneer,explorer,A_governed,0,0.6,0,allow
100.0,100.0,55.0,95.5,75.0,97.0,89.0,68.0,Guardian,supporter,A_governed,0,0.7,0,allow
93.0,75.0,55.0,100.0,75.0,100.0,89.0,52.0,Scholar,gentle,A_governed,0,0.6,0,allow
100.0,63.0,55.0,95.5,75.0,97.0,89.0,60.0,Healer,gentle,A_governed,0,0.7,0,allow
100.0,100.0,55.0,95.5,75.0,97.0,89.0,68.0,Trickster,challenger,A_governed,0,0.7,0,allow
72.0,73.0,55.0,100.0,75.0,100.0,89.0,52.0,Pioneer,explorer,A_governed,0,0.6,0,allow
93.0,100.0,50.0,100.0,75.0,100.0,86.0,60.0,Guardian,supporter,A_governed,0,0.6,0,allow
86.0,78.0,50.0,95.5,75.0,97.0,86.0,100.0,Scholar,gentle,A_governed,0,0.6,0,allow
93.0,66.0,50.0,100.0,75.0,100.0,86.0,52.0,Healer,gentle,A_governed,0,0.6,0,allow
93.0,100.0,50.0,100.0,75.0,100.0,86.0,60.0,Trickster,challenger,A_governed,0,0.6,0,allow
65.0,76.0,50.0,95.5,75.0,97.0,86.0,100.0,Pioneer,explorer,A_governed,0,0.6,0,allow
86.0,100.0,85.0,95.5,75.0,97.0,83.0,52.0,Guardian,supporter,A_governed,0,0.9,0,allow
79.0,81.0,85.0,91.0,75.0,94.0,83.0,92.0,Scholar,gentle,A_governed,0,0.9,0,allow
86.0,69.0,45.0,95.5,75.0,97.0,83.0,100.0,Healer,gentle,A_governed,0,0.6,0,allow
86.0,100.0,85.0,95.5,75.0,97.0,83.0,52.0,Trickster,challenger,A_governed,0,0.9,0,allow
58.0,79.0,85.0,91.0,75.0,94.0,83.0,92.0,Pioneer,explorer,A_governed,0,0.9,0,allow
79.0,96.0,80.0,91.0,75.0,94.0,80.0,100.0,Guardian,supporter,A_governed,0,0.6,0,allow
72.0,77.0,80.0,100.0,75.0,100.0,80.0,84.0,Scholar,gentle,A_governed,0,0.6,0,allow
79.0,65.0,80.0,91.0,75.0,94.0,80.0,92.0,Healer,gentle,A_governed,0,0.9,0,allow
79.0,96.0,80.0,91.0,75.0,94.0,80.0,100.0,Trickster,challenger,A_governed,0,0.6,0,allow
100.0,75.0,80.0,86.5,75.0,91.0,80.0,84.0,Pioneer,explorer,A_governed,0,0.7,0,allow
72.0,92.0,75.0,100.0,75.0,100.0,77.0,92.0,Guardian,supporter,A_governed,0,0.6,0,allow
65.0,73.0,75.0,100.0,75.0,100.0,77.0,76.0,Scholar,gentle,A_governed,0,0.6,0,allow
72.0,61.0,75.0,100.0,75.0,100.0,77.0,84.0,Healer,gentle,A_governed,0,0.6,0,allow
72.0,92.0,75.0,100.0,75.0,100.0,77.0,92.0,Trickster,challenger,A_governed,0,0.6,0,allow
93.0,71.0,75.0,100.0,75.0,100.0,77.0,76.0,Pioneer,explorer,A_governed,0,0.6,0,allow
65.0,82.0,70.0,95.5,75.0,97.0,74.0,84.0,Guardian,supporter,A_governed,0,0.85,0,allow
58.0,63.0,70.0,95.5,75.0,97.0,74.0,68.0,Scholar,gentle,A_governed,0,0.85,0,allow
65.0,51.0,70.0,95.5,75.0,97.0,74.0,76.0,Healer,gentle,A_governed,0,0.85,0,allow
65.0,82.0,70.0,95.5,75.0,97.0,74.0,84.0,Trickster,challenger,A_governed,0,0.85,0,allow
86.0,61.0,70.0,95.5,75.0,97.0,74.0,68.0,Pioneer,explorer,A_governed,0,0.85,0,allow
58.0,72.0,65.0,91.0,75.0,94.0,71.0,76.0,Guardian,supporter,A_governed,0,0.85,0,allow
100.0,59.0,65.0,91.0,75.0,94.0,71.0,60.0,Scholar,gentle,A_governed,0,0.7,0,allow
58.0,100.0,65.0,91.0,75.0,94.0,71.0,68.0,Healer,gentle,A_governed,0,0.7,0,allow
58.0,72.0,65.0,91.0,75.0,94.0,71.0,76.0,Trickster,challenger,A_governed,0,0.85,0,allow
79.0,51.0,65.0,91.0,75.0,94.0,71.0,60.0,Pioneer,explorer,A_governed,0,0.85,0,allow
100.0,68.0,60.0,86.5,75.0,91.0,68.0,68.0,Guardian,supporter,A_governed,0,0.7,0,allow
93.0,49.0,60.0,86.5,75.0,91.0,68.0,52.0,Scholar,gentle,A_governed,0,0.85,0,allow
100.0,96.0,60.0,86.5,75.0,91.0,68.0,60.0,Healer,gentle,A_governed,0,0.7,0,allow
100.0,68.0,60.0,86.5,75.0,91.0,68.0,68.0,Trickster,challenger,A_governed,0,0.7,0,allow
72.0,100.0,60.0,86.5,75.0,91.0,68.0,52.0,Pioneer,explorer,A_governed,0,0.7,0,allow
93.0,58.0,55.0,82.0,75.0,88.0,65.0,60.0,Guardian,supporter,A_governed,0,0.85,0,allow
86.0,45.0,55.0,82.0,75.0,88.0,65.0,100.0,Scholar,gentle,A_governed,0,0.6,0,allow
93.0,86.0,55.0,82.0,75.0,88.0,65.0,52.0,Healer,gentle,A_governed,0,0.85,0,allow
93.0,58.0,55.0,82.0,75.0,88.0,65.0,60.0,Trickster,challenger,A_governed,0,0.85,0,allow
65.0,96.0,55.0,82.0,75.0,88.0,65.0,100.0,Pioneer,explorer,A_governed,0,0.6,0,allow
86.0,48.0,50.0,77.5,75.0,85.0,62.0,52.0,Guardian,supporter,A_governed,0,0.85,0,allow
79.0,100.0,50.0,77.5,75.0,85.0,62.0,92.0,Scholar,gentle,A_governed,0,0.7,0,allow
86.0,82.0,50.0,77.5,75.0,85.0,62.0,100.0,Healer,gentle,A_governed,0,0.6,0,allow
86.0,48.0,50.0,77.5,75.0,85.0,62.0,52.0,Trickster,challenger,A_governed,0,0.85,0,allow
58.0,86.0,50.0,77.5,75.0,85.0,62.0,92.0,Pioneer,explorer,A_governed,0,0.85,0,allow
79.0,100.0,45.0,73.0,75.0,82.0,59.0,44.0,Guardian,supporter,A_governed,0,0.7,0,allow
72.0,96.0,85.0,73.0,75.0,82.0,59.0,84.0,Scholar,gentle,A_governed,0,0.9,0,allow
79.0,78.0,85.0,73.0,75.0,82.0,59.0,92.0,Healer,gentle,A_governed,0,0.9,0,allow
79.0,100.0,45.0,73.0,75.0,82.0,59.0,44.0,Trickster,challenger,A_governed,0,0.7,0,allow
100.0,82.0,45.0,73.0,75.0,82.0,59.0,84.0,Pioneer,explorer,A_governed,0,0.7,0,allow
72.0,96.0,40.0,68.5,75.0,79.0,56.0,100.0,Guardian,supporter,A_governed,0,0.6,0,allow
65.0,86.0,80.0,68.5,75.0,79.0,56.0,76.0,Scholar,gentle,A_governed,0,0.85,0,allow
72.0,68.0,80.0,68.5,75.0,79.0,56.0,84.0,Healer,gentle,A_governed,0,0.85,0,allow
72.0,96.0,40.0,68.5,75.0,79.0,56.0,100.0,Trickster,challenger,A_governed,0,0.6,0,allow
93.0,78.0,80.0,68.5,75.0,79.0,56.0,76.0,Pioneer,explorer,A_governed,0,0.9,0,allow
65.0,92.0,75.0,64.0,75.0,76.0,53.0,92.0,Guardian,supporter,A_governed,0,0.9,0,allow
58.0,76.0,75.0,64.0,75.0,76.0,53.0,68.0,Scholar,gentle,A_governed,0,0.85,0,allow
65.0,58.0,75.0,64.0,75.0,76.0,53.0,76.0,Healer,gentle,A_governed,0,0.85,0,allow
65.0,92.0,75.0,64.0,75.0,76.0,53.0,92.0,Trickster,challenger,A_governed,0,0.9,0,allow
86.0,68.0,75.0,64.0,75.0,76.0,53.0,68.0,Pioneer,explorer,A_governed,0,0.85,0,allow
58.0,82.0,70.0,59.5,75.0,73.0,50.0,84.0,Guardian,supporter,A_governed,0,0.85,0,allow
100.0,72.0,70.0,59.5,75.0,73.0,50.0,60.0,Scholar,gentle,A_governed,0,0.7,0,allow
58.0,48.0,70.0,59.5,75.0,73.0,50.0,68.0,Healer,gentle,A_governed,0,0.85,0,allow
58.0,82.0,70.0,59.5,75.0,73.0,50.0,84.0,Trickster,challenger,A_governed,0,0.85,0,allow
79.0,58.0,70.0,59.5,75.0,73.0,50.0,60.0,Pioneer,explorer,A_governed,0,0.85,0,allow
100.0,78.0,65.0,55.0,75.0,70.0,47.0,76.0,Guardian,supporter,A_governed,0,0.7,0,allow
93.0,68.0,65.0,55.0,75.0,70.0,97.0,52.0,Scholar,gentle,A_governed,0,0.65,0,allow
100.0,44.0,65.0,55.0,75.0,70.0,47.0,60.0,Healer,gentle,A_governed,0,0.7,0,allow
100.0,78.0,65.0,55.0,75.0,70.0,47.0,76.0,Trickster,challenger,A_governed,0,0.7,0,allow
72.0,54.0,65.0,55.0,75.0,70.0,97.0,52.0,Pioneer,explorer,A_governed,0,0.65,0,allow
93.0,74.0,60.0,50.5,75.0,67.0,94.0,68.0,Guardian,supporter,A_governed,0,0.65,0,allow
86.0,64.0,60.0,50.5,75.0,67.0,94.0,100.0,Scholar,gentle,A_governed,0,0.6,0,allow
93.0,100.0,60.0,50.5,75.0,67.0,44.0,52.0,Healer,gentle,A_governed,0,0.7,0,allow
93.0,74.0,60.0,50.5,75.0,67.0,94.0,68.0,Trickster,challenger,A_governed,0,0.65,0,allow
65.0,50.0,60.0,50.5,75.0,67.0,94.0,100.0,Pioneer,explorer,A_governed,0,0.6,0,allow
86.0,70.0,55.0,81.0,75.0,94.0,91.0,60.0,Guardian,supporter,A_governed,0,0.6,0,allow
79.0,60.0,55.0,81.0,75.0,94.0,91.0,92.0,Scholar,gentle,A_governed,0,0.6,0,allow
86.0,96.0,55.0,46.0,75.0,64.0,91.0,44.0,Healer,gentle,A_governed,0,0.65,0,allow
86.0,70.0,55.0,81.0,75.0,94.0,91.0,60.0,Trickster,challenger,A_governed,0,0.6,0,allow
58.0,100.0,55.0,46.0,75.0,64.0,91.0,92.0,Pioneer,explorer,A_governed,0,0.7,0,allow
79.0,66.0,50.0,100.0,75.0,100.0,88.0,52.0,Guardian,supporter,A_governed,0,0.6,0,allow
72.0,56.0,50.0,100.0,75.0,100.0,88.0,84.0,Scholar,gentle,A_governed,0,0.6,0,allow
79.0,92.0,50.0,41.5,75.0,61.0,88.0,100.0,Healer,gentle,A_governed,0,0.6,0,allow
79.0,66.0,50.0,100.0,75.0,100.0,88.0,52.0,Trickster,challenger,A_governed,0,0.6,0,allow
100.0,96.0,50.0,41.5,75.0,61.0,88.0,84.0,Pioneer,explorer,A_governed,0,0.7,0,allow
72.0,62.0,45.0,95.5,75.0,97.0,85.0,100.0,Guardian,supporter,A_governed,0,0.6,0,allow
65.0,52.0,85.0,95.5,75.0,97.0,85.0,76.0,Scholar,gentle,A_governed,0,0.9,0,allow
72.0,88.0,45.0,72.0,75.0,88.0,85.0,92.0,Healer,gentle,A_governed,0,0.6,0,allow
72.0,62.0,45.0,95.5,75.0,97.0,85.0,100.0,Trickster,challenger,A_governed,0,0.6,0,allow
93.0,92.0,45.0,72.0,75.0,88.0,85.0,76.0,Pioneer,explorer,A_governed,0,0.6,0,allow
65.0,58.0,80.0,91.0,75.0,94.0,82.0,92.0,Guardian,supporter,A_governed,0,0.9,0,allow
58.0,100.0,80.0,91.0,75.0,94.0,82.0,68.0,Scholar,gentle,A_governed,0,0.7,0,allow
65.0,84.0,80.0,67.5,75.0,85.0,82.0,84.0,Healer,gentle,A_governed,0,0.9,0,allow
65.0,58.0,80.0,91.0,75.0,94.0,82.0,92.0,Trickster,challenger,A_governed,0,0.9,0,allow
86.0,88.0,80.0,67.5,75.0,85.0,82.0,68.0,Pioneer,explorer,A_governed,0,0.9,0,allow
58.0,61.0,75.0,100.0,75.0,100.0,79.0,84.0,Guardian,supporter,A_governed,0,0.6,0,allow
100.0,100.0,75.0,86.5,75.0,91.0,79.0,60.0,Scholar,gentle,A_governed,0,0.7,0,allow
58.0,87.0,75.0,98.0,75.0,100.0,79.0,76.0,Healer,gentle,A_governed,0,0.6,0,allow
58.0,61.0,75.0,100.0,75.0,100.0,79.0,84.0,Trickster,challenger,A_governed,0,0.6,0,allow
79.0,91.0,75.0,98.0,75.0,100.0,79.0,60.0,Pioneer,explorer,A_governed,0,0.6,0,allow
100.0,64.0,70.0,95.5,75.0,97.0,76.0,76.0,Guardian,supporter,A_governed,0,0.7,0,allow
93.0,100.0,70.0,100.0,75.0,100.0,76.0,52.0,Scholar,gentle,A_governed,0,0.6,0,allow
100.0,90.0,70.0,93.5,75.0,97.0,76.0,68.0,Healer,gentle,A_governed,0,0.7,0,allow
100.0,64.0,70.0,95.5,75.0,97.0,76.0,76.0,Trickster,challenger,A_governed,0,0.7,0,allow
72.0,94.0,70.0,100.0,75.0,100.0,76.0,52.0,Pioneer,explorer,A_governed,0,0.6,0,allow
93.0,67.0,65.0,100.0,75.0,100.0,73.0,68.0,Guardian,supporter,A_governed,0,0.6,0,allow
86.0,100.0,65.0,95.5,75.0,97.0,73.0,100.0,Scholar,gentle,A_governed,0,0.6,0,allow
93.0,93.0,65.0,100.0,75.0,100.0,73.0,60.0,Healer,gentle,A_governed,0,0.6,0,allow
93.0,67.0,65.0,100.0,75.0,100.0,73.0,68.0,Trickster,challenger,A_governed,0,0.6,0,allow
65.0,97.0,65.0,95.5,75.0,97.0,73.0,100.0,Pioneer,explorer,A_governed,0,0.6,0,allow
86.0,70.0,60.0,100.0,75.0,100.0,70.0,60.0,Guardian,supporter,A_governed,0,0.6,0,allow
79.0,100.0,60.0,100.0,75.0,100.0,70.0,92.0,Scholar,gentle,A_governed,0,0.6,0,allow
86.0,96.0,60.0,100.0,75.0,100.0,70.0,52.0,Healer,gentle,A_governed,0,0.6,0,allow
86.0,70.0,60.0,100.0,75.0,100.0,70.0,60.0,Trickster,challenger,A_governed,0,0.6,0,allow
58.0,100.0,60.0,100.0,75.0,100.0,70.0,92.0,Pioneer,explorer,A_governed,0,0.6,0,allow
79.0,73.0,55.0,100.0,75.0,100.0,67.0,52.0,Guardian,supporter,A_governed,0,0.6,0,allow
72.0,100.0,55.0,100.0,75.0,100.0,67.0,84.0,Scholar,gentle,A_governed,0,0.6,0,allow
79.0,99.0,55.0,95.5,75.0,97.0,67.0,100.0,Healer,gentle,A_governed,0,0.6,0,allow
79.0,73.0,55.0,100.0,75.0,100.0,67.0,52.0,Trickster,challenger,A_governed,0,0.6,0,allow
100.0,100.0,55.0,95.5,75.0,97.0,67.0,84.0,Pioneer,explorer,A_governed,0,0.7,0,allow
72.0,76.0,50.0,95.5,75.0,97.0,64.0,100.0,Guardian,supporter,A_governed,0,0.6,0,allow
65.0,100.0,50.0,100.0,75.0,100.0,64.0,76.0,Scholar,gentle,A_governed,0,0.6,0,allow
72.0,100.0,50.0,100.0,75.0,100.0,64.0,92.0,Healer,gentle,A_governed,0,0.6,0,allow
72.0,76.0,50.0,95.5,75.0,97.0,64.0,100.0,Trickster,challenger,A_governed,0,0.6,0,allow
93.0,100.0,50.0,100.0,75.0,100.0,64.0,76.0,Pioneer,explorer,A_governed,0,0.6,0,allow
65.0,79.0,85.0,91.0,75.0,94.0,61.0,92.0,Guardian,supporter,A_governed,0,0.9,0,allow
58.0,100.0,85.0,95.5,75.0,97.0,61.0,68.0,Scholar,gentle,A_governed,0,0.9,0,allow
65.0,100.0,85.0,95.5,75.0,97.0,61.0,84.0,Healer,gentle,A_governed,0,0.9,0,allow
65.0,79.0,85.0,91.0,75.0,94.0,61.0,92.0,Trickster,challenger,A_governed,0,0.9,0,allow
86.0,100.0,85.0,95.5,75.0,97.0,61.0,68.0,Pioneer,explorer,A_governed,0,0.9,0,allow
58.0,75.0,80.0,100.0,75.0,100.0,58.0,84.0,Guardian,supporter,A_governed,0,0.6,0,allow
100.0,96.0,80.0,91.0,75.0,94.0,58.0,60.0,Scholar,gentle,A_governed,0,0.7,0,allow
58.0,96.0,80.0,100.0,75.0,100.0,58.0,76.0,Healer,gentle,A_governed,0,0.6,0,allow
58.0,75.0,80.0,100.0,75.0,100.0,58.0,84.0,Trickster,challenger,A_governed,0,0.6,0,allow
79.0,96.0,80.0,100.0,75.0,100.0,58.0,60.0,Pioneer,explorer,A_governed,0,0.6,0,allow
100.0,71.0,75.0,95.5,75.0,97.0,55.0,76.0,Guardian,supporter,A_governed,0,0.7,0,allow
93.0,92.0,75.0,100.0,75.0,100.0,55.0,52.0,Scholar,gentle,A_governed,0,0.6,0,allow
100.0,92.0,75.0,95.5,75.0,97.0,55.0,68.0,Healer,gentle,A_governed,0,0.7,0,allow
100.0,71.0,75.0,95.5,75.0,97.0,55.0,76.0,Trickster,challenger,A_governed,0,0.7,0,allow
72.0,92.0,75.0,100.0,75.0,100.0,55.0,52.0,Pioneer,explorer,A_governed,0,0.6,0,allow
93.0,61.0,70.0,91.0,75.0,94.0,52.0,68.0,Guardian,supporter,A_governed,0,0.85,0,allow
86.0,88.0,70.0,95.5,75.0,97.0,52.0,100.0,Scholar,gentle,A_governed,0,0.6,0,allow
93.0,82.0,70.0,91.0,75.0,94.0,52.0,60.0,Healer,gentle,A_governed,0,0.85,0,allow
93.0,61.0,70.0,91.0,75.0,94.0,52.0,68.0,Trickster,challenger,A_governed,0,0.85,0,allow
65.0,88.0,70.0,95.5,75.0,97.0,52.0,100.0,Pioneer,explorer,A_governed,0,0.6,0,allow
86.0,57.0,65.0,86.5,75.0,91.0,99.0,60.0,Guardian,supporter,A_governed,0,0.65,0,allow
79.0,84.0,65.0,91.0,75.0,94.0,99.0,92.0,Scholar,gentle,A_governed,0,0.65,0,allow
86.0,78.0,65.0,86.5,75.0,91.0,99.0,52.0,Healer,gentle,A_governed,0,0.65,0,allow
86.0,57.0,65.0,86.5,75.0,91.0,99.0,60.0,Trickster,challenger,A_governed,0,0.65,0,allow
58.0,84.0,65.0,91.0,75.0,94.0,99.0,92.0,Pioneer,explorer,A_governed,0,0.65,0,allow
79.0,47.0,60.0,82.0,75.0,88.0,96.0,52.0,Guardian,supporter,A_governed,0,0.85,0,allow
72.0,74.0,60.0,86.5,75.0,91.0,96.0,84.0,Scholar,gentle,A_governed,0,0.85,0,allow
79.0,74.0,60.0,82.0,75.0,88.0,96.0,100.0,Healer,gentle,A_governed,0,0.6,0,allow
79.0,47.0,60.0,82.0,75.0,88.0,96.0,52.0,Trickster,challenger,A_governed,0,0.85,0,allow
100.0,80.0,60.0,86.5,75.0,91.0,96.0,84.0,Pioneer,explorer,A_governed,0,0.7,0,allow
72.0,100.0,55.0,77.5,75.0,85.0,93.0,44.0,Guardian,supporter,A_governed,0,0.7,0,allow
65.0,64.0,55.0,82.0,75.0,88.0,93.0,76.0,Scholar,gentle,A_governed,0,0.85,0,allow
72.0,64.0,55.0,77.5,75.0,85.0,93.0,92.0,Healer,gentle,A_governed,0,0.85,0,allow
72.0,100.0,55.0,77.5,75.0,85.0,93.0,44.0,Trickster,challenger,A_governed,0,0.7,0,allow
93.0,70.0,55.0,82.0,75.0,88.0,93.0,76.0,Pioneer,explorer,A_governed,0,0.85,0,allow
65.0,96.0,50.0,73.0,75.0,82.0,90.0,100.0,Guardian,supporter,A_governed,0,0.6,0,allow
58.0,54.0,50.0,77.5,75.0,85.0,90.0,68.0,Scholar,gentle,A_governed,0,0.85,0,allow
65.0,54.0,50.0,73.0,75.0,82.0,90.0,84.0,Healer,gentle,A_governed,0,0.85,0,allow
65.0,96.0,50.0,73.0,75.0,82.0,90.0,100.0,Trickster,challenger,A_governed,0,0.6,0,allow
86.0,60.0,50.0,77.5,75.0,85.0,90.0,68.0,Pioneer,explorer,A_governed,0,0.85,0,allow
58.0,92.0,85.0,68.5,75.0,79.0,87.0,92.0,Guardian,supporter,A_governed,0,0.9,0,allow
100.0,50.0,45.0,73.0,75.0,82.0,87.0,60.0,Scholar,gentle,A_governed,0,0.7,0,allow
58.0,50.0,85.0,68.5,75.0,79.0,87.0,76.0,Healer,gentle,A_governed,0,0.9,0,allow
58.0,92.0,85.0,68.5,75.0,79.0,87.0,92.0,Trickster,challenger,A_governed,0,0.9,0,allow
79.0,56.0,85.0,73.0,75.0,82.0,87.0,60.0,Pioneer,explorer,A_governed,0,0.9,0,allow
100.0,88.0,80.0,64.0,75.0,76.0,84.0,84.0,Guardian,supporter,A_governed,0,0.7,0,allow
93.0,46.0,80.0,68.5,75.0,79.0,84.0,52.0,Scholar,gentle,A_governed,0,0.9,0,allow
100.0,46.0,80.0,64.0,75.0,76.0,84.0,68.0,Healer,gentle,A_governed,0,0.7,0,allow
100.0,88.0,80.0,64.0,75.0,76.0,84.0,84.0,Trickster,challenger,A_governed,0,0.7,0,allow
72.0,46.0,80.0,68.5,75.0,79.0,84.0,52.0,Pioneer,explorer,A_governed,0,0.85,0,allow
93.0,78.0,75.0,59.5,75.0,73.0,81.0,76.0,Guardian,supporter,A_governed,0,0.85,0,allow
86.0,100.0,75.0,64.0,75.0,76.0,81.0,44.0,Scholar,gentle,A_governed,0,0.7,0,allow
93.0,100.0,75.0,59.5,75.0,73.0,81.0,60.0,Healer,gentle,A_governed,0,0.7,0,allow
93.0,78.0,75.0,59.5,75.0,73.0,81.0,76.0,Trickster,challenger,A_governed,0,0.85,0,allow
65.0,100.0,75.0,64.0,75.0,76.0,81.0,44.0,Pioneer,explorer,A_governed,0,0.7,0,allow
86.0,68.0,70.0,55.0,75.0,70.0,78.0,68.0,Guardian,supporter,A_governed,0,0.85,0,allow
79.0,96.0,70.0,59.5,75.0,73.0,78.0,100.0,Scholar,gentle,A_governed,0,0.6,0,allow
86.0,90.0,70.0,55.0,75.0,70.0,78.0,52.0,Healer,gentle,A_governed,0,0.85,0,allow
86.0,68.0,70.0,55.0,75.0,70.0,78.0,68.0,Trickster,challenger,A_governed,0,0.85,0,allow
58.0,96.0,70.0,59.5,75.0,73.0,78.0,100.0,Pioneer,explorer,A_governed,0,0.6,0,allow
79.0,58.0,65.0,50.5,75.0,67.0,75.0,60.0,Guardian,supporter,A_governed,0,0.85,0,allow
72.0,86.0,65.0,55.0,75.0,70.0,75.0,92.0,Scholar,gentle,A_governed,0,0.85,0,allow
79.0,86.0,65.0,50.5,75.0,67.0,75.0,100.0,Healer,gentle,A_governed,0,0.6,0,allow
79.0,58.0,65.0,50.5,75.0,67.0,75.0,60.0,Trickster,challenger,A_governed,0,0.85,0,allow
100.0,92.0,65.0,55.0,75.0,70.0,75.0,92.0,Pioneer,explorer,A_governed,0,0.7,0,allow
72.0,54.0,60.0,81.0,75.0,94.0,72.0,52.0,Guardian,supporter,A_governed,0,0.6,0,allow
65.0,76.0,60.0,50.5,75.0,67.0,72.0,84.0,Scholar,gentle,A_governed,0,0.85,0,allow
72.0,82.0,60.0,81.0,75.0,94.0,72.0,92.0,Healer,gentle,A_governed,0,0.6,0,allow
72.0,54.0,60.0,81.0,75.0,94.0,72.0,52.0,Trickster,challenger,A_governed,0,0.6,0,allow
93.0,82.0,60.0,50.5,75.0,67.0,72.0,84.0,Pioneer,explorer,A_governed,0,0.85,0,allow
65.0,50.0,55.0,76.5,75.0,91.0,69.0,100.0,Guardian,supporter,A_governed,0,0.6,0,allow
58.0,72.0,55.0,81.0,75.0,94.0,69.0,76.0,Scholar,gentle,A_governed,0,0.6,0,allow
65.0,78.0,55.0,100.0,75.0,100.0,69.0,84.0,Healer,gentle,A_governed,0,0.6,0,allow
65.0,50.0,55.0,76.5,75.0,91.0,69.0,100.0,Trickster,challenger,A_governed,0,0.6,0,allow
86.0,78.0,55.0,81.0,75.0,94.0,69.0,76.0,Pioneer,explorer,A_governed,0,0.6,0,allow
58.0,100.0,50.0,72.0,75.0,88.0,66.0,92.0,Guardian,supporter,A_governed,0,0.7,0,allow
100.0,68.0,50.0,76.5,75.0,91.0,66.0,68.0,Scholar,gentle,A_governed,0,0.7,0,allow
58.0,74.0,50.0,100.0,75.0,100.0,66.0,76.0,Healer,gentle,A_governed,0,0.6,0,allow
58.0,100.0,50.0,72.0,75.0,88.0,66.0,92.0,Trickster,challenger,A_governed,0,0.7,0,allow
79.0,74.0,50.0,100.0,75.0,100.0,66.0,68.0,Pioneer,explorer,A_governed,0,0.6,0,allow
100.0,96.0,45.0,67.5,75.0,85.0,63.0,84.0,Guardian,supporter,A_governed,0,0.7,0,allow
93.0,64.0,85.0,72.0,75.0,88.0,63.0,60.0,Scholar,gentle,A_governed,0,0.9,0,allow
100.0,70.0,45.0,95.5,75.0,97.0,63.0,68.0,Healer,gentle,A_governed,0,0.7,0,allow
100.0,96.0,45.0,67.5,75.0,85.0,63.0,84.0,Trickster,challenger,A_governed,0,0.7,0,allow
72.0,70.0,85.0,95.5,75.0,97.0,63.0,60.0,Pioneer,explorer,A_governed,0,0.9,0,allow
93.0,92.0,80.0,63.0,75.0,82.0,60.0,76.0,Guardian,supporter,A_governed,0,0.9,0,allow
86.0,60.0,80.0,100.0,75.0,100.0,60.0,52.0,Scholar,gentle,A_governed,0,0.6,0,allow
93.0,66.0,80.0,91.0,75.0,94.0,60.0,60.0,Healer,gentle,A_governed,0,0.9,0,allow
93.0,92.0,80.0,63.0,75.0,82.0,60.0,76.0,Trickster,challenger,A_governed,0,0.9,0,allow
65.0,66.0,80.0,100.0,75.0,100.0,60.0,52.0,Pioneer,explorer,A_governed,0,0.6,0,allow
86.0,95.0,75.0,93.5,75.0,100.0,57.0,68.0,Guardian,supporter,A_governed,0,0.6,0,allow
79.0,63.0,75.0,95.5,75.0,97.0,57.0,100.0,Scholar,gentle,A_governed,0,0.6,0,allow
86.0,69.0,75.0,100.0,75.0,100.0,57.0,52.0,Healer,gentle,A_governed,0,0.6,0,allow
86.0,95.0,75.0,93.5,75.0,100.0,57.0,68.0,Trickster,challenger,A_governed,0,0.6,0,allow
58.0,69.0,75.0,95.5,75.0,97.0,57.0,100.0,Pioneer,explorer,A_governed,0,0.6,0,allow
79.0,98.0,70.0,100.0,75.0,100.0,54.0,60.0,Guardian,supporter,A_governed,0,0.6,0,allow
72.0,66.0,70.0,100.0,75.0,100.0,54.0,92.0,Scholar,gentle,A_governed,0,0.6,0,allow
79.0,72.0,70.0,95.5,75.0,97.0,54.0,100.0,Healer,gentle,A_governed,0,0.6,0,allow
79.0,98.0,70.0,100.0,75.0,100.0,54.0,60.0,Trickster,challenger,A_governed,0,0.6,0,allow
100.0,72.0,70.0,91.0,75.0,94.0,54.0,92.0,Pioneer,explorer,A_governed,0,0.7,0,allow
72.0,100.0,65.0,100.0,75.0,100.0,51.0,52.0,Guardian,supporter,A_governed,0,0.6,0,allow
65.0,69.0,65.0,100.0,75.0,100.0,51.0,84.0,Scholar,gentle,A_governed,0,0.6,0,allow
72.0,75.0,65.0,100.0,75.0,100.0,51.0,92.0,Healer,gentle,A_governed,0,0.6,0,allow
72.0,100.0,65.0,100.0,75.0,100.0,51.0,52.0,Trickster,challenger,A_governed,0,0.6,0,allow
93.0,75.0,65.0,100.0,75.0,100.0,51.0,84.0,Pioneer,explorer,A_governed,0,0.6,0,allow
65.0,100.0,60.0,95.5,75.0,97.0,48.0,100.0,Guardian,supporter,A_governed,0,0.6,0,allow
58.0,72.0,60.0,95.5,75.0,97.0,98.0,76.0,Scholar,gentle,A_governed,0,0.65,0,allow
65.0,78.0,60.0,95.5,75.0,97.0,98.0,84.0,Healer,gentle,A_governed,0,0.65,0,allow
65.0,100.0,60.0,95.5,75.0,97.0,48.0,100.0,Trickster,challenger,A_governed,0,0.6,0,allow
86.0,78.0,60.0,95.5,75.0,97.0,98.0,76.0,Pioneer,explorer,A_governed,0,0.65,0,allow
58.0,100.0,55.0,91.0,75.0,94.0,95.0,92.0,Guardian,supporter,A_governed,0,0.65,0,allow
100.0,75.0,55.0,91.0,75.0,94.0,95.0,68.0,Scholar,gentle,A_governed,0,0.7,0,allow
58.0,81.0,55.0,100.0,75.0,100.0,95.0,76.0,Healer,gentle,A_governed,0,0.6,0,allow
58.0,100.0,55.0,91.0,75.0,94.0,95.0,92.0,Trickster,challenger,A_governed,0,0.65,0,allow
79.0,81.0,55.0,100.0,75.0,100.0,95.0,68.0,Pioneer,explorer,A_governed,0,0.6,0,allow
100.0,100.0,50.0,86.5,75.0,91.0,92.0,84.0,Guardian,supporter,A_governed,0,0.7,0,allow
93.0,78.0,50.0,100.0,75.0,100.0,92.0,60.0,Scholar,gentle,A_governed,0,0.6,0,allow
100.0,84.0,50.0,95.5,75.0,97.0,92.0,68.0,Healer,gentle,A_governed,0,0.7,0,allow
100.0,100.0,50.0,86.5,75.0,91.0,92.0,84.0,Trickster,challenger,A_governed,0,0.7,0,allow
72.0,84.0,50.0,100.0,75.0,100.0,92.0,60.0,Pioneer,explorer,A_governed,0,0.6,0,allow
93.0,100.0,85.0,82.0,75.0,88.0,89.0,76.0,Guardian,supporter,A_governed,0,0.9,0,allow
86.0,81.0,85.0,95.5,75.0,97.0,89.0,52.0,Scholar,gentle,A_governed,0,0.9,0,allow
93.0,87.0,85.0,91.0,75.0,94.0,89.0,60.0,Healer,gentle,A_governed,0,0.9,0,allow
93.0,100.0,85.0,82.0,75.0,88.0,89.0,76.0,Trickster,challenger,A_governed,0,0.9,0,allow
65.0,87.0,85.0,95.5,75.0,97.0,89.0,52.0,Pioneer,explorer,A_governed,0,0.9,0,allow
86.0,96.0,80.0,100.0,75.0,100.0,86.0,68.0,Guardian,supporter,A_governed,0,0.6,0,allow
79.0,77.0,80.0,91.0,75.0,94.0,86.0,100.0,Scholar,gentle,A_governed,0,0.6,0,allow
86.0,83.0,80.0,100.0,75.0,100.0,86.0,52.0,Healer,gentle,A_governed,0,0.6,0,allow
86.0,96.0,80.0,100.0,75.0,100.0,86.0,68.0,Trickster,challenger,A_governed,0,0.6,0,allow
58.0,83.0,80.0,91.0,75.0,94.0,86.0,100.0,Pioneer,explorer,A_governed,0,0.6,0,allow
79.0,92.0,75.0,100.0,75.0,100.0,83.0,60.0,Guardian,supporter,A_governed,0,0.6,0,allow
72.0,73.0,75.0,100.0,75.0,100.0,83.0,92.0,Scholar,gentle,A_governed,0,0.6,0,allow
79.0,79.0,75.0,95.5,75.0,97.0,83.0,100.0,Healer,gentle,A_governed,0,0.6,0,allow
79.0,92.0,75.0,100.0,75.0,100.0,83.0,60.0,Trickster,challenger,A_governed,0,0.6,0,allow
100.0,79.0,75.0,86.5,75.0,91.0,83.0,92.0,Pioneer,explorer,A_governed,0,0.7,0,allow
72.0,82.0,70.0,95.5,75.0,97.0,80.0,52.0,Guardian,supporter,A_governed,0,0.85,0,allow
65.0,63.0,70.0,95.5,75.0,97.0,80.0,84.0,Scholar,gentle,A_governed,0,0.85,0,allow
72.0,69.0,70.0,91.0,75.0,94.0,80.0,92.0,Healer,gentle,A_governed,0,0.85,0,allow
72.0,82.0,70.0,95.5,75.0,97.0,80.0,52.0,Trickster,challenger,A_governed,0,0.85,0,allow
93.0,69.0,70.0,82.0,75.0,88.0,80.0,84.0,Pioneer,explorer,A_governed,0,0.85,0,allow
65.0,78.0,65.0,91.0,75.0,94.0,77.0,100.0,Guardian,supporter,A_governed,0,0.6,0,allow
58.0,53.0,65.0,91.0,75.0,94.0,77.0,76.0,Scholar,gentle,A_governed,0,0.85,0,allow
65.0,59.0,65.0,86.5,75.0,91.0,77.0,84.0,Healer,gentle,A_governed,0,0.85,0,allow
65.0,78.0,65.0,91.0,75.0,94.0,77.0,100.0,Trickster,challenger,A_governed,0,0.6,0,allow
86.0,59.0,65.0,77.5,75.0,85.0,77.0,76.0,Pioneer,explorer,A_governed,0,0.85,0,allow
58.0,68.0,60.0,86.5,75.0,91.0,74.0,92.0,Guardian,supporter,A_governed,0,0.85,0,allow
100.0,49.0,60.0,86.5,75.0,91.0,74.0,68.0,Scholar,gentle,A_governed,0,0.7,0,allow
58.0,49.0,60.0,82.0,75.0,88.0,74.0,76.0,Healer,gentle,A_governed,0,0.85,0,allow
58.0,68.0,60.0,86.5,75.0,91.0,74.0,92.0,Trickster,challenger,A_governed,0,0.85,0,allow
79.0,49.0,60.0,73.0,75.0,82.0,74.0,68.0,Pioneer,explorer,A_governed,0,0.85,0,allow
100.0,64.0,55.0,82.0,75.0,88.0,71.0,84.0,Guardian,supporter,A_governed,0,0.7,0,allow
93.0,100.0,55.0,82.0,75.0,88.0,71.0,60.0,Scholar,gentle,A_governed,0,0.7,0,allow
100.0,45.0,55.0,77.5,75.0,85.0,71.0,68.0,Healer,gentle,A_governed,0,0.7,0,allow
100.0,64.0,55.0,82.0,75.0,88.0,71.0,84.0,Trickster,challenger,A_governed,0,0.7,0,allow
72.0,100.0,55.0,68.5,75.0,79.0,71.0,60.0,Pioneer,explorer,A_governed,0,0.7,0,allow
93.0,54.0,50.0,77.5,75.0,85.0,68.0,76.0,Guardian,supporter,A_governed,0,0.85,0,allow
86.0,90.0,50.0,77.5,75.0,85.0,68.0,52.0,Scholar,gentle,A_governed,0,0.85,0,allow
93.0,100.0,50.0,73.0,75.0,82.0,68.0,60.0,Healer,gentle,A_governed,0,0.7,0,allow
93.0,54.0,50.0,77.5,75.0,85.0,68.0,76.0,Trickster,challenger,A_governed,0,0.85,0,allow
65.0,90.0,50.0,64.0,75.0,76.0,68.0,52.0,Pioneer,explorer,A_governed,0,0.85,0,allow
86.0,50.0,85.0,73.0,75.0,82.0,65.0,68.0,Guardian,supporter,A_governed,0,0.9,0,allow
79.0,86.0,45.0,73.0,75.0,82.0,65.0,100.0,Scholar,gentle,A_governed,0,0.6,0,allow
86.0,96.0,85.0,68.5,75.0,79.0,65.0,52.0,Healer,gentle,A_governed,0,0.9,0,allow
86.0,50.0,85.0,73.0,75.0,82.0,65.0,68.0,Trickster,challenger,A_governed,0,0.9,0,allow
58.0,86.0,45.0,59.5,75.0,73.0,65.0,100.0,Pioneer,explorer,A_governed,0,0.6,0,allow
79.0,100.0,80.0,68.5,75.0,79.0,62.0,60.0,Guardian,supporter,A_governed,0,0.7,0,allow
72.0,82.0,80.0,68.5,75.0,79.0,62.0,92.0,Scholar,gentle,A_governed,0,0.9,0,allow
79.0,92.0,80.0,64.0,75.0,76.0,62.0,100.0,Healer,gentle,A_governed,0,0.6,0,allow
79.0,100.0,80.0,68.5,75.0,79.0,62.0,60.0,Trickster,challenger,A_governed,0,0.7,0,allow
100.0,82.0,40.0,55.0,75.0,70.0,62.0,92.0,Pioneer,explorer,A_governed,0,0.7,0,allow
72.0,90.0,75.0,64.0,75.0,76.0,59.0,52.0,Guardian,supporter,A_governed,0,0.85,0,allow
65.0,72.0,75.0,64.0,75.0,76.0,59.0,84.0,Scholar,gentle,A_governed,0,0.85,0,allow
72.0,82.0,75.0,59.5,75.0,73.0,59.0,92.0,Healer,gentle,A_governed,0,0.85,0,allow
72.0,90.0,75.0,64.0,75.0,76.0,59.0,52.0,Trickster,challenger,A_governed,0,0.85,0,allow
93.0,78.0,75.0,50.5,75.0,67.0,59.0,84.0,Pioneer,explorer,A_governed,0,0.9,0,allow
65.0,86.0,70.0,59.5,75.0,73.0,56.0,100.0,Guardian,supporter,A_governed,0,0.6,0,allow
58.0,62.0,70.0,59.5,75.0,73.0,56.0,76.0,Scholar,gentle,A_governed,0,0.85,0,allow
65.0,72.0,70.0,55.0,75.0,70.0,56.0,84.0,Healer,gentle,A_governed,0,0.85,0,allow
65.0,86.0,70.0,59.5,75.0,73.0,56.0,100.0,Trickster,challenger,A_governed,0,0.6,0,allow
86.0,74.0,70.0,81.0,75.0,94.0,56.0,76.0,Pioneer,explorer,A_governed,0,0.6,0,allow
58.0,76.0,65.0,55.0,75.0,70.0,53.0,92.0,Guardian,supporter,A_governed,0,0.85,0,allow
100.0,58.0,65.0,55.0,75.0,70.0,53.0,68.0,Scholar,gentle,A_governed,0,0.7,0,allow
58.0,62.0,65.0,50.5,75.0,67.0,53.0,76.0,Healer,gentle,A_governed,0,0.85,0,allow
58.0,76.0,65.0,55.0,75.0,70.0,53.0,92.0,Trickster,challenger,A_governed,0,0.85,0,allow
79.0,64.0,65.0,76.5,75.0,91.0,53.0,68.0,Pioneer,explorer,A_governed,0,0.85,0,allow
100.0,72.0,60.0,50.5,75.0,67.0,50.0,84.0,Guardian,supporter,A_governed,0,0.7,0,allow
93.0,48.0,60.0,50.5,75.0,67.0,50.0,60.0,Scholar,gentle,A_governed,0,0.85,0,allow
100.0,58.0,60.0,46.0,75.0,64.0,50.0,68.0,Healer,gentle,A_governed,0,0.7,0,allow
100.0,72.0,60.0,50.5,75.0,67.0,50.0,84.0,Trickster,challenger,A_governed,0,0.7,0,allow
72.0,54.0,60.0,72.0,75.0,88.0,50.0,60.0,Pioneer,explorer,A_governed,0,0.85,0,allow
93.0,68.0,55.0,81.0,75.0,94.0,47.0,76.0,Guardian,supporter,A_governed,0,0.6,0,allow
86.0,100.0,55.0,46.0,75.0,64.0,47.0,52.0,Scholar,gentle,A_governed,0,0.7,0,allow
93.0,54.0,55.0,76.5,75.0,91.0,47.0,60.0,Healer,gentle,A_governed,0,0.6,0,allow
93.0,68.0,55.0,81.0,75.0,94.0,47.0,76.0,Trickster,challenger,A_governed,0,0.6,0,allow
65.0,50.0,55.0,67.5,75.0,85.0,97.0,52.0,Pioneer,explorer,A_governed,0,0.65,0,allow
86.0,64.0,50.0,76.5,75.0,91.0,94.0,68.0,Guardian,supporter,A_governed,0,0.65,0,allow
79.0,96.0,50.0,76.5,75.0,91.0,44.0,44.0,Scholar,gentle,A_governed,0,0.6,0,allow
86.0,50.0,50.0,72.0,75.0,88.0,94.0,52.0,Healer,gentle,A_governed,0,0.65,0,allow
86.0,64.0,50.0,76.5,75.0,91.0,94.0,68.0,Trickster,challenger,A_governed,0,0.65,0,allow
58.0,46.0,50.0,63.0,75.0,82.0,94.0,100.0,Pioneer,explorer,A_governed,0,0.6,0,allow
79.0,60.0,85.0,72.0,75.0,88.0,91.0,60.0,Guardian,supporter,A_governed,0,0.9,0,allow
72.0,92.0,45.0,72.0,75.0,88.0,41.0,100.0,Scholar,gentle,A_governed,0,0.6,0,allow
79.0,46.0,45.0,67.5,75.0,85.0,91.0,100.0,Healer,gentle,A_governed,0,0.6,0,allow
79.0,60.0,85.0,72.0,75.0,88.0,91.0,60.0,Trickster,challenger,A_governed,0,0.9,0,allow
100.0,42.0,45.0,58.5,75.0,79.0,91.0,92.0,Pioneer,explorer,A_governed,0,0.7,0,allow
72.0,56.0,80.0,100.0,75.0,100.0,88.0,52.0,Guardian,supporter,A_governed,0,0.6,0,allow
65.0,88.0,40.0,67.5,75.0,85.0,88.0,92.0,Scholar,gentle,A_governed,0,0.65,0,allow
72.0,42.0,80.0,63.0,75.0,82.0,88.0,92.0,Healer,gentle,A_governed,0,0.9,0,allow
72.0,56.0,80.0,100.0,75.0,100.0,88.0,52.0,Trickster,challenger,A_governed,0,0.6,0,allow
93.0,98.0,40.0,54.0,75.0,76.0,88.0,84.0,Pioneer,explorer,A_governed,0,0.7,0,allow
65.0,59.0,75.0,95.5,75.0,97.0,85.0,100.0,Guardian,supporter,A_governed,0,0.6,0,allow
58.0,91.0,75.0,63.0,75.0,82.0,85.0,84.0,Scholar,gentle,A_governed,0,0.9,0,allow
65.0,100.0,75.0,58.5,75.0,79.0,85.0,84.0,Healer,gentle,A_governed,0,0.7,0,allow
65.0,59.0,75.0,95.5,75.0,97.0,85.0,100.0,Trickster,challenger,A_governed,0,0.6,0,allow
86.0,100.0,75.0,49.5,75.0,73.0,85.0,76.0,Pioneer,explorer,A_governed,0,0.9,0,allow
58.0,62.0,70.0,100.0,75.0,100.0,82.0,92.0,Guardian,supporter,A_governed,0,0.6,0,allow
100.0,94.0,70.0,58.5,75.0,79.0,82.0,76.0,Scholar,gentle,A_governed,0,0.7,0,allow
58.0,100.0,70.0,89.0,75.0,100.0,82.0,76.0,Healer,gentle,A_governed,0,0.6,0,allow
58.0,62.0,70.0,100.0,75.0,100.0,82.0,92.0,Trickster,challenger,A_governed,0,0.6,0,allow
79.0,100.0,70.0,80.0,75.0,100.0,82.0,68.0,Pioneer,explorer,A_governed,0,0.6,0,allow
100.0,65.0,65.0,95.5,75.0,97.0,79.0,84.0,Guardian,supporter,A_governed,0,0.7,0,allow
93.0,97.0,65.0,89.0,75.0,100.0,79.0,68.0,Scholar,gentle,A_governed,0,0.6,0,allow
100.0,100.0,65.0,84.5,75.0,97.0,79.0,68.0,Healer,gentle,A_governed,0,0.7,0,allow
100.0,65.0,65.0,95.5,75.0,97.0,79.0,84.0,Trickster,challenger,A_governed,0,0.7,0,allow
72.0,100.0,65.0,100.0,75.0,100.0,79.0,60.0,Pioneer,explorer,A_governed,0,0.6,0,allow
93.0,68.0,60.0,100.0,75.0,100.0,76.0,76.0,Guardian,supporter,A_governed,0,0.6,0,allow
86.0,100.0,60.0,100.0,75.0,100.0,76.0,60.0,Scholar,gentle,A_governed,0,0.6,0,allow
93.0,100.0,60.0,100.0,75.0,100.0,76.0,60.0,Healer,gentle,A_governed,0,0.6,0,allow
93.0,68.0,60.0,100.0,75.0,100.0,76.0,76.0,Trickster,challenger,A_governed,0,0.6,0,allow
65.0,100.0,60.0,100.0,75.0,100.0,76.0,52.0,Pioneer,explorer,A_governed,0,0.6,0,allow
86.0,71.0,55.0,100.0,75.0,100.0,73.0,68.0,Guardian,supporter,A_governed,0,0.6,0,allow
79.0,100.0,55.0,100.0,75.0,100.0,73.0,52.0,Scholar,gentle,A_governed,0,0.6,0,allow
86.0,100.0,55.0,100.0,75.0,100.0,73.0,52.0,Healer,gentle,A_governed,0,0.6,0,allow
86.0,71.0,55.0,100.0,75.0,100.0,73.0,68.0,Trickster,challenger,A_governed,0,0.6,0,allow
58.0,100.0,55.0,95.5,75.0,97.0,73.0,100.0,Pioneer,explorer,A_governed,0,0.6,0,allow
79.0,74.0,50.0,100.0,75.0,100.0,70.0,60.0,Guardian,supporter,A_governed,0,0.6,0,allow
72.0,100.0,50.0,95.5,75.0,97.0,70.0,100.0,Scholar,gentle,A_governed,0,0.6,0,allow
79.0,100.0,50.0,95.5,75.0,97.0,70.0,100.0,Healer,gentle,A_governed,0,0.6,0,allow
79.0,74.0,50.0,100.0,75.0,100.0,70.0,60.0,Trickster,challenger,A_governed,0,0.6,0,allow
100.0,100.0,50.0,91.0,75.0,94.0,70.0,92.0,Pioneer,explorer,A_governed,0,0.7,0,allow
72.0,77.0,85.0,95.5,75.0,97.0,67.0,52.0,Guardian,supporter,A_governed,0,0.9,0,allow
65.0,100.0,85.0,91.0,75.0,94.0,67.0,92.0,Scholar,gentle,A_governed,0,0.9,0,allow
72.0,100.0,85.0,91.0,75.0,94.0,67.0,92.0,Healer,gentle,A_governed,0,0.9,0,allow
72.0,77.0,85.0,95.5,75.0,97.0,67.0,52.0,Trickster,challenger,A_governed,0,0.9,0,allow
93.0,100.0,85.0,86.5,75.0,91.0,67.0,84.0,Pioneer,explorer,A_governed,0,0.9,0,allow
65.0,73.0,80.0,91.0,75.0,94.0,64.0,100.0,Guardian,supporter,A_governed,0,0.6,0,allow
58.0,96.0,80.0,100.0,75.0,100.0,64.0,84.0,Scholar,gentle,A_governed,0,0.6,0,allow
65.0,96.0,80.0,100.0,75.0,100.0,64.0,84.0,Healer,gentle,A_governed,0,0.6,0,allow
65.0,73.0,80.0,91.0,75.0,94.0,64.0,100.0,Trickster,challenger,A_governed,0,0.6,0,allow
86.0,96.0,80.0,100.0,75.0,100.0,64.0,76.0,Pioneer,explorer,A_governed,0,0.6,0,allow
58.0,69.0,75.0,100.0,75.0,100.0,61.0,92.0,Guardian,supporter,A_governed,0,0.6,0,allow
100.0,92.0,75.0,95.5,75.0,97.0,61.0,76.0,Scholar,gentle,A_governed,0,0.7,0,allow
58.0,92.0,75.0,100.0,75.0,100.0,61.0,76.0,Healer,gentle,A_governed,0,0.6,0,allow
58.0,69.0,75.0,100.0,75.0,100.0,61.0,92.0,Trickster,challenger,A_governed,0,0.6,0,allow
79.0,92.0,75.0,100.0,75.0,100.0,61.0,68.0,Pioneer,explorer,A_governed,0,0.6,0,allow
100.0,65.0,70.0,95.5,75.0,97.0,58.0,84.0,Guardian,supporter,A_governed,0,0.7,0,allow
93.0,82.0,70.0,91.0,75.0,94.0,58.0,68.0,Scholar,gentle,A_governed,0,0.85,0,allow
100.0,88.0,70.0,95.5,75.0,97.0,58.0,68.0,Healer,gentle,A_governed,0,0.7,0,allow
100.0,65.0,70.0,95.5,75.0,97.0,58.0,84.0,Trickster,challenger,A_governed,0,0.7,0,allow
72.0,82.0,70.0,95.5,75.0,97.0,58.0,60.0,Pioneer,explorer,A_governed,0,0.85,0,allow
93.0,55.0,65.0,91.0,75.0,94.0,55.0,76.0,Guardian,supporter,A_governed,0,0.85,0,allow
86.0,72.0,65.0,86.5,75.0,91.0,55.0,60.0,Scholar,gentle,A_governed,0,0.85,0,allow
93.0,78.0,65.0,91.0,75.0,94.0,55.0,60.0,Healer,gentle,A_governed,0,0.85,0,allow
93.0,55.0,65.0,91.0,75.0,94.0,55.0,76.0,Trickster,challenger,A_governed,0,0.85,0,allow
65.0,72.0,65.0,91.0,75.0,94.0,55.0,52.0,Pioneer,explorer,A_governed,0,0.85,0,allow
86.0,45.0,60.0,86.5,75.0,91.0,52.0,68.0,Guardian,supporter,A_governed,0,0.85,0,allow
79.0,62.0,60.0,82.0,75.0,88.0,52.0,52.0,Scholar,gentle,A_governed,0,0.85,0,allow
86.0,68.0,60.0,86.5,75.0,91.0,52.0,52.0,Healer,gentle,A_governed,0,0.85,0,allow
86.0,45.0,60.0,86.5,75.0,91.0,52.0,68.0,Trickster,challenger,A_governed,0,0.85,0,allow
58.0,68.0,60.0,86.5,75.0,91.0,52.0,100.0,Pioneer,explorer,A_governed,0,0.6,0,allow
79.0,100.0,55.0,82.0,75.0,88.0,49.0,60.0,Guardian,supporter,A_governed,0,0.7,0,allow
72.0,58.0,55.0,77.5,75.0,85.0,49.0,100.0,Scholar,gentle,A_governed,0,0.6,0,allow
79.0,64.0,55.0,82.0,75.0,88.0,49.0,100.0,Healer,gentle,A_governed,0,0.6,0,allow
79.0,100.0,55.0,82.0,75.0,88.0,49.0,60.0,Trickster,challenger,A_governed,0,0.7,0,allow
100.0,64.0,55.0,82.0,75.0,88.0,49.0,92.0,Pioneer,explorer,A_governed,0,0.7,0,allow
72.0,96.0,50.0,77.5,75.0,85.0,96.0,52.0,Guardian,supporter,A_governed,0,0.65,0,allow
65.0,54.0,50.0,73.0,75.0,82.0,96.0,92.0,Scholar,gentle,A_governed,0,0.65,0,allow
72.0,60.0,50.0,77.5,75.0,85.0,96.0,92.0,Healer,gentle,A_governed,0,0.65,0,allow
72.0,96.0,50.0,77.5,75.0,85.0,96.0,52.0,Trickster,challenger,A_governed,0,0.65,0,allow
93.0,60.0,50.0,77.5,75.0,85.0,96.0,84.0,Pioneer,explorer,A_governed,0,0.65,0,allow
65.0,92.0,45.0,73.0,75.0,82.0,93.0,100.0,Guardian,supporter,A_governed,0,0.6,0,allow
58.0,50.0,85.0,68.5,75.0,79.0,93.0,84.0,Scholar,gentle,A_governed,0,0.9,0,allow
65.0,56.0,85.0,73.0,75.0,82.0,93.0,84.0,Healer,gentle,A_governed,0,0.9,0,allow
65.0,92.0,45.0,73.0,75.0,82.0,93.0,100.0,Trickster,challenger,A_governed,0,0.6,0,allow
86.0,56.0,85.0,73.0,75.0,82.0,93.0,76.0,Pioneer,explorer,A_governed,0,0.9,0,allow
58.0,88.0,80.0,68.5,75.0,79.0,90.0,92.0,Guardian,supporter,A_governed,0,0.9,0,allow
100.0,46.0,80.0,64.0,75.0,76.0,90.0,76.0,Scholar,gentle,A_governed,0,0.7,0,allow
58.0,46.0,80.0,68.5,75.0,79.0,90.0,76.0,Healer,gentle,A_governed,0,0.85,0,allow
58.0,88.0,80.0,68.5,75.0,79.0,90.0,92.0,Trickster,challenger,A_governed,0,0.9,0,allow
79.0,46.0,80.0,68.5,75.0,79.0,90.0,68.0,Pioneer,explorer,A_governed,0,0.85,0,allow
100.0,84.0,75.0,64.0,75.0,76.0,87.0,84.0,Guardian,supporter,A_governed,0,0.7,0,allow
93.0,100.0,75.0,59.5,75.0,73.0,87.0,68.0,Scholar,gentle,A_governed,0,0.7,0,allow
100.0,42.0,75.0,64.0,75.0,76.0,87.0,68.0,Healer,gentle,A_governed,0,0.7,0,allow
100.0,84.0,75.0,64.0,75.0,76.0,87.0,84.0,Trickster,challenger,A_governed,0,0.7,0,allow
72.0,100.0,75.0,64.0,75.0,76.0,87.0,60.0,Pioneer,explorer,A_governed,0,0.7,0,allow
93.0,74.0,70.0,59.5,75.0,73.0,84.0,76.0,Guardian,supporter,A_governed,0,0.85,0,allow
86.0,90.0,70.0,55.0,75.0,70.0,84.0,60.0,Scholar,gentle,A_governed,0,0.85,0,allow
93.0,98.0,70.0,59.5,75.0,73.0,84.0,60.0,Healer,gentle,A_governed,0,0.7,0,allow
93.0,74.0,70.0,59.5,75.0,73.0,84.0,76.0,Trickster,challenger,A_governed,0,0.85,0,allow
65.0,90.0,70.0,59.5,75.0,73.0,84.0,52.0,Pioneer,explorer,A_governed,0,0.85,0,allow
86.0,64.0,65.0,55.0,75.0,70.0,81.0,68.0,Guardian,supporter,A_governed,0,0.85,0,allow
79.0,80.0,65.0,50.5,75.0,67.0,81.0,52.0,Scholar,gentle,A_governed,0,0.85,0,allow
86.0,88.0,65.0,55.0,75.0,70.0,81.0,52.0,Healer,gentle,A_governed,0,0.85,0,allow
86.0,64.0,65.0,55.0,75.0,70.0,81.0,68.0,Trickster,challenger,A_governed,0,0.85,0,allow
58.0,86.0,65.0,55.0,75.0,70.0,81.0,100.0,Pioneer,explorer,A_governed,0,0.6,0,allow
79.0,54.0,60.0,50.5,75.0,67.0,78.0,60.0,Guardian,supporter,A_governed,0,0.85,0,allow
72.0,76.0,60.0,46.0,75.0,64.0,78.0,100.0,Scholar,gentle,A_governed,0,0.6,0,allow
79.0,84.0,60.0,50.5,75.0,67.0,78.0,100.0,Healer,gentle,A_governed,0,0.6,0,allow
79.0,54.0,60.0,50.5,75.0,67.0,78.0,60.0,Trickster,challenger,A_governed,0,0.85,0,allow
100.0,82.0,60.0,50.5,75.0,67.0,78.0,92.0,Pioneer,explorer,A_governed,0,0.7,0,allow
72.0,50.0,55.0,81.0,75.0,94.0,75.0,52.0,Guardian,supporter,A_governed,0,0.6,0,allow
65.0,72.0,55.0,76.5,75.0,91.0,75.0,92.0,Scholar,gentle,A_governed,0,0.6,0,allow
72.0,80.0,55.0,81.0,75.0,94.0,75.0,92.0,Healer,gentle,A_governed,0,0.6,0,allow
72.0,50.0,55.0,81.0,75.0,94.0,75.0,52.0,Trickster,challenger,A_governed,0,0.6,0,allow
93.0,78.0,55.0,81.0,75.0,94.0,75.0,84.0,Pioneer,explorer,A_governed,0,0.6,0,allow
65.0,46.0,50.0,76.5,75.0,91.0,72.0,100.0,Guardian,supporter,A_governed,0,0.6,0,allow
58.0,68.0,50.0,100.0,75.0,100.0,72.0,84.0,Scholar,gentle,A_governed,0,0.6,0,allow
65.0,76.0,50.0,100.0,75.0,100.0,72.0,84.0,Healer,gentle,A_governed,0,0.6,0,allow
65.0,46.0,50.0,76.5,75.0,91.0,72.0,100.0,Trickster,challenger,A_governed,0,0.6,0,allow
86.0,74.0,50.0,100.0,75.0,100.0,72.0,76.0,Pioneer,explorer,A_governed,0,0.6,0,allow
58.0,100.0,45.0,72.0,75.0,88.0,69.0,92.0,Guardian,supporter,A_governed,0,0.7,0,allow
100.0,64.0,45.0,95.5,75.0,97.0,69.0,76.0,Scholar,gentle,A_governed,0,0.7,0,allow
58.0,72.0,85.0,95.5,75.0,97.0,69.0,76.0,Healer,gentle,A_governed,0,0.9,0,allow
58.0,100.0,45.0,72.0,75.0,88.0,69.0,92.0,Trickster,challenger,A_governed,0,0.7,0,allow
79.0,70.0,85.0,95.5,75.0,97.0,69.0,68.0,Pioneer,explorer,A_governed,0,0.9,0,allow
100.0,96.0,40.0,67.5,75.0,85.0,66.0,84.0,Guardian,supporter,A_governed,0,0.7,0,allow
93.0,60.0,80.0,91.0,75.0,94.0,66.0,68.0,Scholar,gentle,A_governed,0,0.9,0,allow
100.0,68.0,80.0,91.0,75.0,94.0,66.0,68.0,Healer,gentle,A_governed,0,0.7,0,allow
100.0,96.0,40.0,67.5,75.0,85.0,66.0,84.0,Trickster,challenger,A_governed,0,0.7,0,allow
72.0,66.0,80.0,100.0,75.0,100.0,66.0,60.0,Pioneer,explorer,A_governed,0,0.6,0,allow
93.0,99.0,75.0,63.0,75.0,82.0,63.0,76.0,Guardian,supporter,A_governed,0,0.9,0,allow
86.0,63.0,75.0,100.0,75.0,100.0,63.0,60.0,Scholar,gentle,A_governed,0,0.6,0,allow
93.0,71.0,75.0,100.0,75.0,100.0,63.0,60.0,Healer,gentle,A_governed,0,0.6,0,allow
93.0,99.0,75.0,63.0,75.0,82.0,63.0,76.0,Trickster,challenger,A_governed,0,0.9,0,allow
65.0,69.0,75.0,100.0,75.0,100.0,63.0,52.0,Pioneer,explorer,A_governed,0,0.6,0,allow
68.0,78.0,70.0,100.0,75.0,100.0,72.0,67.0,Guardian,supporter,B_ungoverned,0,0.6,0,allow
68.0,78.0,70.0,100.0,75.0,100.0,72.0,67.0,Scholar,gentle,B_ungoverned,0,0.6,0,allow
68.0,78.0,70.0,100.0,75.0,100.0,72.0,67.0,Healer,gentle,B_ungoverned,0,0.6,0,allow
68.0,78.0,70.0,100.0,75.0,100.0,72.0,67.0,Trickster,challenger,B_ungoverned,0,0.6,0,allow
68.0,78.0,70.0,100.0,75.0,100.0,72.0,67.0,Pioneer,explorer,B_ungoverned,0,0.6,0,allow
61.0,81.0,65.0,100.0,75.0,100.0,69.0,59.0,Guardian,supporter,B_ungoverned,0,0.6,0,allow
61.0,81.0,65.0,100.0,75.0,100.0,69.0,59.0,Scholar,gentle,B_ungoverned,0,0.6,0,allow
61.0,81.0,65.0,100.0,75.0,100.0,69.0,59.0,Healer,gentle,B_ungoverned,0,0.6,0,allow
61.0,81.0,65.0,100.0,75.0,100.0,69.0,59.0,Trickster,challenger,B_ungoverned,0,0.6,0,allow
61.0,81.0,65.0,100.0,75.0,100.0,69.0,59.0,Pioneer,explorer,B_ungoverned,0,0.6,0,allow
100.0,84.0,60.0,95.5,75.0,97.0,66.0,51.0,Guardian,supporter,B_ungoverned,0,0.7,0,allow
100.0,84.0,60.0,95.5,75.0,97.0,66.0,51.0,Scholar,gentle,B_ungoverned,0,0.7,0,allow
100.0,84.0,60.0,95.5,75.0,97.0,66.0,51.0,Healer,gentle,B_ungoverned,0,0.7,0,allow
100.0,84.0,60.0,95.5,75.0,97.0,66.0,51.0,Trickster,challenger,B_ungoverned,0,0.7,0,allow
100.0,84.0,60.0,95.5,75.0,97.0,66.0,51.0,Pioneer,explorer,B_ungoverned,0,0.7,0,allow
93.0,87.0,55.0,91.0,75.0,94.0,63.0,100.0,Guardian,supporter,B_ungoverned,0,0.6,0,allow
93.0,87.0,55.0,91.0,75.0,94.0,63.0,100.0,Scholar,gentle,B_ungoverned,0,0.6,0,allow
93.0,87.0,55.0,91.0,75.0,94.0,63.0,100.0,Healer,gentle,B_ungoverned,0,0.6,0,allow
93.0,87.0,55.0,91.0,75.0,94.0,63.0,100.0,Trickster,challenger,B_ungoverned,0,0.6,0,allow
93.0,87.0,55.0,91.0,75.0,94.0,63.0,100.0,Pioneer,explorer,B_ungoverned,0,0.6,0,allow
86.0,90.0,50.0,100.0,75.0,100.0,60.0,92.0,Guardian,supporter,B_ungoverned,0,0.6,0,allow
86.0,90.0,50.0,100.0,75.0,100.0,60.0,92.0,Scholar,gentle,B_ungoverned,0,0.6,0,allow
86.0,90.0,50.0,100.0,75.0,100.0,60.0,92.0,Healer,gentle,B_ungoverned,0,0.6,0,allow
86.0,90.0,50.0,100.0,75.0,100.0,60.0,92.0,Trickster,challenger,B_ungoverned,0,0.6,0,allow
86.0,90.0,50.0,100.0,75.0,100.0,60.0,92.0,Pioneer,explorer,B_ungoverned,0,0.6,0,allow
79.0,93.0,85.0,95.5,75.0,97.0,57.0,84.0,Guardian,supporter,B_ungoverned,0,0.9,0,allow
79.0,93.0,85.0,95.5,75.0,97.0,57.0,84.0,Scholar,gentle,B_ungoverned,0,0.9,0,allow
79.0,93.0,85.0,95.5,75.0,97.0,57.0,84.0,Healer,gentle,B_ungoverned,0,0.9,0,allow
79.0,93.0,85.0,95.5,75.0,97.0,57.0,84.0,Trickster,challenger,B_ungoverned,0,0.9,0,allow
79.0,93.0,85.0,95.5,75.0,97.0,57.0,84.0,Pioneer,explorer,B_ungoverned,0,0.9,0,allow
72.0,89.0,80.0,100.0,75.0,100.0,54.0,76.0,Guardian,supporter,B_ungoverned,0,0.6,0,allow
72.0,89.0,80.0,100.0,75.0,100.0,54.0,76.0,Scholar,gentle,B_ungoverned,0,0.6,0,allow
72.0,89.0,80.0,100.0,75.0,100.0,54.0,76.0,Healer,gentle,B_ungoverned,0,0.6,0,allow
72.0,89.0,80.0,100.0,75.0,100.0,54.0,76.0,Trickster,challenger,B_ungoverned,0,0.6,0,allow
72.0,89.0,80.0,100.0,75.0,100.0,54.0,76.0,Pioneer,explorer,B_ungoverned,0,0.6,0,allow
65.0,85.0,75.0,100.0,75.0,100.0,51.0,68.0,Guardian,supporter,B_ungoverned,0,0.6,0,allow
65.0,85.0,75.0,100.0,75.0,100.0,51.0,68.0,Scholar,gentle,B_ungoverned,0,0.6,0,allow
65.0,85.0,75.0,100.0,75.0,100.0,51.0,68.0,Healer,gentle,B_ungoverned,0,0.6,0,allow
65.0,85.0,75.0,100.0,75.0,100.0,51.0,68.0,Trickster,challenger,B_ungoverned,0,0.6,0,allow
65.0,85.0,75.0,100.0,75.0,100.0,51.0,68.0,Pioneer,explorer,B_ungoverned,0,0.6,0,allow
58.0,81.0,70.0,95.5,75.0,97.0,98.0,60.0,Guardian,supporter,B_ungoverned,0,0.65,0,allow
58.0,81.0,70.0,95.5,75.0,97.0,98.0,60.0,Scholar,gentle,B_ungoverned,0,0.65,0,allow
58.0,81.0,70.0,95.5,75.0,97.0,98.0,60.0,Healer,gentle,B_ungoverned,0,0.65,0,allow
58.0,81.0,70.0,95.5,75.0,97.0,98.0,60.0,Trickster,challenger,B_ungoverned,0,0.65,0,allow
58.0,81.0,70.0,95.5,75.0,97.0,98.0,60.0,Pioneer,explorer,B_ungoverned,0,0.65,0,allow
100.0,77.0,65.0,91.0,75.0,94.0,95.0,52.0,Guardian,supporter,B_ungoverned,0,0.7,0,allow
100.0,77.0,65.0,91.0,75.0,94.0,95.0,52.0,Scholar,gentle,B_ungoverned,0,0.7,0,allow
100.0,77.0,65.0,91.0,75.0,94.0,95.0,52.0,Healer,gentle,B_ungoverned,0,0.7,0,allow
100.0,77.0,65.0,91.0,75.0,94.0,95.0,52.0,Trickster,challenger,B_ungoverned,0,0.7,0,allow
100.0,77.0,65.0,91.0,75.0,94.0,95.0,52.0,Pioneer,explorer,B_ungoverned,0,0.7,0,allow
93.0,73.0,60.0,86.5,75.0,91.0,92.0,100.0,Guardian,supporter,B_ungoverned,0,0.6,0,allow
93.0,73.0,60.0,86.5,75.0,91.0,92.0,100.0,Scholar,gentle,B_ungoverned,0,0.6,0,allow
93.0,73.0,60.0,86.5,75.0,91.0,92.0,100.0,Healer,gentle,B_ungoverned,0,0.6,0,allow
93.0,73.0,60.0,86.5,75.0,91.0,92.0,100.0,Trickster,challenger,B_ungoverned,0,0.6,0,allow
93.0,73.0,60.0,86.5,75.0,91.0,92.0,100.0,Pioneer,explorer,B_ungoverned,0,0.6,0,allow
86.0,63.0,55.0,82.0,75.0,88.0,89.0,92.0,Guardian,supporter,B_ungoverned,0,0.85,0,allow
86.0,63.0,55.0,82.0,75.0,88.0,89.0,92.0,Scholar,gentle,B_ungoverned,0,0.85,0,allow
86.0,63.0,55.0,82.0,75.0,88.0,89.0,92.0,Healer,gentle,B_ungoverned,0,0.85,0,allow
86.0,63.0,55.0,82.0,75.0,88.0,89.0,92.0,Trickster,challenger,B_ungoverned,0,0.85,0,allow
86.0,63.0,55.0,82.0,75.0,88.0,89.0,92.0,Pioneer,explorer,B_ungoverned,0,0.85,0,allow
79.0,53.0,50.0,77.5,75.0,85.0,86.0,84.0,Guardian,supporter,B_ungoverned,0,0.85,0,allow
79.0,53.0,50.0,77.5,75.0,85.0,86.0,84.0,Scholar,gentle,B_ungoverned,0,0.85,0,allow
79.0,53.0,50.0,77.5,75.0,85.0,86.0,84.0,Healer,gentle,B_ungoverned,0,0.85,0,allow
79.0,53.0,50.0,77.5,75.0,85.0,86.0,84.0,Trickster,challenger,B_ungoverned,0,0.85,0,allow
79.0,53.0,50.0,77.5,75.0,85.0,86.0,84.0,Pioneer,explorer,B_ungoverned,0,0.85,0,allow
72.0,49.0,85.0,73.0,75.0,82.0,83.0,76.0,Guardian,supporter,B_ungoverned,0,0.9,0,allow
72.0,49.0,85.0,73.0,75.0,82.0,83.0,76.0,Scholar,gentle,B_ungoverned,0,0.9,0,allow
72.0,49.0,85.0,73.0,75.0,82.0,83.0,76.0,Healer,gentle,B_ungoverned,0,0.9,0,allow
72.0,49.0,85.0,73.0,75.0,82.0,83.0,76.0,Trickster,challenger,B_ungoverned,0,0.9,0,allow
72.0,49.0,85.0,73.0,75.0,82.0,83.0,76.0,Pioneer,explorer,B_ungoverned,0,0.9,0,allow
65.0,100.0,80.0,68.5,75.0,79.0,80.0,68.0,Guardian,supporter,B_ungoverned,0,0.7,0,allow
65.0,100.0,80.0,68.5,75.0,79.0,80.0,68.0,Scholar,gentle,B_ungoverned,0,0.7,0,allow
65.0,100.0,80.0,68.5,75.0,79.0,80.0,68.0,Healer,gentle,B_ungoverned,0,0.7,0,allow
65.0,100.0,80.0,68.5,75.0,79.0,80.0,68.0,Trickster,challenger,B_ungoverned,0,0.7,0,allow
65.0,100.0,80.0,68.5,75.0,79.0,80.0,68.0,Pioneer,explorer,B_ungoverned,0,0.7,0,allow
58.0,90.0,75.0,64.0,75.0,76.0,77.0,60.0,Guardian,supporter,B_ungoverned,0,0.85,0,allow
58.0,90.0,75.0,64.0,75.0,76.0,77.0,60.0,Scholar,gentle,B_ungoverned,0,0.85,0,allow
58.0,90.0,75.0,64.0,75.0,76.0,77.0,60.0,Healer,gentle,B_ungoverned,0,0.85,0,allow
58.0,90.0,75.0,64.0,75.0,76.0,77.0,60.0,Trickster,challenger,B_ungoverned,0,0.85,0,allow
58.0,90.0,75.0,64.0,75.0,76.0,77.0,60.0,Pioneer,explorer,B_ungoverned,0,0.85,0,allow
100.0,86.0,70.0,59.5,75.0,73.0,74.0,52.0,Guardian,supporter,B_ungoverned,0,0.7,0,allow
100.0,86.0,70.0,59.5,75.0,73.0,74.0,52.0,Scholar,gentle,B_ungoverned,0,0.7,0,allow
100.0,86.0,70.0,59.5,75.0,73.0,74.0,52.0,Healer,gentle,B_ungoverned,0,0.7,0,allow
100.0,86.0,70.0,59.5,75.0,73.0,74.0,52.0,Trickster,challenger,B_ungoverned,0,0.7,0,allow
100.0,86.0,70.0,59.5,75.0,73.0,74.0,52.0,Pioneer,explorer,B_ungoverned,0,0.7,0,allow
93.0,82.0,65.0,55.0,75.0,70.0,71.0,100.0,Guardian,supporter,B_ungoverned,0,0.6,0,allow
93.0,82.0,65.0,55.0,75.0,70.0,71.0,100.0,Scholar,gentle,B_ungoverned,0,0.6,0,allow
93.0,82.0,65.0,55.0,75.0,70.0,71.0,100.0,Healer,gentle,B_ungoverned,0,0.6,0,allow
93.0,82.0,65.0,55.0,75.0,70.0,71.0,100.0,Trickster,challenger,B_ungoverned,0,0.6,0,allow
93.0,82.0,65.0,55.0,75.0,70.0,71.0,100.0,Pioneer,explorer,B_ungoverned,0,0.6,0,allow
86.0,72.0,60.0,50.5,75.0,67.0,68.0,92.0,Guardian,supporter,B_ungoverned,0,0.85,0,allow
86.0,72.0,60.0,50.5,75.0,67.0,68.0,92.0,Scholar,gentle,B_ungoverned,0,0.85,0,allow
86.0,72.0,60.0,50.5,75.0,67.0,68.0,92.0,Healer,gentle,B_ungoverned,0,0.85,0,allow
86.0,72.0,60.0,50.5,75.0,67.0,68.0,92.0,Trickster,challenger,B_ungoverned,0,0.85,0,allow
86.0,72.0,60.0,50.5,75.0,67.0,68.0,92.0,Pioneer,explorer,B_ungoverned,0,0.85,0,allow
79.0,68.0,55.0,81.0,75.0,94.0,65.0,84.0,Guardian,supporter,B_ungoverned,0,0.6,0,allow
79.0,68.0,55.0,81.0,75.0,94.0,65.0,84.0,Scholar,gentle,B_ungoverned,0,0.6,0,allow
79.0,68.0,55.0,81.0,75.0,94.0,65.0,84.0,Healer,gentle,B_ungoverned,0,0.6,0,allow
79.0,68.0,55.0,81.0,75.0,94.0,65.0,84.0,Trickster,challenger,B_ungoverned,0,0.6,0,allow
79.0,68.0,55.0,81.0,75.0,94.0,65.0,84.0,Pioneer,explorer,B_ungoverned,0,0.6,0,allow
72.0,64.0,50.0,100.0,75.0,100.0,62.0,76.0,Guardian,supporter,B_ungoverned,0,0.6,0,allow
72.0,64.0,50.0,100.0,75.0,100.0,62.0,76.0,Scholar,gentle,B_ungoverned,0,0.6,0,allow
72.0,64.0,50.0,100.0,75.0,100.0,62.0,76.0,Healer,gentle,B_ungoverned,0,0.6,0,allow
72.0,64.0,50.0,100.0,75.0,100.0,62.0,76.0,Trickster,challenger,B_ungoverned,0,0.6,0,allow
72.0,64.0,50.0,100.0,75.0,100.0,62.0,76.0,Pioneer,explorer,B_ungoverned,0,0.6,0,allow
65.0,60.0,85.0,95.5,75.0,97.0,59.0,68.0,Guardian,supporter,B_ungoverned,0,0.9,0,allow
65.0,60.0,85.0,95.5,75.0,97.0,59.0,68.0,Scholar,gentle,B_ungoverned,0,0.9,0,allow
65.0,60.0,85.0,95.5,75.0,97.0,59.0,68.0,Healer,gentle,B_ungoverned,0,0.9,0,allow
65.0,60.0,85.0,95.5,75.0,97.0,59.0,68.0,Trickster,challenger,B_ungoverned,0,0.9,0,allow
65.0,60.0,85.0,95.5,75.0,97.0,59.0,68.0,Pioneer,explorer,B_ungoverned,0,0.9,0,allow
58.0,56.0,80.0,100.0,75.0,100.0,56.0,60.0,Guardian,supporter,B_ungoverned,0,0.6,0,allow
58.0,56.0,80.0,100.0,75.0,100.0,56.0,60.0,Scholar,gentle,B_ungoverned,0,0.6,0,allow
58.0,56.0,80.0,100.0,75.0,100.0,56.0,60.0,Healer,gentle,B_ungoverned,0,0.6,0,allow
58.0,56.0,80.0,100.0,75.0,100.0,56.0,60.0,Trickster,challenger,B_ungoverned,0,0.6,0,allow
58.0,56.0,80.0,100.0,75.0,100.0,56.0,60.0,Pioneer,explorer,B_ungoverned,0,0.6,0,allow
100.0,59.0,75.0,95.5,75.0,97.0,53.0,52.0,Guardian,supporter,B_ungoverned,0,0.7,0,allow
100.0,59.0,75.0,95.5,75.0,97.0,53.0,52.0,Scholar,gentle,B_ungoverned,0,0.7,0,allow
100.0,59.0,75.0,95.5,75.0,97.0,53.0,52.0,Healer,gentle,B_ungoverned,0,0.7,0,allow
100.0,59.0,75.0,95.5,75.0,97.0,53.0,52.0,Trickster,challenger,B_ungoverned,0,0.7,0,allow
100.0,59.0,75.0,95.5,75.0,97.0,53.0,52.0,Pioneer,explorer,B_ungoverned,0,0.7,0,allow
93.0,62.0,70.0,91.0,75.0,94.0,50.0,100.0,Guardian,supporter,B_ungoverned,0,0.6,0,allow
93.0,62.0,70.0,91.0,75.0,94.0,50.0,100.0,Scholar,gentle,B_ungoverned,0,0.6,0,allow
93.0,62.0,70.0,91.0,75.0,94.0,50.0,100.0,Healer,gentle,B_ungoverned,0,0.6,0,allow
93.0,62.0,70.0,91.0,75.0,94.0,50.0,100.0,Trickster,challenger,B_ungoverned,0,0.6,0,allow
93.0,62.0,70.0,91.0,75.0,94.0,50.0,100.0,Pioneer,explorer,B_ungoverned,0,0.6,0,allow
86.0,65.0,65.0,86.5,75.0,91.0,97.0,92.0,Guardian,supporter,B_ungoverned,0,0.65,0,allow
86.0,65.0,65.0,86.5,75.0,91.0,97.0,92.0,Scholar,gentle,B_ungoverned,0,0.65,0,allow
86.0,65.0,65.0,86.5,75.0,91.0,97.0,92.0,Healer,gentle,B_ungoverned,0,0.65,0,allow
86.0,65.0,65.0,86.5,75.0,91.0,97.0,92.0,Trickster,challenger,B_ungoverned,0,0.65,0,allow
86.0,65.0,65.0,86.5,75.0,91.0,97.0,92.0,Pioneer,explorer,B_ungoverned,0,0.65,0,allow
79.0,68.0,60.0,100.0,75.0,100.0,94.0,84.0,Guardian,supporter,B_ungoverned,0,0.6,0,allow
79.0,68.0,60.0,100.0,75.0,100.0,94.0,84.0,Scholar,gentle,B_ungoverned,0,0.6,0,allow
79.0,68.0,60.0,100.0,75.0,100.0,94.0,84.0,Healer,gentle,B_ungoverned,0,0.6,0,allow
79.0,68.0,60.0,100.0,75.0,100.0,94.0,84.0,Trickster,challenger,B_ungoverned,0,0.6,0,allow
79.0,68.0,60.0,100.0,75.0,100.0,94.0,84.0,Pioneer,explorer,B_ungoverned,0,0.6,0,allow
72.0,71.0,55.0,100.0,75.0,100.0,91.0,76.0,Guardian,supporter,B_ungoverned,0,0.6,0,allow
72.0,71.0,55.0,100.0,75.0,100.0,91.0,76.0,Scholar,gentle,B_ungoverned,0,0.6,0,allow
72.0,71.0,55.0,100.0,75.0,100.0,91.0,76.0,Healer,gentle,B_ungoverned,0,0.6,0,allow
72.0,71.0,55.0,100.0,75.0,100.0,91.0,76.0,Trickster,challenger,B_ungoverned,0,0.6,0,allow
72.0,71.0,55.0,100.0,75.0,100.0,91.0,76.0,Pioneer,explorer,B_ungoverned,0,0.6,0,allow
65.0,74.0,50.0,100.0,75.0,100.0,88.0,68.0,Guardian,supporter,B_ungoverned,0,0.6,0,allow
65.0,74.0,50.0,100.0,75.0,100.0,88.0,68.0,Scholar,gentle,B_ungoverned,0,0.6,0,allow
65.0,74.0,50.0,100.0,75.0,100.0,88.0,68.0,Healer,gentle,B_ungoverned,0,0.6,0,allow
65.0,74.0,50.0,100.0,75.0,100.0,88.0,68.0,Trickster,challenger,B_ungoverned,0,0.6,0,allow
65.0,74.0,50.0,100.0,75.0,100.0,88.0,68.0,Pioneer,explorer,B_ungoverned,0,0.6,0,allow
58.0,77.0,85.0,95.5,75.0,97.0,85.0,60.0,Guardian,supporter,B_ungoverned,0,0.9,0,allow
58.0,77.0,85.0,95.5,75.0,97.0,85.0,60.0,Scholar,gentle,B_ungoverned,0,0.9,0,allow
58.0,77.0,85.0,95.5,75.0,97.0,85.0,60.0,Healer,gentle,B_ungoverned,0,0.9,0,allow
58.0,77.0,85.0,95.5,75.0,97.0,85.0,60.0,Trickster,challenger,B_ungoverned,0,0.9,0,allow
58.0,77.0,85.0,95.5,75.0,97.0,85.0,60.0,Pioneer,explorer,B_ungoverned,0,0.9,0,allow
100.0,73.0,80.0,91.0,75.0,94.0,82.0,52.0,Guardian,supporter,B_ungoverned,0,0.7,0,allow
100.0,73.0,80.0,91.0,75.0,94.0,82.0,52.0,Scholar,gentle,B_ungoverned,0,0.7,0,allow
100.0,73.0,80.0,91.0,75.0,94.0,82.0,52.0,Healer,gentle,B_ungoverned,0,0.7,0,allow
100.0,73.0,80.0,91.0,75.0,94.0,82.0,52.0,Trickster,challenger,B_ungoverned,0,0.7,0,allow
100.0,73.0,80.0,91.0,75.0,94.0,82.0,52.0,Pioneer,explorer,B_ungoverned,0,0.7,0,allow
93.0,69.0,75.0,86.5,75.0,91.0,79.0,100.0,Guardian,supporter,B_ungoverned,0,0.6,0,allow
93.0,69.0,75.0,86.5,75.0,91.0,79.0,100.0,Scholar,gentle,B_ungoverned,0,0.6,0,allow
93.0,69.0,75.0,86.5,75.0,91.0,79.0,100.0,Healer,gentle,B_ungoverned,0,0.6,0,allow
93.0,69.0,75.0,86.5,75.0,91.0,79.0,100.0,Trickster,challenger,B_ungoverned,0,0.6,0,allow
93.0,69.0,75.0,86.5,75.0,91.0,79.0,100.0,Pioneer,explorer,B_ungoverned,0,0.6,0,allow
86.0,59.0,70.0,82.0,75.0,88.0,76.0,92.0,Guardian,supporter,B_ungoverned,0,0.85,0,allow
86.0,59.0,70.0,82.0,75.0,88.0,76.0,92.0,Scholar,gentle,B_ungoverned,0,0.85,0,allow
86.0,59.0,70.0,82.0,75.0,88.0,76.0,92.0,Healer,gentle,B_ungoverned,0,0.85,0,allow
86.0,59.0,70.0,82.0,75.0,88.0,76.0,92.0,Trickster,challenger,B_ungoverned,0,0.85,0,allow
86.0,59.0,70.0,82.0,75.0,88.0,76.0,92.0,Pioneer,explorer,B_ungoverned,0,0.85,0,allow
79.0,49.0,65.0,77.5,75.0,85.0,73.0,84.0,Guardian,supporter,B_ungoverned,0,0.85,0,allow
79.0,49.0,65.0,77.5,75.0,85.0,73.0,84.0,Scholar,gentle,B_ungoverned,0,0.85,0,allow
79.0,49.0,65.0,77.5,75.0,85.0,73.0,84.0,Healer,gentle,B_ungoverned,0,0.85,0,allow
79.0,49.0,65.0,77.5,75.0,85.0,73.0,84.0,Trickster,challenger,B_ungoverned,0,0.85,0,allow
79.0,49.0,65.0,77.5,75.0,85.0,73.0,84.0,Pioneer,explorer,B_ungoverned,0,0.85,0,allow
72.0,100.0,60.0,73.0,75.0,82.0,70.0,76.0,Guardian,supporter,B_ungoverned,0,0.7,0,allow
72.0,100.0,60.0,73.0,75.0,82.0,70.0,76.0,Scholar,gentle,B_ungoverned,0,0.7,0,allow
72.0,100.0,60.0,73.0,75.0,82.0,70.0,76.0,Healer,gentle,B_ungoverned,0,0.7,0,allow
72.0,100.0,60.0,73.0,75.0,82.0,70.0,76.0,Trickster,challenger,B_ungoverned,0,0.7,0,allow
72.0,100.0,60.0,73.0,75.0,82.0,70.0,76.0,Pioneer,explorer,B_ungoverned,0,0.7,0,allow
65.0,90.0,55.0,68.5,75.0,79.0,67.0,68.0,Guardian,supporter,B_ungoverned,0,0.85,0,allow
65.0,90.0,55.0,68.5,75.0,79.0,67.0,68.0,Scholar,gentle,B_ungoverned,0,0.85,0,allow
65.0,90.0,55.0,68.5,75.0,79.0,67.0,68.0,Healer,gentle,B_ungoverned,0,0.85,0,allow
65.0,90.0,55.0,68.5,75.0,79.0,67.0,68.0,Trickster,challenger,B_ungoverned,0,0.85,0,allow
65.0,90.0,55.0,68.5,75.0,79.0,67.0,68.0,Pioneer,explorer,B_ungoverned,0,0.85,0,allow
58.0,80.0,50.0,64.0,75.0,76.0,64.0,60.0,Guardian,supporter,B_ungoverned,0,0.85,0,allow
58.0,80.0,50.0,64.0,75.0,76.0,64.0,60.0,Scholar,gentle,B_ungoverned,0,0.85,0,allow
58.0,80.0,50.0,64.0,75.0,76.0,64.0,60.0,Healer,gentle,B_ungoverned,0,0.85,0,allow
58.0,80.0,50.0,64.0,75.0,76.0,64.0,60.0,Trickster,challenger,B_ungoverned,0,0.85,0,allow
58.0,80.0,50.0,64.0,75.0,76.0,64.0,60.0,Pioneer,explorer,B_ungoverned,0,0.85,0,allow
100.0,76.0,45.0,59.5,75.0,73.0,61.0,52.0,Guardian,supporter,B_ungoverned,0,0.7,0,allow
100.0,76.0,45.0,59.5,75.0,73.0,61.0,52.0,Scholar,gentle,B_ungoverned,0,0.7,0,allow
100.0,76.0,45.0,59.5,75.0,73.0,61.0,52.0,Healer,gentle,B_ungoverned,0,0.7,0,allow
100.0,76.0,45.0,59.5,75.0,73.0,61.0,52.0,Trickster,challenger,B_ungoverned,0,0.7,0,allow
100.0,76.0,45.0,59.5,75.0,73.0,61.0,52.0,Pioneer,explorer,B_ungoverned,0,0.7,0,allow
93.0,72.0,80.0,55.0,75.0,70.0,58.0,44.0,Guardian,supporter,B_ungoverned,0,0.9,0,allow
93.0,72.0,80.0,55.0,75.0,70.0,58.0,44.0,Scholar,gentle,B_ungoverned,0,0.9,0,allow
93.0,72.0,80.0,55.0,75.0,70.0,58.0,44.0,Healer,gentle,B_ungoverned,0,0.9,0,allow
93.0,72.0,80.0,55.0,75.0,70.0,58.0,44.0,Trickster,challenger,B_ungoverned,0,0.9,0,allow
93.0,72.0,80.0,55.0,75.0,70.0,58.0,44.0,Pioneer,explorer,B_ungoverned,0,0.9,0,allow
86.0,68.0,75.0,50.5,75.0,67.0,55.0,100.0,Guardian,supporter,B_ungoverned,0,0.6,0,allow
86.0,68.0,75.0,50.5,75.0,67.0,55.0,100.0,Scholar,gentle,B_ungoverned,0,0.6,0,allow
86.0,68.0,75.0,50.5,75.0,67.0,55.0,100.0,Healer,gentle,B_ungoverned,0,0.6,0,allow
86.0,68.0,75.0,50.5,75.0,67.0,55.0,100.0,Trickster,challenger,B_ungoverned,0,0.6,0,allow
86.0,68.0,75.0,50.5,75.0,67.0,55.0,100.0,Pioneer,explorer,B_ungoverned,0,0.6,0,allow
79.0,64.0,70.0,81.0,75.0,94.0,52.0,92.0,Guardian,supporter,B_ungoverned,0,0.6,0,allow
79.0,64.0,70.0,81.0,75.0,94.0,52.0,92.0,Scholar,gentle,B_ungoverned,0,0.6,0,allow
79.0,64.0,70.0,81.0,75.0,94.0,52.0,92.0,Healer,gentle,B_ungoverned,0,0.6,0,allow
79.0,64.0,70.0,81.0,75.0,94.0,52.0,92.0,Trickster,challenger,B_ungoverned,0,0.6,0,allow
79.0,64.0,70.0,81.0,75.0,94.0,52.0,92.0,Pioneer,explorer,B_ungoverned,0,0.6,0,allow
72.0,60.0,65.0,76.5,75.0,91.0,99.0,84.0,Guardian,supporter,B_ungoverned,0,0.65,0,allow
72.0,60.0,65.0,76.5,75.0,91.0,99.0,84.0,Scholar,gentle,B_ungoverned,0,0.65,0,allow
72.0,60.0,65.0,76.5,75.0,91.0,99.0,84.0,Healer,gentle,B_ungoverned,0,0.65,0,allow
72.0,60.0,65.0,76.5,75.0,91.0,99.0,84.0,Trickster,challenger,B_ungoverned,0,0.65,0,allow
72.0,60.0,65.0,76.5,75.0,91.0,99.0,84.0,Pioneer,explorer,B_ungoverned,0,0.65,0,allow
65.0,50.0,60.0,72.0,75.0,88.0,96.0,76.0,Guardian,supporter,B_ungoverned,0,0.85,0,allow
65.0,50.0,60.0,72.0,75.0,88.0,96.0,76.0,Scholar,gentle,B_ungoverned,0,0.85,0,allow
65.0,50.0,60.0,72.0,75.0,88.0,96.0,76.0,Healer,gentle,B_ungoverned,0,0.85,0,allow
65.0,50.0,60.0,72.0,75.0,88.0,96.0,76.0,Trickster,challenger,B_ungoverned,0,0.85,0,allow
65.0,50.0,60.0,72.0,75.0,88.0,96.0,76.0,Pioneer,explorer,B_ungoverned,0,0.85,0,allow
58.0,100.0,55.0,67.5,75.0,85.0,93.0,68.0,Guardian,supporter,B_ungoverned,0,0.7,0,allow
58.0,100.0,55.0,67.5,75.0,85.0,93.0,68.0,Scholar,gentle,B_ungoverned,0,0.7,0,allow
58.0,100.0,55.0,67.5,75.0,85.0,93.0,68.0,Healer,gentle,B_ungoverned,0,0.7,0,allow
58.0,100.0,55.0,67.5,75.0,85.0,93.0,68.0,Trickster,challenger,B_ungoverned,0,0.7,0,allow
58.0,100.0,55.0,67.5,75.0,85.0,93.0,68.0,Pioneer,explorer,B_ungoverned,0,0.7,0,allow
100.0,96.0,50.0,63.0,75.0,82.0,90.0,60.0,Guardian,supporter,B_ungoverned,0,0.7,0,allow
100.0,96.0,50.0,63.0,75.0,82.0,90.0,60.0,Scholar,gentle,B_ungoverned,0,0.7,0,allow
100.0,96.0,50.0,63.0,75.0,82.0,90.0,60.0,Healer,gentle,B_ungoverned,0,0.7,0,allow
100.0,96.0,50.0,63.0,75.0,82.0,90.0,60.0,Trickster,challenger,B_ungoverned,0,0.7,0,allow
100.0,96.0,50.0,63.0,75.0,82.0,90.0,60.0,Pioneer,explorer,B_ungoverned,0,0.7,0,allow
93.0,92.0,85.0,58.5,75.0,79.0,87.0,52.0,Guardian,supporter,B_ungoverned,0,0.9,0,allow
93.0,92.0,85.0,58.5,75.0,79.0,87.0,52.0,Scholar,gentle,B_ungoverned,0,0.9,0,allow
93.0,92.0,85.0,58.5,75.0,79.0,87.0,52.0,Healer,gentle,B_ungoverned,0,0.9,0,allow
93.0,92.0,85.0,58.5,75.0,79.0,87.0,52.0,Trickster,challenger,B_ungoverned,0,0.9,0,allow
93.0,92.0,85.0,58.5,75.0,79.0,87.0,52.0,Pioneer,explorer,B_ungoverned,0,0.9,0,allow
86.0,88.0,80.0,54.0,75.0,76.0,84.0,100.0,Guardian,supporter,B_ungoverned,0,0.6,0,allow
86.0,88.0,80.0,54.0,75.0,76.0,84.0,100.0,Scholar,gentle,B_ungoverned,0,0.6,0,allow
86.0,88.0,80.0,54.0,75.0,76.0,84.0,100.0,Healer,gentle,B_ungoverned,0,0.6,0,allow
86.0,88.0,80.0,54.0,75.0,76.0,84.0,100.0,Trickster,challenger,B_ungoverned,0,0.6,0,allow
86.0,88.0,80.0,54.0,75.0,76.0,84.0,100.0,Pioneer,explorer,B_ungoverned,0,0.6,0,allow
79.0,91.0,75.0,84.5,75.0,100.0,81.0,92.0,Guardian,supporter,B_ungoverned,0,0.6,0,allow
79.0,91.0,75.0,84.5,75.0,100.0,81.0,92.0,Scholar,gentle,B_ungoverned,0,0.6,0,allow
79.0,91.0,75.0,84.5,75.0,100.0,81.0,92.0,Healer,gentle,B_ungoverned,0,0.6,0,allow
79.0,91.0,75.0,84.5,75.0,100.0,81.0,92.0,Trickster,challenger,B_ungoverned,0,0.6,0,allow
79.0,91.0,75.0,84.5,75.0,100.0,81.0,92.0,Pioneer,explorer,B_ungoverned,0,0.6,0,allow
72.0,94.0,70.0,100.0,75.0,100.0,78.0,84.0,Guardian,supporter,B_ungoverned,0,0.6,0,allow
72.0,94.0,70.0,100.0,75.0,100.0,78.0,84.0,Scholar,gentle,B_ungoverned,0,0.6,0,allow
72.0,94.0,70.0,100.0,75.0,100.0,78.0,84.0,Healer,gentle,B_ungoverned,0,0.6,0,allow
72.0,94.0,70.0,100.0,75.0,100.0,78.0,84.0,Trickster,challenger,B_ungoverned,0,0.6,0,allow
72.0,94.0,70.0,100.0,75.0,100.0,78.0,84.0,Pioneer,explorer,B_ungoverned,0,0.6,0,allow
65.0,97.0,65.0,100.0,75.0,100.0,75.0,76.0,Guardian,supporter,B_ungoverned,0,0.6,0,allow
65.0,97.0,65.0,100.0,75.0,100.0,75.0,76.0,Scholar,gentle,B_ungoverned,0,0.6,0,allow
65.0,97.0,65.0,100.0,75.0,100.0,75.0,76.0,Healer,gentle,B_ungoverned,0,0.6,0,allow
65.0,97.0,65.0,100.0,75.0,100.0,75.0,76.0,Trickster,challenger,B_ungoverned,0,0.6,0,allow
65.0,97.0,65.0,100.0,75.0,100.0,75.0,76.0,Pioneer,explorer,B_ungoverned,0,0.6,0,allow
58.0,100.0,60.0,100.0,75.0,100.0,72.0,68.0,Guardian,supporter,B_ungoverned,0,0.6,0,allow
58.0,100.0,60.0,100.0,75.0,100.0,72.0,68.0,Scholar,gentle,B_ungoverned,0,0.6,0,allow
58.0,100.0,60.0,100.0,75.0,100.0,72.0,68.0,Healer,gentle,B_ungoverned,0,0.6,0,allow
58.0,100.0,60.0,100.0,75.0,100.0,72.0,68.0,Trickster,challenger,B_ungoverned,0,0.6,0,allow
58.0,100.0,60.0,100.0,75.0,100.0,72.0,68.0,Pioneer,explorer,B_ungoverned,0,0.6,0,allow
100.0,100.0,55.0,95.5,75.0,97.0,69.0,60.0,Guardian,supporter,B_ungoverned,0,0.7,0,allow
100.0,100.0,55.0,95.5,75.0,97.0,69.0,60.0,Scholar,gentle,B_ungoverned,0,0.7,0,allow
100.0,100.0,55.0,95.5,75.0,97.0,69.0,60.0,Healer,gentle,B_ungoverned,0,0.7,0,allow
100.0,100.0,55.0,95.5,75.0,97.0,69.0,60.0,Trickster,challenger,B_ungoverned,0,0.7,0,allow
100.0,100.0,55.0,95.5,75.0,97.0,69.0,60.0,Pioneer,explorer,B_ungoverned,0,0.7,0,allow
93.0,100.0,50.0,100.0,75.0,100.0,66.0,52.0,Guardian,supporter,B_ungoverned,0,0.6,0,allow
93.0,100.0,50.0,100.0,75.0,100.0,66.0,52.0,Scholar,gentle,B_ungoverned,0,0.6,0,allow
93.0,100.0,50.0,100.0,75.0,100.0,66.0,52.0,Healer,gentle,B_ungoverned,0,0.6,0,allow
93.0,100.0,50.0,100.0,75.0,100.0,66.0,52.0,Trickster,challenger,B_ungoverned,0,0.6,0,allow
93.0,100.0,50.0,100.0,75.0,100.0,66.0,52.0,Pioneer,explorer,B_ungoverned,0,0.6,0,allow
86.0,100.0,45.0,95.5,75.0,97.0,63.0,100.0,Guardian,supporter,B_ungoverned,0,0.6,0,allow
86.0,100.0,45.0,95.5,75.0,97.0,63.0,100.0,Scholar,gentle,B_ungoverned,0,0.6,0,allow
86.0,100.0,45.0,95.5,75.0,97.0,63.0,100.0,Healer,gentle,B_ungoverned,0,0.6,0,allow
86.0,100.0,45.0,95.5,75.0,97.0,63.0,100.0,Trickster,challenger,B_ungoverned,0,0.6,0,allow
86.0,100.0,45.0,95.5,75.0,97.0,63.0,100.0,Pioneer,explorer,B_ungoverned,0,0.6,0,allow
79.0,96.0,80.0,91.0,75.0,94.0,60.0,92.0,Guardian,supporter,B_ungoverned,0,0.9,0,allow
79.0,96.0,80.0,91.0,75.0,94.0,60.0,92.0,Scholar,gentle,B_ungoverned,0,0.9,0,allow
79.0,96.0,80.0,91.0,75.0,94.0,60.0,92.0,Healer,gentle,B_ungoverned,0,0.9,0,allow
79.0,96.0,80.0,91.0,75.0,94.0,60.0,92.0,Trickster,challenger,B_ungoverned,0,0.9,0,allow
79.0,96.0,80.0,91.0,75.0,94.0,60.0,92.0,Pioneer,explorer,B_ungoverned,0,0.9,0,allow
72.0,92.0,75.0,100.0,75.0,100.0,57.0,84.0,Guardian,supporter,B_ungoverned,0,0.6,0,allow
72.0,92.0,75.0,100.0,75.0,100.0,57.0,84.0,Scholar,gentle,B_ungoverned,0,0.6,0,allow
72.0,92.0,75.0,100.0,75.0,100.0,57.0,84.0,Healer,gentle,B_ungoverned,0,0.6,0,allow
72.0,92.0,75.0,100.0,75.0,100.0,57.0,84.0,Trickster,challenger,B_ungoverned,0,0.6,0,allow
72.0,92.0,75.0,100.0,75.0,100.0,57.0,84.0,Pioneer,explorer,B_ungoverned,0,0.6,0,allow
65.0,82.0,70.0,95.5,75.0,97.0,54.0,76.0,Guardian,supporter,B_ungoverned,0,0.85,0,allow
65.0,82.0,70.0,95.5,75.0,97.0,54.0,76.0,Scholar,gentle,B_ungoverned,0,0.85,0,allow
65.0,82.0,70.0,95.5,75.0,97.0,54.0,76.0,Healer,gentle,B_ungoverned,0,0.85,0,allow
65.0,82.0,70.0,95.5,75.0,97.0,54.0,76.0,Trickster,challenger,B_ungoverned,0,0.85,0,allow
65.0,82.0,70.0,95.5,75.0,97.0,54.0,76.0,Pioneer,explorer,B_ungoverned,0,0.85,0,allow
58.0,72.0,65.0,91.0,75.0,94.0,51.0,68.0,Guardian,supporter,B_ungoverned,0,0.85,0,allow
58.0,72.0,65.0,91.0,75.0,94.0,51.0,68.0,Scholar,gentle,B_ungoverned,0,0.85,0,allow
58.0,72.0,65.0,91.0,75.0,94.0,51.0,68.0,Healer,gentle,B_ungoverned,0,0.85,0,allow
58.0,72.0,65.0,91.0,75.0,94.0,51.0,68.0,Trickster,challenger,B_ungoverned,0,0.85,0,allow
58.0,72.0,65.0,91.0,75.0,94.0,51.0,68.0,Pioneer,explorer,B_ungoverned,0,0.85,0,allow
100.0,68.0,60.0,86.5,75.0,91.0,48.0,60.0,Guardian,supporter,B_ungoverned,0,0.7,0,allow
100.0,68.0,60.0,86.5,75.0,91.0,48.0,60.0,Scholar,gentle,B_ungoverned,0,0.7,0,allow
100.0,68.0,60.0,86.5,75.0,91.0,48.0,60.0,Healer,gentle,B_ungoverned,0,0.7,0,allow
100.0,68.0,60.0,86.5,75.0,91.0,48.0,60.0,Trickster,challenger,B_ungoverned,0,0.7,0,allow
100.0,68.0,60.0,86.5,75.0,91.0,48.0,60.0,Pioneer,explorer,B_ungoverned,0,0.7,0,allow
93.0,64.0,55.0,82.0,75.0,88.0,95.0,52.0,Guardian,supporter,B_ungoverned,0,0.65,0,allow
93.0,64.0,55.0,82.0,75.0,88.0,95.0,52.0,Scholar,gentle,B_ungoverned,0,0.65,0,allow
93.0,64.0,55.0,82.0,75.0,88.0,95.0,52.0,Healer,gentle,B_ungoverned,0,0.65,0,allow
93.0,64.0,55.0,82.0,75.0,88.0,95.0,52.0,Trickster,challenger,B_ungoverned,0,0.65,0,allow
93.0,64.0,55.0,82.0,75.0,88.0,95.0,52.0,Pioneer,explorer,B_ungoverned,0,0.65,0,allow
86.0,60.0,50.0,77.5,75.0,85.0,92.0,100.0,Guardian,supporter,B_ungoverned,0,0.6,0,allow
86.0,60.0,50.0,77.5,75.0,85.0,92.0,100.0,Scholar,gentle,B_ungoverned,0,0.6,0,allow
86.0,60.0,50.0,77.5,75.0,85.0,92.0,100.0,Healer,gentle,B_ungoverned,0,0.6,0,allow
86.0,60.0,50.0,77.5,75.0,85.0,92.0,100.0,Trickster,challenger,B_ungoverned,0,0.6,0,allow
86.0,60.0,50.0,77.5,75.0,85.0,92.0,100.0,Pioneer,explorer,B_ungoverned,0,0.6,0,allow
79.0,56.0,85.0,73.0,75.0,82.0,89.0,92.0,Guardian,supporter,B_ungoverned,0,0.9,0,allow
79.0,56.0,85.0,73.0,75.0,82.0,89.0,92.0,Scholar,gentle,B_ungoverned,0,0.9,0,allow
79.0,56.0,85.0,73.0,75.0,82.0,89.0,92.0,Healer,gentle,B_ungoverned,0,0.9,0,allow
79.0,56.0,85.0,73.0,75.0,82.0,89.0,92.0,Trickster,challenger,B_ungoverned,0,0.9,0,allow
79.0,56.0,85.0,73.0,75.0,82.0,89.0,92.0,Pioneer,explorer,B_ungoverned,0,0.9,0,allow
72.0,46.0,80.0,68.5,75.0,79.0,86.0,84.0,Guardian,supporter,B_ungoverned,0,0.85,0,allow
72.0,46.0,80.0,68.5,75.0,79.0,86.0,84.0,Scholar,gentle,B_ungoverned,0,0.85,0,allow
72.0,46.0,80.0,68.5,75.0,79.0,86.0,84.0,Healer,gentle,B_ungoverned,0,0.85,0,allow
72.0,46.0,80.0,68.5,75.0,79.0,86.0,84.0,Trickster,challenger,B_ungoverned,0,0.85,0,allow
72.0,46.0,80.0,68.5,75.0,79.0,86.0,84.0,Pioneer,explorer,B_ungoverned,0,0.85,0,allow
65.0,100.0,75.0,64.0,75.0,76.0,83.0,76.0,Guardian,supporter,B_ungoverned,0,0.7,0,allow
65.0,100.0,75.0,64.0,75.0,76.0,83.0,76.0,Scholar,gentle,B_ungoverned,0,0.7,0,allow
65.0,100.0,75.0,64.0,75.0,76.0,83.0,76.0,Healer,gentle,B_ungoverned,0,0.7,0,allow
65.0,100.0,75.0,64.0,75.0,76.0,83.0,76.0,Trickster,challenger,B_ungoverned,0,0.7,0,allow
65.0,100.0,75.0,64.0,75.0,76.0,83.0,76.0,Pioneer,explorer,B_ungoverned,0,0.7,0,allow
58.0,90.0,70.0,59.5,75.0,73.0,80.0,68.0,Guardian,supporter,B_ungoverned,0,0.85,0,allow
58.0,90.0,70.0,59.5,75.0,73.0,80.0,68.0,Scholar,gentle,B_ungoverned,0,0.85,0,allow
58.0,90.0,70.0,59.5,75.0,73.0,80.0,68.0,Healer,gentle,B_ungoverned,0,0.85,0,allow
58.0,90.0,70.0,59.5,75.0,73.0,80.0,68.0,Trickster,challenger,B_ungoverned,0,0.85,0,allow
58.0,90.0,70.0,59.5,75.0,73.0,80.0,68.0,Pioneer,explorer,B_ungoverned,0,0.85,0,allow
100.0,86.0,65.0,55.0,75.0,70.0,77.0,60.0,Guardian,supporter,B_ungoverned,0,0.7,0,allow
100.0,86.0,65.0,55.0,75.0,70.0,77.0,60.0,Scholar,gentle,B_ungoverned,0,0.7,0,allow
100.0,86.0,65.0,55.0,75.0,70.0,77.0,60.0,Healer,gentle,B_ungoverned,0,0.7,0,allow
100.0,86.0,65.0,55.0,75.0,70.0,77.0,60.0,Trickster,challenger,B_ungoverned,0,0.7,0,allow
100.0,86.0,65.0,55.0,75.0,70.0,77.0,60.0,Pioneer,explorer,B_ungoverned,0,0.7,0,allow
93.0,76.0,60.0,50.5,75.0,67.0,74.0,52.0,Guardian,supporter,B_ungoverned,0,0.85,0,allow
93.0,76.0,60.0,50.5,75.0,67.0,74.0,52.0,Scholar,gentle,B_ungoverned,0,0.85,0,allow
93.0,76.0,60.0,50.5,75.0,67.0,74.0,52.0,Healer,gentle,B_ungoverned,0,0.85,0,allow
93.0,76.0,60.0,50.5,75.0,67.0,74.0,52.0,Trickster,challenger,B_ungoverned,0,0.85,0,allow
93.0,76.0,60.0,50.5,75.0,67.0,74.0,52.0,Pioneer,explorer,B_ungoverned,0,0.85,0,allow
86.0,72.0,55.0,46.0,75.0,64.0,71.0,100.0,Guardian,supporter,B_ungoverned,0,0.6,0,allow
86.0,72.0,55.0,46.0,75.0,64.0,71.0,100.0,Scholar,gentle,B_ungoverned,0,0.6,0,allow
86.0,72.0,55.0,46.0,75.0,64.0,71.0,100.0,Healer,gentle,B_ungoverned,0,0.6,0,allow
86.0,72.0,55.0,46.0,75.0,64.0,71.0,100.0,Trickster,challenger,B_ungoverned,0,0.6,0,allow
86.0,72.0,55.0,46.0,75.0,64.0,71.0,100.0,Pioneer,explorer,B_ungoverned,0,0.6,0,allow
79.0,68.0,50.0,76.5,75.0,91.0,68.0,92.0,Guardian,supporter,B_ungoverned,0,0.6,0,allow
79.0,68.0,50.0,76.5,75.0,91.0,68.0,92.0,Scholar,gentle,B_ungoverned,0,0.6,0,allow
79.0,68.0,50.0,76.5,75.0,91.0,68.0,92.0,Healer,gentle,B_ungoverned,0,0.6,0,allow
79.0,68.0,50.0,76.5,75.0,91.0,68.0,92.0,Trickster,challenger,B_ungoverned,0,0.6,0,allow
79.0,68.0,50.0,76.5,75.0,91.0,68.0,92.0,Pioneer,explorer,B_ungoverned,0,0.6,0,allow
72.0,64.0,85.0,72.0,75.0,88.0,65.0,84.0,Guardian,supporter,B_ungoverned,0,0.9,0,allow
72.0,64.0,85.0,72.0,75.0,88.0,65.0,84.0,Scholar,gentle,B_ungoverned,0,0.9,0,allow
72.0,64.0,85.0,72.0,75.0,88.0,65.0,84.0,Healer,gentle,B_ungoverned,0,0.9,0,allow
72.0,64.0,85.0,72.0,75.0,88.0,65.0,84.0,Trickster,challenger,B_ungoverned,0,0.9,0,allow
72.0,64.0,85.0,72.0,75.0,88.0,65.0,84.0,Pioneer,explorer,B_ungoverned,0,0.9,0,allow
65.0,60.0,80.0,100.0,75.0,100.0,62.0,76.0,Guardian,supporter,B_ungoverned,0,0.6,0,allow
65.0,60.0,80.0,100.0,75.0,100.0,62.0,76.0,Scholar,gentle,B_ungoverned,0,0.6,0,allow
65.0,60.0,80.0,100.0,75.0,100.0,62.0,76.0,Healer,gentle,B_ungoverned,0,0.6,0,allow
65.0,60.0,80.0,100.0,75.0,100.0,62.0,76.0,Trickster,challenger,B_ungoverned,0,0.6,0,allow
65.0,60.0,80.0,100.0,75.0,100.0,62.0,76.0,Pioneer,explorer,B_ungoverned,0,0.6,0,allow
58.0,63.0,75.0,100.0,75.0,100.0,59.0,68.0,Guardian,supporter,B_ungoverned,0,0.6,0,allow
58.0,63.0,75.0,100.0,75.0,100.0,59.0,68.0,Scholar,gentle,B_ungoverned,0,0.6,0,allow
58.0,63.0,75.0,100.0,75.0,100.0,59.0,68.0,Healer,gentle,B_ungoverned,0,0.6,0,allow
58.0,63.0,75.0,100.0,75.0,100.0,59.0,68.0,Trickster,challenger,B_ungoverned,0,0.6,0,allow
58.0,63.0,75.0,100.0,75.0,100.0,59.0,68.0,Pioneer,explorer,B_ungoverned,0,0.6,0,allow
100.0,66.0,70.0,95.5,75.0,97.0,56.0,60.0,Guardian,supporter,B_ungoverned,0,0.7,0,allow
100.0,66.0,70.0,95.5,75.0,97.0,56.0,60.0,Scholar,gentle,B_ungoverned,0,0.7,0,allow
100.0,66.0,70.0,95.5,75.0,97.0,56.0,60.0,Healer,gentle,B_ungoverned,0,0.7,0,allow
100.0,66.0,70.0,95.5,75.0,97.0,56.0,60.0,Trickster,challenger,B_ungoverned,0,0.7,0,allow
100.0,66.0,70.0,95.5,75.0,97.0,56.0,60.0,Pioneer,explorer,B_ungoverned,0,0.7,0,allow
93.0,69.0,65.0,100.0,75.0,100.0,53.0,52.0,Guardian,supporter,B_ungoverned,0,0.6,0,allow
93.0,69.0,65.0,100.0,75.0,100.0,53.0,52.0,Scholar,gentle,B_ungoverned,0,0.6,0,allow
93.0,69.0,65.0,100.0,75.0,100.0,53.0,52.0,Healer,gentle,B_ungoverned,0,0.6,0,allow
93.0,69.0,65.0,100.0,75.0,100.0,53.0,52.0,Trickster,challenger,B_ungoverned,0,0.6,0,allow
93.0,69.0,65.0,100.0,75.0,100.0,53.0,52.0,Pioneer,explorer,B_ungoverned,0,0.6,0,allow
86.0,72.0,60.0,95.5,75.0,97.0,50.0,100.0,Guardian,supporter,B_ungoverned,0,0.6,0,allow
86.0,72.0,60.0,95.5,75.0,97.0,50.0,100.0,Scholar,gentle,B_ungoverned,0,0.6,0,allow
86.0,72.0,60.0,95.5,75.0,97.0,50.0,100.0,Healer,gentle,B_ungoverned,0,0.6,0,allow
86.0,72.0,60.0,95.5,75.0,97.0,50.0,100.0,Trickster,challenger,B_ungoverned,0,0.6,0,allow
86.0,72.0,60.0,95.5,75.0,97.0,50.0,100.0,Pioneer,explorer,B_ungoverned,0,0.6,0,allow
79.0,75.0,55.0,91.0,75.0,94.0,97.0,92.0,Guardian,supporter,B_ungoverned,0,0.65,0,allow
79.0,75.0,55.0,91.0,75.0,94.0,97.0,92.0,Scholar,gentle,B_ungoverned,0,0.65,0,allow
79.0,75.0,55.0,91.0,75.0,94.0,97.0,92.0,Healer,gentle,B_ungoverned,0,0.65,0,allow
79.0,75.0,55.0,91.0,75.0,94.0,97.0,92.0,Trickster,challenger,B_ungoverned,0,0.65,0,allow
79.0,75.0,55.0,91.0,75.0,94.0,97.0,92.0,Pioneer,explorer,B_ungoverned,0,0.65,0,allow
72.0,78.0,50.0,100.0,75.0,100.0,94.0,84.0,Guardian,supporter,B_ungoverned,0,0.6,0,allow
72.0,78.0,50.0,100.0,75.0,100.0,94.0,84.0,Scholar,gentle,B_ungoverned,0,0.6,0,allow
72.0,78.0,50.0,100.0,75.0,100.0,94.0,84.0,Healer,gentle,B_ungoverned,0,0.6,0,allow
72.0,78.0,50.0,100.0,75.0,100.0,94.0,84.0,Trickster,challenger,B_ungoverned,0,0.6,0,allow
72.0,78.0,50.0,100.0,75.0,100.0,94.0,84.0,Pioneer,explorer,B_ungoverned,0,0.6,0,allow
65.0,81.0,85.0,95.5,75.0,97.0,91.0,76.0,Guardian,supporter,B_ungoverned,0,0.9,0,allow
65.0,81.0,85.0,95.5,75.0,97.0,91.0,76.0,Scholar,gentle,B_ungoverned,0,0.9,0,allow
65.0,81.0,85.0,95.5,75.0,97.0,91.0,76.0,Healer,gentle,B_ungoverned,0,0.9,0,allow
65.0,81.0,85.0,95.5,75.0,97.0,91.0,76.0,Trickster,challenger,B_ungoverned,0,0.9,0,allow
65.0,81.0,85.0,95.5,75.0,97.0,91.0,76.0,Pioneer,explorer,B_ungoverned,0,0.9,0,allow
58.0,77.0,80.0,100.0,75.0,100.0,88.0,68.0,Guardian,supporter,B_ungoverned,0,0.6,0,allow
58.0,77.0,80.0,100.0,75.0,100.0,88.0,68.0,Scholar,gentle,B_ungoverned,0,0.6,0,allow
58.0,77.0,80.0,100.0,75.0,100.0,88.0,68.0,Healer,gentle,B_ungoverned,0,0.6,0,allow
58.0,77.0,80.0,100.0,75.0,100.0,88.0,68.0,Trickster,challenger,B_ungoverned,0,0.6,0,allow
58.0,77.0,80.0,100.0,75.0,100.0,88.0,68.0,Pioneer,explorer,B_ungoverned,0,0.6,0,allow
100.0,73.0,75.0,95.5,75.0,97.0,85.0,60.0,Guardian,supporter,B_ungoverned,0,0.7,0,allow
100.0,73.0,75.0,95.5,75.0,97.0,85.0,60.0,Scholar,gentle,B_ungoverned,0,0.7,0,allow
100.0,73.0,75.0,95.5,75.0,97.0,85.0,60.0,Healer,gentle,B_ungoverned,0,0.7,0,allow
100.0,73.0,75.0,95.5,75.0,97.0,85.0,60.0,Trickster,challenger,B_ungoverned,0,0.7,0,allow
100.0,73.0,75.0,95.5,75.0,97.0,85.0,60.0,Pioneer,explorer,B_ungoverned,0,0.7,0,allow
93.0,63.0,70.0,91.0,75.0,94.0,82.0,52.0,Guardian,supporter,B_ungoverned,0,0.85,0,allow
93.0,63.0,70.0,91.0,75.0,94.0,82.0,52.0,Scholar,gentle,B_ungoverned,0,0.85,0,allow
93.0,63.0,70.0,91.0,75.0,94.0,82.0,52.0,Healer,gentle,B_ungoverned,0,0.85,0,allow
93.0,63.0,70.0,91.0,75.0,94.0,82.0,52.0,Trickster,challenger,B_ungoverned,0,0.85,0,allow
93.0,63.0,70.0,91.0,75.0,94.0,82.0,52.0,Pioneer,explorer,B_ungoverned,0,0.85,0,allow
86.0,59.0,65.0,86.5,75.0,91.0,79.0,100.0,Guardian,supporter,B_ungoverned,0,0.6,0,allow
86.0,59.0,65.0,86.5,75.0,91.0,79.0,100.0,Scholar,gentle,B_ungoverned,0,0.6,0,allow
86.0,59.0,65.0,86.5,75.0,91.0,79.0,100.0,Healer,gentle,B_ungoverned,0,0.6,0,allow
86.0,59.0,65.0,86.5,75.0,91.0,79.0,100.0,Trickster,challenger,B_ungoverned,0,0.6,0,allow
86.0,59.0,65.0,86.5,75.0,91.0,79.0,100.0,Pioneer,explorer,B_ungoverned,0,0.6,0,allow
79.0,49.0,60.0,82.0,75.0,88.0,76.0,92.0,Guardian,supporter,B_ungoverned,0,0.85,0,allow
79.0,49.0,60.0,82.0,75.0,88.0,76.0,92.0,Scholar,gentle,B_ungoverned,0,0.85,0,allow
79.0,49.0,60.0,82.0,75.0,88.0,76.0,92.0,Healer,gentle,B_ungoverned,0,0.85,0,allow
79.0,49.0,60.0,82.0,75.0,88.0,76.0,92.0,Trickster,challenger,B_ungoverned,0,0.85,0,allow
79.0,49.0,60.0,82.0,75.0,88.0,76.0,92.0,Pioneer,explorer,B_ungoverned,0,0.85,0,allow
72.0,100.0,55.0,77.5,75.0,85.0,73.0,84.0,Guardian,supporter,B_ungoverned,0,0.7,0,allow
72.0,100.0,55.0,77.5,75.0,85.0,73.0,84.0,Scholar,gentle,B_ungoverned,0,0.7,0,allow
72.0,100.0,55.0,77.5,75.0,85.0,73.0,84.0,Healer,gentle,B_ungoverned,0,0.7,0,allow
72.0,100.0,55.0,77.5,75.0,85.0,73.0,84.0,Trickster,challenger,B_ungoverned,0,0.7,0,allow
72.0,100.0,55.0,77.5,75.0,85.0,73.0,84.0,Pioneer,explorer,B_ungoverned,0,0.7,0,allow
65.0,90.0,50.0,73.0,75.0,82.0,70.0,76.0,Guardian,supporter,B_ungoverned,0,0.85,0,allow
65.0,90.0,50.0,73.0,75.0,82.0,70.0,76.0,Scholar,gentle,B_ungoverned,0,0.85,0,allow
65.0,90.0,50.0,73.0,75.0,82.0,70.0,76.0,Healer,gentle,B_ungoverned,0,0.85,0,allow
65.0,90.0,50.0,73.0,75.0,82.0,70.0,76.0,Trickster,challenger,B_ungoverned,0,0.85,0,allow
65.0,90.0,50.0,73.0,75.0,82.0,70.0,76.0,Pioneer,explorer,B_ungoverned,0,0.85,0,allow
58.0,86.0,85.0,68.5,75.0,79.0,67.0,68.0,Guardian,supporter,B_ungoverned,0,0.9,0,allow
58.0,86.0,85.0,68.5,75.0,79.0,67.0,68.0,Scholar,gentle,B_ungoverned,0,0.9,0,allow
58.0,86.0,85.0,68.5,75.0,79.0,67.0,68.0,Healer,gentle,B_ungoverned,0,0.9,0,allow
58.0,86.0,85.0,68.5,75.0,79.0,67.0,68.0,Trickster,challenger,B_ungoverned,0,0.9,0,allow
58.0,86.0,85.0,68.5,75.0,79.0,67.0,68.0,Pioneer,explorer,B_ungoverned,0,0.9,0,allow
100.0,82.0,80.0,64.0,75.0,76.0,64.0,60.0,Guardian,supporter,B_ungoverned,0,0.7,0,allow
100.0,82.0,80.0,64.0,75.0,76.0,64.0,60.0,Scholar,gentle,B_ungoverned,0,0.7,0,allow
100.0,82.0,80.0,64.0,75.0,76.0,64.0,60.0,Healer,gentle,B_ungoverned,0,0.7,0,allow
100.0,82.0,80.0,64.0,75.0,76.0,64.0,60.0,Trickster,challenger,B_ungoverned,0,0.7,0,allow
100.0,82.0,80.0,64.0,75.0,76.0,64.0,60.0,Pioneer,explorer,B_ungoverned,0,0.7,0,allow
93.0,72.0,75.0,59.5,75.0,73.0,61.0,52.0,Guardian,supporter,B_ungoverned,0,0.85,0,allow
93.0,72.0,75.0,59.5,75.0,73.0,61.0,52.0,Scholar,gentle,B_ungoverned,0,0.85,0,allow
93.0,72.0,75.0,59.5,75.0,73.0,61.0,52.0,Healer,gentle,B_ungoverned,0,0.85,0,allow
93.0,72.0,75.0,59.5,75.0,73.0,61.0,52.0,Trickster,challenger,B_ungoverned,0,0.85,0,allow
93.0,72.0,75.0,59.5,75.0,73.0,61.0,52.0,Pioneer,explorer,B_ungoverned,0,0.85,0,allow
86.0,68.0,70.0,55.0,75.0,70.0,58.0,100.0,Guardian,supporter,B_ungoverned,0,0.6,0,allow
86.0,68.0,70.0,55.0,75.0,70.0,58.0,100.0,Scholar,gentle,B_ungoverned,0,0.6,0,allow
86.0,68.0,70.0,55.0,75.0,70.0,58.0,100.0,Healer,gentle,B_ungoverned,0,0.6,0,allow
86.0,68.0,70.0,55.0,75.0,70.0,58.0,100.0,Trickster,challenger,B_ungoverned,0,0.6,0,allow
86.0,68.0,70.0,55.0,75.0,70.0,58.0,100.0,Pioneer,explorer,B_ungoverned,0,0.6,0,allow
79.0,58.0,65.0,50.5,75.0,67.0,55.0,92.0,Guardian,supporter,B_ungoverned,0,0.85,0,allow
79.0,58.0,65.0,50.5,75.0,67.0,55.0,92.0,Scholar,gentle,B_ungoverned,0,0.85,0,allow
79.0,58.0,65.0,50.5,75.0,67.0,55.0,92.0,Healer,gentle,B_ungoverned,0,0.85,0,allow
79.0,58.0,65.0,50.5,75.0,67.0,55.0,92.0,Trickster,challenger,B_ungoverned,0,0.85,0,allow
79.0,58.0,65.0,50.5,75.0,67.0,55.0,92.0,Pioneer,explorer,B_ungoverned,0,0.85,0,allow
72.0,54.0,60.0,81.0,75.0,94.0,52.0,84.0,Guardian,supporter,B_ungoverned,0,0.6,0,allow
72.0,54.0,60.0,81.0,75.0,94.0,52.0,84.0,Scholar,gentle,B_ungoverned,0,0.6,0,allow
72.0,54.0,60.0,81.0,75.0,94.0,52.0,84.0,Healer,gentle,B_ungoverned,0,0.6,0,allow
72.0,54.0,60.0,81.0,75.0,94.0,52.0,84.0,Trickster,challenger,B_ungoverned,0,0.6,0,allow
72.0,54.0,60.0,81.0,75.0,94.0,52.0,84.0,Pioneer,explorer,B_ungoverned,0,0.6,0,allow
65.0,50.0,55.0,76.5,75.0,91.0,99.0,76.0,Guardian,supporter,B_ungoverned,0,0.65,0,allow
65.0,50.0,55.0,76.5,75.0,91.0,99.0,76.0,Scholar,gentle,B_ungoverned,0,0.65,0,allow
65.0,50.0,55.0,76.5,75.0,91.0,99.0,76.0,Healer,gentle,B_ungoverned,0,0.65,0,allow
65.0,50.0,55.0,76.5,75.0,91.0,99.0,76.0,Trickster,challenger,B_ungoverned,0,0.65,0,allow
65.0,50.0,55.0,76.5,75.0,91.0,99.0,76.0,Pioneer,explorer,B_ungoverned,0,0.65,0,allow
58.0,100.0,50.0,72.0,75.0,88.0,96.0,68.0,Guardian,supporter,B_ungoverned,0,0.7,0,allow
58.0,100.0,50.0,72.0,75.0,88.0,96.0,68.0,Scholar,gentle,B_ungoverned,0,0.7,0,allow
58.0,100.0,50.0,72.0,75.0,88.0,96.0,68.0,Healer,gentle,B_ungoverned,0,0.7,0,allow
58.0,100.0,50.0,72.0,75.0,88.0,96.0,68.0,Trickster,challenger,B_ungoverned,0,0.7,0,allow
58.0,100.0,50.0,72.0,75.0,88.0,96.0,68.0,Pioneer,explorer,B_ungoverned,0,0.7,0,allow
100.0,96.0,45.0,67.5,75.0,85.0,93.0,60.0,Guardian,supporter,B_ungoverned,0,0.7,0,allow
100.0,96.0,45.0,67.5,75.0,85.0,93.0,60.0,Scholar,gentle,B_ungoverned,0,0.7,0,allow
100.0,96.0,45.0,67.5,75.0,85.0,93.0,60.0,Healer,gentle,B_ungoverned,0,0.7,0,allow
100.0,96.0,45.0,67.5,75.0,85.0,93.0,60.0,Trickster,challenger,B_ungoverned,0,0.7,0,allow
100.0,96.0,45.0,67.5,75.0,85.0,93.0,60.0,Pioneer,explorer,B_ungoverned,0,0.7,0,allow
93.0,92.0,80.0,63.0,75.0,82.0,90.0,52.0,Guardian,supporter,B_ungoverned,0,0.9,0,allow
93.0,92.0,80.0,63.0,75.0,82.0,90.0,52.0,Scholar,gentle,B_ungoverned,0,0.9,0,allow
93.0,92.0,80.0,63.0,75.0,82.0,90.0,52.0,Healer,gentle,B_ungoverned,0,0.9,0,allow
93.0,92.0,80.0,63.0,75.0,82.0,90.0,52.0,Trickster,challenger,B_ungoverned,0,0.9,0,allow
93.0,92.0,80.0,63.0,75.0,82.0,90.0,52.0,Pioneer,explorer,B_ungoverned,0,0.9,0,allow
86.0,95.0,75.0,58.5,75.0,79.0,87.0,100.0,Guardian,supporter,B_ungoverned,0,0.6,0,allow
86.0,95.0,75.0,58.5,75.0,79.0,87.0,100.0,Scholar,gentle,B_ungoverned,0,0.6,0,allow
86.0,95.0,75.0,58.5,75.0,79.0,87.0,100.0,Healer,gentle,B_ungoverned,0,0.6,0,allow
86.0,95.0,75.0,58.5,75.0,79.0,87.0,100.0,Trickster,challenger,B_ungoverned,0,0.6,0,allow
86.0,95.0,75.0,58.5,75.0,79.0,87.0,100.0,Pioneer,explorer,B_ungoverned,0,0.6,0,allow
79.0,98.0,70.0,89.0,75.0,100.0,84.0,92.0,Guardian,supporter,B_ungoverned,0,0.6,0,allow
79.0,98.0,70.0,89.0,75.0,100.0,84.0,92.0,Scholar,gentle,B_ungoverned,0,0.6,0,allow
79.0,98.0,70.0,89.0,75.0,100.0,84.0,92.0,Healer,gentle,B_ungoverned,0,0.6,0,allow
79.0,98.0,70.0,89.0,75.0,100.0,84.0,92.0,Trickster,challenger,B_ungoverned,0,0.6,0,allow
79.0,98.0,70.0,89.0,75.0,100.0,84.0,92.0,Pioneer,explorer,B_ungoverned,0,0.6,0,allow
72.0,100.0,65.0,100.0,75.0,100.0,81.0,84.0,Guardian,supporter,B_ungoverned,0,0.6,0,allow
72.0,100.0,65.0,100.0,75.0,100.0,81.0,84.0,Scholar,gentle,B_ungoverned,0,0.6,0,allow
72.0,100.0,65.0,100.0,75.0,100.0,81.0,84.0,Healer,gentle,B_ungoverned,0,0.6,0,allow
72.0,100.0,65.0,100.0,75.0,100.0,81.0,84.0,Trickster,challenger,B_ungoverned,0,0.6,0,allow
72.0,100.0,65.0,100.0,75.0,100.0,81.0,84.0,Pioneer,explorer,B_ungoverned,0,0.6,0,allow
65.0,100.0,60.0,100.0,75.0,100.0,78.0,76.0,Guardian,supporter,B_ungoverned,0,0.6,0,allow
65.0,100.0,60.0,100.0,75.0,100.0,78.0,76.0,Scholar,gentle,B_ungoverned,0,0.6,0,allow
65.0,100.0,60.0,100.0,75.0,100.0,78.0,76.0,Healer,gentle,B_ungoverned,0,0.6,0,allow
65.0,100.0,60.0,100.0,75.0,100.0,78.0,76.0,Trickster,challenger,B_ungoverned,0,0.6,0,allow
65.0,100.0,60.0,100.0,75.0,100.0,78.0,76.0,Pioneer,explorer,B_ungoverned,0,0.6,0,allow
58.0,100.0,55.0,100.0,75.0,100.0,75.0,68.0,Guardian,supporter,B_ungoverned,0,0.6,0,allow
58.0,100.0,55.0,100.0,75.0,100.0,75.0,68.0,Scholar,gentle,B_ungoverned,0,0.6,0,allow
58.0,100.0,55.0,100.0,75.0,100.0,75.0,68.0,Healer,gentle,B_ungoverned,0,0.6,0,allow
58.0,100.0,55.0,100.0,75.0,100.0,75.0,68.0,Trickster,challenger,B_ungoverned,0,0.6,0,allow
58.0,100.0,55.0,100.0,75.0,100.0,75.0,68.0,Pioneer,explorer,B_ungoverned,0,0.6,0,allow
100.0,100.0,50.0,95.5,75.0,97.0,72.0,60.0,Guardian,supporter,B_ungoverned,0,0.7,0,allow
100.0,100.0,50.0,95.5,75.0,97.0,72.0,60.0,Scholar,gentle,B_ungoverned,0,0.7,0,allow
100.0,100.0,50.0,95.5,75.0,97.0,72.0,60.0,Healer,gentle,B_ungoverned,0,0.7,0,allow
100.0,100.0,50.0,95.5,75.0,97.0,72.0,60.0,Trickster,challenger,B_ungoverned,0,0.7,0,allow
100.0,100.0,50.0,95.5,75.0,97.0,72.0,60.0,Pioneer,explorer,B_ungoverned,0,0.7,0,allow
93.0,100.0,85.0,91.0,75.0,94.0,69.0,52.0,Guardian,supporter,B_ungoverned,0,0.9,0,allow
93.0,100.0,85.0,91.0,75.0,94.0,69.0,52.0,Scholar,gentle,B_ungoverned,0,0.9,0,allow
93.0,100.0,85.0,91.0,75.0,94.0,69.0,52.0,Healer,gentle,B_ungoverned,0,0.9,0,allow
93.0,100.0,85.0,91.0,75.0,94.0,69.0,52.0,Trickster,challenger,B_ungoverned,0,0.9,0,allow
93.0,100.0,85.0,91.0,75.0,94.0,69.0,52.0,Pioneer,explorer,B_ungoverned,0,0.9,0,allow
86.0,96.0,80.0,86.5,75.0,91.0,66.0,100.0,Guardian,supporter,B_ungoverned,0,0.6,0,allow
86.0,96.0,80.0,86.5,75.0,91.0,66.0,100.0,Scholar,gentle,B_ungoverned,0,0.6,0,allow
86.0,96.0,80.0,86.5,75.0,91.0,66.0,100.0,Healer,gentle,B_ungoverned,0,0.6,0,allow
86.0,96.0,80.0,86.5,75.0,91.0,66.0,100.0,Trickster,challenger,B_ungoverned,0,0.6,0,allow
86.0,96.0,80.0,86.5,75.0,91.0,66.0,100.0,Pioneer,explorer,B_ungoverned,0,0.6,0,allow
79.0,92.0,75.0,100.0,75.0,100.0,63.0,92.0,Guardian,supporter,B_ungoverned,0,0.6,0,allow
79.0,92.0,75.0,100.0,75.0,100.0,63.0,92.0,Scholar,gentle,B_ungoverned,0,0.6,0,allow
79.0,92.0,75.0,100.0,75.0,100.0,63.0,92.0,Healer,gentle,B_ungoverned,0,0.6,0,allow
79.0,92.0,75.0,100.0,75.0,100.0,63.0,92.0,Trickster,challenger,B_ungoverned,0,0.6,0,allow
79.0,92.0,75.0,100.0,75.0,100.0,63.0,92.0,Pioneer,explorer,B_ungoverned,0,0.6,0,allow
72.0,82.0,70.0,95.5,75.0,97.0,60.0,84.0,Guardian,supporter,B_ungoverned,0,0.85,0,allow
72.0,82.0,70.0,95.5,75.0,97.0,60.0,84.0,Scholar,gentle,B_ungoverned,0,0.85,0,allow
72.0,82.0,70.0,95.5,75.0,97.0,60.0,84.0,Healer,gentle,B_ungoverned,0,0.85,0,allow
72.0,82.0,70.0,95.5,75.0,97.0,60.0,84.0,Trickster,challenger,B_ungoverned,0,0.85,0,allow
72.0,82.0,70.0,95.5,75.0,97.0,60.0,84.0,Pioneer,explorer,B_ungoverned,0,0.85,0,allow
65.0,72.0,65.0,91.0,75.0,94.0,57.0,76.0,Guardian,supporter,B_ungoverned,0,0.85,0,allow
65.0,72.0,65.0,91.0,75.0,94.0,57.0,76.0,Scholar,gentle,B_ungoverned,0,0.85,0,allow
65.0,72.0,65.0,91.0,75.0,94.0,57.0,76.0,Healer,gentle,B_ungoverned,0,0.85,0,allow
65.0,72.0,65.0,91.0,75.0,94.0,57.0,76.0,Trickster,challenger,B_ungoverned,0,0.85,0,allow
65.0,72.0,65.0,91.0,75.0,94.0,57.0,76.0,Pioneer,explorer,B_ungoverned,0,0.85,0,allow
58.0,62.0,60.0,86.5,75.0,91.0,54.0,68.0,Guardian,supporter,B_ungoverned,0,0.85,0,allow
58.0,62.0,60.0,86.5,75.0,91.0,54.0,68.0,Scholar,gentle,B_ungoverned,0,0.85,0,allow
58.0,62.0,60.0,86.5,75.0,91.0,54.0,68.0,Healer,gentle,B_ungoverned,0,0.85,0,allow
58.0,62.0,60.0,86.5,75.0,91.0,54.0,68.0,Trickster,challenger,B_ungoverned,0,0.85,0,allow
58.0,62.0,60.0,86.5,75.0,91.0,54.0,68.0,Pioneer,explorer,B_ungoverned,0,0.85,0,allow
100.0,58.0,55.0,82.0,75.0,88.0,51.0,60.0,Guardian,supporter,B_ungoverned,0,0.7,0,allow
100.0,58.0,55.0,82.0,75.0,88.0,51.0,60.0,Scholar,gentle,B_ungoverned,0,0.7,0,allow
100.0,58.0,55.0,82.0,75.0,88.0,51.0,60.0,Healer,gentle,B_ungoverned,0,0.7,0,allow
100.0,58.0,55.0,82.0,75.0,88.0,51.0,60.0,Trickster,challenger,B_ungoverned,0,0.7,0,allow
100.0,58.0,55.0,82.0,75.0,88.0,51.0,60.0,Pioneer,explorer,B_ungoverned,0,0.7,0,allow
93.0,54.0,50.0,77.5,75.0,85.0,98.0,52.0,Guardian,supporter,B_ungoverned,0,0.65,0,allow
93.0,54.0,50.0,77.5,75.0,85.0,98.0,52.0,Scholar,gentle,B_ungoverned,0,0.65,0,allow
93.0,54.0,50.0,77.5,75.0,85.0,98.0,52.0,Healer,gentle,B_ungoverned,0,0.65,0,allow
93.0,54.0,50.0,77.5,75.0,85.0,98.0,52.0,Trickster,challenger,B_ungoverned,0,0.65,0,allow
93.0,54.0,50.0,77.5,75.0,85.0,98.0,52.0,Pioneer,explorer,B_ungoverned,0,0.65,0,allow
86.0,50.0,45.0,73.0,75.0,82.0,95.0,100.0,Guardian,supporter,B_ungoverned,0,0.6,0,allow
86.0,50.0,45.0,73.0,75.0,82.0,95.0,100.0,Scholar,gentle,B_ungoverned,0,0.6,0,allow
86.0,50.0,45.0,73.0,75.0,82.0,95.0,100.0,Healer,gentle,B_ungoverned,0,0.6,0,allow
86.0,50.0,45.0,73.0,75.0,82.0,95.0,100.0,Trickster,challenger,B_ungoverned,0,0.6,0,allow
86.0,50.0,45.0,73.0,75.0,82.0,95.0,100.0,Pioneer,explorer,B_ungoverned,0,0.6,0,allow
79.0,46.0,80.0,68.5,75.0,79.0,92.0,92.0,Guardian,supporter,B_ungoverned,0,0.9,0,allow
79.0,46.0,80.0,68.5,75.0,79.0,92.0,92.0,Scholar,gentle,B_ungoverned,0,0.9,0,allow
79.0,46.0,80.0,68.5,75.0,79.0,92.0,92.0,Healer,gentle,B_ungoverned,0,0.9,0,allow
79.0,46.0,80.0,68.5,75.0,79.0,92.0,92.0,Trickster,challenger,B_ungoverned,0,0.9,0,allow
79.0,46.0,80.0,68.5,75.0,79.0,92.0,92.0,Pioneer,explorer,B_ungoverned,0,0.9,0,allow
72.0,100.0,75.0,64.0,75.0,76.0,89.0,84.0,Guardian,supporter,B_ungoverned,0,0.7,0,allow
72.0,100.0,75.0,64.0,75.0,76.0,89.0,84.0,Scholar,gentle,B_ungoverned,0,0.7,0,allow
72.0,100.0,75.0,64.0,75.0,76.0,89.0,84.0,Healer,gentle,B_ungoverned,0,0.7,0,allow
72.0,100.0,75.0,64.0,75.0,76.0,89.0,84.0,Trickster,challenger,B_ungoverned,0,0.7,0,allow
72.0,100.0,75.0,64.0,75.0,76.0,89.0,84.0,Pioneer,explorer,B_ungoverned,0,0.7,0,allow
65.0,90.0,70.0,59.5,75.0,73.0,86.0,76.0,Guardian,supporter,B_ungoverned,0,0.85,0,allow
65.0,90.0,70.0,59.5,75.0,73.0,86.0,76.0,Scholar,gentle,B_ungoverned,0,0.85,0,allow
65.0,90.0,70.0,59.5,75.0,73.0,86.0,76.0,Healer,gentle,B_ungoverned,0,0.85,0,allow
65.0,90.0,70.0,59.5,75.0,73.0,86.0,76.0,Trickster,challenger,B_ungoverned,0,0.85,0,allow
65.0,90.0,70.0,59.5,75.0,73.0,86.0,76.0,Pioneer,explorer,B_ungoverned,0,0.85,0,allow
58.0,80.0,65.0,55.0,75.0,70.0,83.0,68.0,Guardian,supporter,B_ungoverned,0,0.85,0,allow
58.0,80.0,65.0,55.0,75.0,70.0,83.0,68.0,Scholar,gentle,B_ungoverned,0,0.85,0,allow
58.0,80.0,65.0,55.0,75.0,70.0,83.0,68.0,Healer,gentle,B_ungoverned,0,0.85,0,allow
58.0,80.0,65.0,55.0,75.0,70.0,83.0,68.0,Trickster,challenger,B_ungoverned,0,0.85,0,allow
58.0,80.0,65.0,55.0,75.0,70.0,83.0,68.0,Pioneer,explorer,B_ungoverned,0,0.85,0,allow
100.0,76.0,60.0,50.5,75.0,67.0,80.0,60.0,Guardian,supporter,B_ungoverned,0,0.7,0,allow
100.0,76.0,60.0,50.5,75.0,67.0,80.0,60.0,Scholar,gentle,B_ungoverned,0,0.7,0,allow
100.0,76.0,60.0,50.5,75.0,67.0,80.0,60.0,Healer,gentle,B_ungoverned,0,0.7,0,allow
100.0,76.0,60.0,50.5,75.0,67.0,80.0,60.0,Trickster,challenger,B_ungoverned,0,0.7,0,allow
100.0,76.0,60.0,50.5,75.0,67.0,80.0,60.0,Pioneer,explorer,B_ungoverned,0,0.7,0,allow
93.0,72.0,55.0,81.0,75.0,94.0,77.0,52.0,Guardian,supporter,B_ungoverned,0,0.6,0,allow
93.0,72.0,55.0,81.0,75.0,94.0,77.0,52.0,Scholar,gentle,B_ungoverned,0,0.6,0,allow
93.0,72.0,55.0,81.0,75.0,94.0,77.0,52.0,Healer,gentle,B_ungoverned,0,0.6,0,allow
93.0,72.0,55.0,81.0,75.0,94.0,77.0,52.0,Trickster,challenger,B_ungoverned,0,0.6,0,allow
93.0,72.0,55.0,81.0,75.0,94.0,77.0,52.0,Pioneer,explorer,B_ungoverned,0,0.6,0,allow
86.0,68.0,50.0,76.5,75.0,91.0,74.0,100.0,Guardian,supporter,B_ungoverned,0,0.6,0,allow
86.0,68.0,50.0,76.5,75.0,91.0,74.0,100.0,Scholar,gentle,B_ungoverned,0,0.6,0,allow
86.0,68.0,50.0,76.5,75.0,91.0,74.0,100.0,Healer,gentle,B_ungoverned,0,0.6,0,allow
86.0,68.0,50.0,76.5,75.0,91.0,74.0,100.0,Trickster,challenger,B_ungoverned,0,0.6,0,allow
86.0,68.0,50.0,76.5,75.0,91.0,74.0,100.0,Pioneer,explorer,B_ungoverned,0,0.6,0,allow
79.0,64.0,85.0,72.0,75.0,88.0,71.0,92.0,Guardian,supporter,B_ungoverned,0,0.9,0,allow
79.0,64.0,85.0,72.0,75.0,88.0,71.0,92.0,Scholar,gentle,B_ungoverned,0,0.9,0,allow
79.0,64.0,85.0,72.0,75.0,88.0,71.0,92.0,Healer,gentle,B_ungoverned,0,0.9,0,allow
79.0,64.0,85.0,72.0,75.0,88.0,71.0,92.0,Trickster,challenger,B_ungoverned,0,0.9,0,allow
79.0,64.0,85.0,72.0,75.0,88.0,71.0,92.0,Pioneer,explorer,B_ungoverned,0,0.9,0,allow
72.0,60.0,80.0,100.0,75.0,100.0,68.0,84.0,Guardian,supporter,B_ungoverned,0,0.6,0,allow
72.0,60.0,80.0,100.0,75.0,100.0,68.0,84.0,Scholar,gentle,B_ungoverned,0,0.6,0,allow
72.0,60.0,80.0,100.0,75.0,100.0,68.0,84.0,Healer,gentle,B_ungoverned,0,0.6,0,allow
72.0,60.0,80.0,100.0,75.0,100.0,68.0,84.0,Trickster,challenger,B_ungoverned,0,0.6,0,allow
72.0,60.0,80.0,100.0,75.0,100.0,68.0,84.0,Pioneer,explorer,B_ungoverned,0,0.6,0,allow
65.0,63.0,75.0,100.0,75.0,100.0,65.0,76.0,Guardian,supporter,B_ungoverned,0,0.6,0,allow
65.0,63.0,75.0,100.0,75.0,100.0,65.0,76.0,Scholar,gentle,B_ungoverned,0,0.6,0,allow
65.0,63.0,75.0,100.0,75.0,100.0,65.0,76.0,Healer,gentle,B_ungoverned,0,0.6,0,allow
65.0,63.0,75.0,100.0,75.0,100.0,65.0,76.0,Trickster,challenger,B_ungoverned,0,0.6,0,allow
65.0,63.0,75.0,100.0,75.0,100.0,65.0,76.0,Pioneer,explorer,B_ungoverned,0,0.6,0,allow
58.0,66.0,70.0,100.0,75.0,100.0,62.0,68.0,Guardian,supporter,B_ungoverned,0,0.6,0,allow
58.0,66.0,70.0,100.0,75.0,100.0,62.0,68.0,Scholar,gentle,B_ungoverned,0,0.6,0,allow
58.0,66.0,70.0,100.0,75.0,100.0,62.0,68.0,Healer,gentle,B_ungoverned,0,0.6,0,allow
58.0,66.0,70.0,100.0,75.0,100.0,62.0,68.0,Trickster,challenger,B_ungoverned,0,0.6,0,allow
58.0,66.0,70.0,100.0,75.0,100.0,62.0,68.0,Pioneer,explorer,B_ungoverned,0,0.6,0,allow
100.0,69.0,65.0,95.5,75.0,97.0,59.0,60.0,Guardian,supporter,B_ungoverned,0,0.7,0,allow
100.0,69.0,65.0,95.5,75.0,97.0,59.0,60.0,Scholar,gentle,B_ungoverned,0,0.7,0,allow
100.0,69.0,65.0,95.5,75.0,97.0,59.0,60.0,Healer,gentle,B_ungoverned,0,0.7,0,allow
100.0,69.0,65.0,95.5,75.0,97.0,59.0,60.0,Trickster,challenger,B_ungoverned,0,0.7,0,allow
100.0,69.0,65.0,95.5,75.0,97.0,59.0,60.0,Pioneer,explorer,B_ungoverned,0,0.7,0,allow
93.0,72.0,60.0,100.0,75.0,100.0,56.0,52.0,Guardian,supporter,B_ungoverned,0,0.6,0,allow
93.0,72.0,60.0,100.0,75.0,100.0,56.0,52.0,Scholar,gentle,B_ungoverned,0,0.6,0,allow
93.0,72.0,60.0,100.0,75.0,100.0,56.0,52.0,Healer,gentle,B_ungoverned,0,0.6,0,allow
93.0,72.0,60.0,100.0,75.0,100.0,56.0,52.0,Trickster,challenger,B_ungoverned,0,0.6,0,allow
93.0,72.0,60.0,100.0,75.0,100.0,56.0,52.0,Pioneer,explorer,B_ungoverned,0,0.6,0,allow
86.0,75.0,55.0,95.5,75.0,97.0,53.0,100.0,Guardian,supporter,B_ungoverned,0,0.6,0,allow
86.0,75.0,55.0,95.5,75.0,97.0,53.0,100.0,Scholar,gentle,B_ungoverned,0,0.6,0,allow
86.0,75.0,55.0,95.5,75.0,97.0,53.0,100.0,Healer,gentle,B_ungoverned,0,0.6,0,allow
86.0,75.0,55.0,95.5,75.0,97.0,53.0,100.0,Trickster,challenger,B_ungoverned,0,0.6,0,allow
86.0,75.0,55.0,95.5,75.0,97.0,53.0,100.0,Pioneer,explorer,B_ungoverned,0,0.6,0,allow
79.0,78.0,50.0,100.0,75.0,100.0,50.0,92.0,Guardian,supporter,B_ungoverned,0,0.6,0,allow
79.0,78.0,50.0,100.0,75.0,100.0,50.0,92.0,Scholar,gentle,B_ungoverned,0,0.6,0,allow
79.0,78.0,50.0,100.0,75.0,100.0,50.0,92.0,Healer,gentle,B_ungoverned,0,0.6,0,allow
79.0,78.0,50.0,100.0,75.0,100.0,50.0,92.0,Trickster,challenger,B_ungoverned,0,0.6,0,allow
79.0,78.0,50.0,100.0,75.0,100.0,50.0,92.0,Pioneer,explorer,B_ungoverned,0,0.6,0,allow
72.0,81.0,85.0,95.5,75.0,97.0,47.0,84.0,Guardian,supporter,B_ungoverned,0,0.9,0,allow
72.0,81.0,85.0,95.5,75.0,97.0,47.0,84.0,Scholar,gentle,B_ungoverned,0,0.9,0,allow
72.0,81.0,85.0,95.5,75.0,97.0,47.0,84.0,Healer,gentle,B_ungoverned,0,0.9,0,allow
72.0,81.0,85.0,95.5,75.0,97.0,47.0,84.0,Trickster,challenger,B_ungoverned,0,0.9,0,allow
72.0,81.0,85.0,95.5,75.0,97.0,47.0,84.0,Pioneer,explorer,B_ungoverned,0,0.9,0,allow
65.0,77.0,80.0,91.0,75.0,94.0,94.0,76.0,Guardian,supporter,B_ungoverned,0,0.65,0,allow
65.0,77.0,80.0,91.0,75.0,94.0,94.0,76.0,Scholar,gentle,B_ungoverned,0,0.65,0,allow
65.0,77.0,80.0,91.0,75.0,94.0,94.0,76.0,Healer,gentle,B_ungoverned,0,0.65,0,allow
65.0,77.0,80.0,91.0,75.0,94.0,94.0,76.0,Trickster,challenger,B_ungoverned,0,0.65,0,allow
65.0,77.0,80.0,91.0,75.0,94.0,94.0,76.0,Pioneer,explorer,B_ungoverned,0,0.65,0,allow
58.0,73.0,75.0,100.0,75.0,100.0,91.0,68.0,Guardian,supporter,B_ungoverned,0,0.6,0,allow
58.0,73.0,75.0,100.0,75.0,100.0,91.0,68.0,Scholar,gentle,B_ungoverned,0,0.6,0,allow
58.0,73.0,75.0,100.0,75.0,100.0,91.0,68.0,Healer,gentle,B_ungoverned,0,0.6,0,allow
58.0,73.0,75.0,100.0,75.0,100.0,91.0,68.0,Trickster,challenger,B_ungoverned,0,0.6,0,allow
58.0,73.0,75.0,100.0,75.0,100.0,91.0,68.0,Pioneer,explorer,B_ungoverned,0,0.6,0,allow
100.0,69.0,70.0,95.5,75.0,97.0,88.0,60.0,Guardian,supporter,B_ungoverned,0,0.7,0,allow
100.0,69.0,70.0,95.5,75.0,97.0,88.0,60.0,Scholar,gentle,B_ungoverned,0,0.7,0,allow
100.0,69.0,70.0,95.5,75.0,97.0,88.0,60.0,Healer,gentle,B_ungoverned,0,0.7,0,allow
100.0,69.0,70.0,95.5,75.0,97.0,88.0,60.0,Trickster,challenger,B_ungoverned,0,0.7,0,allow
100.0,69.0,70.0,95.5,75.0,97.0,88.0,60.0,Pioneer,explorer,B_ungoverned,0,0.7,0,allow
93.0,59.0,65.0,91.0,75.0,94.0,85.0,52.0,Guardian,supporter,B_ungoverned,0,0.85,0,allow
93.0,59.0,65.0,91.0,75.0,94.0,85.0,52.0,Scholar,gentle,B_ungoverned,0,0.85,0,allow
93.0,59.0,65.0,91.0,75.0,94.0,85.0,52.0,Healer,gentle,B_ungoverned,0,0.85,0,allow
93.0,59.0,65.0,91.0,75.0,94.0,85.0,52.0,Trickster,challenger,B_ungoverned,0,0.85,0,allow
93.0,59.0,65.0,91.0,75.0,94.0,85.0,52.0,Pioneer,explorer,B_ungoverned,0,0.85,0,allow
86.0,55.0,60.0,86.5,75.0,91.0,82.0,100.0,Guardian,supporter,B_ungoverned,0,0.6,0,allow
86.0,55.0,60.0,86.5,75.0,91.0,82.0,100.0,Scholar,gentle,B_ungoverned,0,0.6,0,allow
86.0,55.0,60.0,86.5,75.0,91.0,82.0,100.0,Healer,gentle,B_ungoverned,0,0.6,0,allow
86.0,55.0,60.0,86.5,75.0,91.0,82.0,100.0,Trickster,challenger,B_ungoverned,0,0.6,0,allow
86.0,55.0,60.0,86.5,75.0,91.0,82.0,100.0,Pioneer,explorer,B_ungoverned,0,0.6,0,allow
79.0,45.0,55.0,82.0,75.0,88.0,79.0,92.0,Guardian,supporter,B_ungoverned,0,0.85,0,allow
79.0,45.0,55.0,82.0,75.0,88.0,79.0,92.0,Scholar,gentle,B_ungoverned,0,0.85,0,allow
79.0,45.0,55.0,82.0,75.0,88.0,79.0,92.0,Healer,gentle,B_ungoverned,0,0.85,0,allow
79.0,45.0,55.0,82.0,75.0,88.0,79.0,92.0,Trickster,challenger,B_ungoverned,0,0.85,0,allow
79.0,45.0,55.0,82.0,75.0,88.0,79.0,92.0,Pioneer,explorer,B_ungoverned,0,0.85,0,allow
72.0,100.0,50.0,77.5,75.0,85.0,76.0,84.0,Guardian,supporter,B_ungoverned,0,0.7,0,allow
72.0,100.0,50.0,77.5,75.0,85.0,76.0,84.0,Scholar,gentle,B_ungoverned,0,0.7,0,allow
72.0,100.0,50.0,77.5,75.0,85.0,76.0,84.0,Healer,gentle,B_ungoverned,0,0.7,0,allow
72.0,100.0,50.0,77.5,75.0,85.0,76.0,84.0,Trickster,challenger,B_ungoverned,0,0.7,0,allow
72.0,100.0,50.0,77.5,75.0,85.0,76.0,84.0,Pioneer,explorer,B_ungoverned,0,0.7,0,allow
65.0,96.0,85.0,73.0,75.0,82.0,73.0,76.0,Guardian,supporter,B_ungoverned,0,0.9,0,allow
65.0,96.0,85.0,73.0,75.0,82.0,73.0,76.0,Scholar,gentle,B_ungoverned,0,0.9,0,allow
65.0,96.0,85.0,73.0,75.0,82.0,73.0,76.0,Healer,gentle,B_ungoverned,0,0.9,0,allow
65.0,96.0,85.0,73.0,75.0,82.0,73.0,76.0,Trickster,challenger,B_ungoverned,0,0.9,0,allow
65.0,96.0,85.0,73.0,75.0,82.0,73.0,76.0,Pioneer,explorer,B_ungoverned,0,0.9,0,allow
58.0,86.0,80.0,68.5,75.0,79.0,70.0,68.0,Guardian,supporter,B_ungoverned,0,0.85,0,allow
58.0,86.0,80.0,68.5,75.0,79.0,70.0,68.0,Scholar,gentle,B_ungoverned,0,0.85,0,allow
58.0,86.0,80.0,68.5,75.0,79.0,70.0,68.0,Healer,gentle,B_ungoverned,0,0.85,0,allow
58.0,86.0,80.0,68.5,75.0,79.0,70.0,68.0,Trickster,challenger,B_ungoverned,0,0.85,0,allow
58.0,86.0,80.0,68.5,75.0,79.0,70.0,68.0,Pioneer,explorer,B_ungoverned,0,0.85,0,allow
100.0,82.0,75.0,64.0,75.0,76.0,67.0,60.0,Guardian,supporter,B_ungoverned,0,0.7,0,allow
100.0,82.0,75.0,64.0,75.0,76.0,67.0,60.0,Scholar,gentle,B_ungoverned,0,0.7,0,allow
100.0,82.0,75.0,64.0,75.0,76.0,67.0,60.0,Healer,gentle,B_ungoverned,0,0.7,0,allow
100.0,82.0,75.0,64.0,75.0,76.0,67.0,60.0,Trickster,challenger,B_ungoverned,0,0.7,0,allow
100.0,82.0,75.0,64.0,75.0,76.0,67.0,60.0,Pioneer,explorer,B_ungoverned,0,0.7,0,allow
93.0,72.0,70.0,59.5,75.0,73.0,64.0,52.0,Guardian,supporter,B_ungoverned,0,0.85,0,allow
93.0,72.0,70.0,59.5,75.0,73.0,64.0,52.0,Scholar,gentle,B_ungoverned,0,0.85,0,allow
93.0,72.0,70.0,59.5,75.0,73.0,64.0,52.0,Healer,gentle,B_ungoverned,0,0.85,0,allow
93.0,72.0,70.0,59.5,75.0,73.0,64.0,52.0,Trickster,challenger,B_ungoverned,0,0.85,0,allow
93.0,72.0,70.0,59.5,75.0,73.0,64.0,52.0,Pioneer,explorer,B_ungoverned,0,0.85,0,allow
86.0,68.0,65.0,55.0,75.0,70.0,61.0,100.0,Guardian,supporter,B_ungoverned,0,0.6,0,allow
86.0,68.0,65.0,55.0,75.0,70.0,61.0,100.0,Scholar,gentle,B_ungoverned,0,0.6,0,allow
86.0,68.0,65.0,55.0,75.0,70.0,61.0,100.0,Healer,gentle,B_ungoverned,0,0.6,0,allow
86.0,68.0,65.0,55.0,75.0,70.0,61.0,100.0,Trickster,challenger,B_ungoverned,0,0.6,0,allow
86.0,68.0,65.0,55.0,75.0,70.0,61.0,100.0,Pioneer,explorer,B_ungoverned,0,0.6,0,allow
79.0,58.0,60.0,50.5,75.0,67.0,58.0,92.0,Guardian,supporter,B_ungoverned,0,0.85,0,allow
79.0,58.0,60.0,50.5,75.0,67.0,58.0,92.0,Scholar,gentle,B_ungoverned,0,0.85,0,allow
79.0,58.0,60.0,50.5,75.0,67.0,58.0,92.0,Healer,gentle,B_ungoverned,0,0.85,0,allow
79.0,58.0,60.0,50.5,75.0,67.0,58.0,92.0,Trickster,challenger,B_ungoverned,0,0.85,0,allow
79.0,58.0,60.0,50.5,75.0,67.0,58.0,92.0,Pioneer,explorer,B_ungoverned,0,0.85,0,allow
72.0,54.0,55.0,81.0,75.0,94.0,55.0,84.0,Guardian,supporter,B_ungoverned,0,0.6,0,allow
72.0,54.0,55.0,81.0,75.0,94.0,55.0,84.0,Scholar,gentle,B_ungoverned,0,0.6,0,allow
72.0,54.0,55.0,81.0,75.0,94.0,55.0,84.0,Healer,gentle,B_ungoverned,0,0.6,0,allow
72.0,54.0,55.0,81.0,75.0,94.0,55.0,84.0,Trickster,challenger,B_ungoverned,0,0.6,0,allow
72.0,54.0,55.0,81.0,75.0,94.0,55.0,84.0,Pioneer,explorer,B_ungoverned,0,0.6,0,allow
65.0,50.0,50.0,100.0,75.0,100.0,52.0,76.0,Guardian,supporter,B_ungoverned,0,0.6,0,allow
65.0,50.0,50.0,100.0,75.0,100.0,52.0,76.0,Scholar,gentle,B_ungoverned,0,0.6,0,allow
65.0,50.0,50.0,100.0,75.0,100.0,52.0,76.0,Healer,gentle,B_ungoverned,0,0.6,0,allow
65.0,50.0,50.0,100.0,75.0,100.0,52.0,76.0,Trickster,challenger,B_ungoverned,0,0.6,0,allow
65.0,50.0,50.0,100.0,75.0,100.0,52.0,76.0,Pioneer,explorer,B_ungoverned,0,0.6,0,allow
58.0,46.0,85.0,95.5,75.0,97.0,49.0,68.0,Guardian,supporter,B_ungoverned,0,0.9,0,allow
58.0,46.0,85.0,95.5,75.0,97.0,49.0,68.0,Scholar,gentle,B_ungoverned,0,0.9,0,allow
58.0,46.0,85.0,95.5,75.0,97.0,49.0,68.0,Healer,gentle,B_ungoverned,0,0.9,0,allow
58.0,46.0,85.0,95.5,75.0,97.0,49.0,68.0,Trickster,challenger,B_ungoverned,0,0.9,0,allow
58.0,46.0,85.0,95.5,75.0,97.0,49.0,68.0,Pioneer,explorer,B_ungoverned,0,0.9,0,allow
100.0,42.0,80.0,91.0,75.0,94.0,46.0,60.0,Guardian,supporter,B_ungoverned,0,0.7,0,allow
100.0,42.0,80.0,91.0,75.0,94.0,46.0,60.0,Scholar,gentle,B_ungoverned,0,0.7,0,allow
100.0,42.0,80.0,91.0,75.0,94.0,46.0,60.0,Healer,gentle,B_ungoverned,0,0.7,0,allow
100.0,42.0,80.0,91.0,75.0,94.0,46.0,60.0,Trickster,challenger,B_ungoverned,0,0.7,0,allow
100.0,42.0,80.0,91.0,75.0,94.0,46.0,60.0,Pioneer,explorer,B_ungoverned,0,0.7,0,allow
93.0,45.0,75.0,86.5,75.0,91.0,93.0,52.0,Guardian,supporter,B_ungoverned,0,0.65,0,allow
93.0,45.0,75.0,86.5,75.0,91.0,93.0,52.0,Scholar,gentle,B_ungoverned,0,0.65,0,allow
93.0,45.0,75.0,86.5,75.0,91.0,93.0,52.0,Healer,gentle,B_ungoverned,0,0.65,0,allow
93.0,45.0,75.0,86.5,75.0,91.0,93.0,52.0,Trickster,challenger,B_ungoverned,0,0.65,0,allow
93.0,45.0,75.0,86.5,75.0,91.0,93.0,52.0,Pioneer,explorer,B_ungoverned,0,0.65,0,allow
86.0,48.0,70.0,82.0,75.0,88.0,90.0,100.0,Guardian,supporter,B_ungoverned,0,0.6,0,allow
86.0,48.0,70.0,82.0,75.0,88.0,90.0,100.0,Scholar,gentle,B_ungoverned,0,0.6,0,allow
86.0,48.0,70.0,82.0,75.0,88.0,90.0,100.0,Healer,gentle,B_ungoverned,0,0.6,0,allow
86.0,48.0,70.0,82.0,75.0,88.0,90.0,100.0,Trickster,challenger,B_ungoverned,0,0.6,0,allow
86.0,48.0,70.0,82.0,75.0,88.0,90.0,100.0,Pioneer,explorer,B_ungoverned,0,0.6,0,allow
79.0,51.0,65.0,100.0,75.0,100.0,87.0,92.0,Guardian,supporter,B_ungoverned,0,0.6,0,allow
79.0,51.0,65.0,100.0,75.0,100.0,87.0,92.0,Scholar,gentle,B_ungoverned,0,0.6,0,allow
79.0,51.0,65.0,100.0,75.0,100.0,87.0,92.0,Healer,gentle,B_ungoverned,0,0.6,0,allow
79.0,51.0,65.0,100.0,75.0,100.0,87.0,92.0,Trickster,challenger,B_ungoverned,0,0.6,0,allow
79.0,51.0,65.0,100.0,75.0,100.0,87.0,92.0,Pioneer,explorer,B_ungoverned,0,0.6,0,allow
72.0,54.0,60.0,100.0,75.0,100.0,84.0,84.0,Guardian,supporter,B_ungoverned,0,0.6,0,allow
72.0,54.0,60.0,100.0,75.0,100.0,84.0,84.0,Scholar,gentle,B_ungoverned,0,0.6,0,allow
72.0,54.0,60.0,100.0,75.0,100.0,84.0,84.0,Healer,gentle,B_ungoverned,0,0.6,0,allow
72.0,54.0,60.0,100.0,75.0,100.0,84.0,84.0,Trickster,challenger,B_ungoverned,0,0.6,0,allow
72.0,54.0,60.0,100.0,75.0,100.0,84.0,84.0,Pioneer,explorer,B_ungoverned,0,0.6,0,allow
65.0,57.0,55.0,100.0,75.0,100.0,81.0,76.0,Guardian,supporter,B_ungoverned,0,0.6,0,allow
65.0,57.0,55.0,100.0,75.0,100.0,81.0,76.0,Scholar,gentle,B_ungoverned,0,0.6,0,allow
65.0,57.0,55.0,100.0,75.0,100.0,81.0,76.0,Healer,gentle,B_ungoverned,0,0.6,0,allow
65.0,57.0,55.0,100.0,75.0,100.0,81.0,76.0,Trickster,challenger,B_ungoverned,0,0.6,0,allow
65.0,57.0,55.0,100.0,75.0,100.0,81.0,76.0,Pioneer,explorer,B_ungoverned,0,0.6,0,allow
58.0,60.0,50.0,100.0,75.0,100.0,78.0,68.0,Guardian,supporter,B_ungoverned,0,0.6,0,allow
58.0,60.0,50.0,100.0,75.0,100.0,78.0,68.0,Scholar,gentle,B_ungoverned,0,0.6,0,allow
58.0,60.0,50.0,100.0,75.0,100.0,78.0,68.0,Healer,gentle,B_ungoverned,0,0.6,0,allow
58.0,60.0,50.0,100.0,75.0,100.0,78.0,68.0,Trickster,challenger,B_ungoverned,0,0.6,0,allow
58.0,60.0,50.0,100.0,75.0,100.0,78.0,68.0,Pioneer,explorer,B_ungoverned,0,0.6,0,allow
100.0,63.0,45.0,95.5,75.0,97.0,75.0,60.0,Guardian,supporter,B_ungoverned,0,0.7,0,allow
100.0,63.0,45.0,95.5,75.0,97.0,75.0,60.0,Scholar,gentle,B_ungoverned,0,0.7,0,allow
100.0,63.0,45.0,95.5,75.0,97.0,75.0,60.0,Healer,gentle,B_ungoverned,0,0.7,0,allow
100.0,63.0,45.0,95.5,75.0,97.0,75.0,60.0,Trickster,challenger,B_ungoverned,0,0.7,0,allow
100.0,63.0,45.0,95.5,75.0,97.0,75.0,60.0,Pioneer,explorer,B_ungoverned,0,0.7,0,allow
93.0,59.0,80.0,91.0,75.0,94.0,72.0,52.0,Guardian,supporter,B_ungoverned,0,0.9,0,allow
93.0,59.0,80.0,91.0,75.0,94.0,72.0,52.0,Scholar,gentle,B_ungoverned,0,0.9,0,allow
93.0,59.0,80.0,91.0,75.0,94.0,72.0,52.0,Healer,gentle,B_ungoverned,0,0.9,0,allow
93.0,59.0,80.0,91.0,75.0,94.0,72.0,52.0,Trickster,challenger,B_ungoverned,0,0.9,0,allow
93.0,59.0,80.0,91.0,75.0,94.0,72.0,52.0,Pioneer,explorer,B_ungoverned,0,0.9,0,allow
86.0,55.0,75.0,86.5,75.0,91.0,69.0,100.0,Guardian,supporter,B_ungoverned,0,0.6,0,allow
86.0,55.0,75.0,86.5,75.0,91.0,69.0,100.0,Scholar,gentle,B_ungoverned,0,0.6,0,allow
86.0,55.0,75.0,86.5,75.0,91.0,69.0,100.0,Healer,gentle,B_ungoverned,0,0.6,0,allow
86.0,55.0,75.0,86.5,75.0,91.0,69.0,100.0,Trickster,challenger,B_ungoverned,0,0.6,0,allow
86.0,55.0,75.0,86.5,75.0,91.0,69.0,100.0,Pioneer,explorer,B_ungoverned,0,0.6,0,allow
79.0,45.0,70.0,82.0,75.0,88.0,66.0,92.0,Guardian,supporter,B_ungoverned,0,0.85,0,allow
79.0,45.0,70.0,82.0,75.0,88.0,66.0,92.0,Scholar,gentle,B_ungoverned,0,0.85,0,allow
79.0,45.0,70.0,82.0,75.0,88.0,66.0,92.0,Healer,gentle,B_ungoverned,0,0.85,0,allow
79.0,45.0,70.0,82.0,75.0,88.0,66.0,92.0,Trickster,challenger,B_ungoverned,0,0.85,0,allow
79.0,45.0,70.0,82.0,75.0,88.0,66.0,92.0,Pioneer,explorer,B_ungoverned,0,0.85,0,allow
72.0,100.0,65.0,77.5,75.0,85.0,63.0,84.0,Guardian,supporter,B_ungoverned,0,0.7,0,allow
72.0,100.0,65.0,77.5,75.0,85.0,63.0,84.0,Scholar,gentle,B_ungoverned,0,0.7,0,allow
72.0,100.0,65.0,77.5,75.0,85.0,63.0,84.0,Healer,gentle,B_ungoverned,0,0.7,0,allow
72.0,100.0,65.0,77.5,75.0,85.0,63.0,84.0,Trickster,challenger,B_ungoverned,0,0.7,0,allow
72.0,100.0,65.0,77.5,75.0,85.0,63.0,84.0,Pioneer,explorer,B_ungoverned,0,0.7,0,allow
65.0,90.0,60.0,73.0,75.0,82.0,60.0,76.0,Guardian,supporter,B_ungoverned,0,0.85,0,allow
65.0,90.0,60.0,73.0,75.0,82.0,60.0,76.0,Scholar,gentle,B_ungoverned,0,0.85,0,allow
65.0,90.0,60.0,73.0,75.0,82.0,60.0,76.0,Healer,gentle,B_ungoverned,0,0.85,0,allow
65.0,90.0,60.0,73.0,75.0,82.0,60.0,76.0,Trickster,challenger,B_ungoverned,0,0.85,0,allow
65.0,90.0,60.0,73.0,75.0,82.0,60.0,76.0,Pioneer,explorer,B_ungoverned,0,0.85,0,allow
58.0,80.0,55.0,68.5,75.0,79.0,57.0,68.0,Guardian,supporter,B_ungoverned,0,0.85,0,allow
58.0,80.0,55.0,68.5,75.0,79.0,57.0,68.0,Scholar,gentle,B_ungoverned,0,0.85,0,allow
58.0,80.0,55.0,68.5,75.0,79.0,57.0,68.0,Healer,gentle,B_ungoverned,0,0.85,0,allow
58.0,80.0,55.0,68.5,75.0,79.0,57.0,68.0,Trickster,challenger,B_ungoverned,0,0.85,0,allow
58.0,80.0,55.0,68.5,75.0,79.0,57.0,68.0,Pioneer,explorer,B_ungoverned,0,0.85,0,allow
100.0,76.0,50.0,64.0,75.0,76.0,54.0,60.0,Guardian,supporter,B_ungoverned,0,0.7,0,allow
100.0,76.0,50.0,64.0,75.0,76.0,54.0,60.0,Scholar,gentle,B_ungoverned,0,0.7,0,allow
100.0,76.0,50.0,64.0,75.0,76.0,54.0,60.0,Healer,gentle,B_ungoverned,0,0.7,0,allow
100.0,76.0,50.0,64.0,75.0,76.0,54.0,60.0,Trickster,challenger,B_ungoverned,0,0.7,0,allow
100.0,76.0,50.0,64.0,75.0,76.0,54.0,60.0,Pioneer,explorer,B_ungoverned,0,0.7,0,allow
93.0,72.0,85.0,59.5,75.0,73.0,51.0,52.0,Guardian,supporter,B_ungoverned,0,0.9,0,allow
93.0,72.0,85.0,59.5,75.0,73.0,51.0,52.0,Scholar,gentle,B_ungoverned,0,0.9,0,allow
93.0,72.0,85.0,59.5,75.0,73.0,51.0,52.0,Healer,gentle,B_ungoverned,0,0.9,0,allow
93.0,72.0,85.0,59.5,75.0,73.0,51.0,52.0,Trickster,challenger,B_ungoverned,0,0.9,0,allow
93.0,72.0,85.0,59.5,75.0,73.0,51.0,52.0,Pioneer,explorer,B_ungoverned,0,0.9,0,allow
86.0,68.0,80.0,55.0,75.0,70.0,48.0,100.0,Guardian,supporter,B_ungoverned,0,0.6,0,allow
86.0,68.0,80.0,55.0,75.0,70.0,48.0,100.0,Scholar,gentle,B_ungoverned,0,0.6,0,allow
86.0,68.0,80.0,55.0,75.0,70.0,48.0,100.0,Healer,gentle,B_ungoverned,0,0.6,0,allow
86.0,68.0,80.0,55.0,75.0,70.0,48.0,100.0,Trickster,challenger,B_ungoverned,0,0.6,0,allow
86.0,68.0,80.0,55.0,75.0,70.0,48.0,100.0,Pioneer,explorer,B_ungoverned,0,0.6,0,allow
79.0,64.0,75.0,50.5,75.0,67.0,95.0,92.0,Guardian,supporter,B_ungoverned,0,0.65,0,allow
79.0,64.0,75.0,50.5,75.0,67.0,95.0,92.0,Scholar,gentle,B_ungoverned,0,0.65,0,allow
79.0,64.0,75.0,50.5,75.0,67.0,95.0,92.0,Healer,gentle,B_ungoverned,0,0.65,0,allow
79.0,64.0,75.0,50.5,75.0,67.0,95.0,92.0,Trickster,challenger,B_ungoverned,0,0.65,0,allow
79.0,64.0,75.0,50.5,75.0,67.0,95.0,92.0,Pioneer,explorer,B_ungoverned,0,0.65,0,allow
72.0,60.0,70.0,81.0,75.0,94.0,92.0,84.0,Guardian,supporter,B_ungoverned,0,0.6,0,allow
72.0,60.0,70.0,81.0,75.0,94.0,92.0,84.0,Scholar,gentle,B_ungoverned,0,0.6,0,allow
72.0,60.0,70.0,81.0,75.0,94.0,92.0,84.0,Healer,gentle,B_ungoverned,0,0.6,0,allow
72.0,60.0,70.0,81.0,75.0,94.0,92.0,84.0,Trickster,challenger,B_ungoverned,0,0.6,0,allow
72.0,60.0,70.0,81.0,75.0,94.0,92.0,84.0,Pioneer,explorer,B_ungoverned,0,0.6,0,allow
65.0,50.0,65.0,76.5,75.0,91.0,89.0,76.0,Guardian,supporter,B_ungoverned,0,0.85,0,allow
65.0,50.0,65.0,76.5,75.0,91.0,89.0,76.0,Scholar,gentle,B_ungoverned,0,0.85,0,allow
65.0,50.0,65.0,76.5,75.0,91.0,89.0,76.0,Healer,gentle,B_ungoverned,0,0.85,0,allow
65.0,50.0,65.0,76.5,75.0,91.0,89.0,76.0,Trickster,challenger,B_ungoverned,0,0.85,0,allow
65.0,50.0,65.0,76.5,75.0,91.0,89.0,76.0,Pioneer,explorer,B_ungoverned,0,0.85,0,allow
58.0,100.0,60.0,72.0,75.0,88.0,86.0,68.0,Guardian,supporter,B_ungoverned,0,0.7,0,allow
58.0,100.0,60.0,72.0,75.0,88.0,86.0,68.0,Scholar,gentle,B_ungoverned,0,0.7,0,allow
58.0,100.0,60.0,72.0,75.0,88.0,86.0,68.0,Healer,gentle,B_ungoverned,0,0.7,0,allow
58.0,100.0,60.0,72.0,75.0,88.0,86.0,68.0,Trickster,challenger,B_ungoverned,0,0.7,0,allow
58.0,100.0,60.0,72.0,75.0,88.0,86.0,68.0,Pioneer,explorer,B_ungoverned,0,0.7,0,allow
100.0,96.0,55.0,67.5,75.0,85.0,83.0,60.0,Guardian,supporter,B_ungoverned,0,0.7,0,allow
100.0,96.0,55.0,67.5,75.0,85.0,83.0,60.0,Scholar,gentle,B_ungoverned,0,0.7,0,allow
100.0,96.0,55.0,67.5,75.0,85.0,83.0,60.0,Healer,gentle,B_ungoverned,0,0.7,0,allow
100.0,96.0,55.0,67.5,75.0,85.0,83.0,60.0,Trickster,challenger,B_ungoverned,0,0.7,0,allow
100.0,96.0,55.0,67.5,75.0,85.0,83.0,60.0,Pioneer,explorer,B_ungoverned,0,0.7,0,allow
93.0,92.0,50.0,98.0,75.0,100.0,80.0,52.0,Guardian,supporter,B_ungoverned,0,0.6,0,allow
93.0,92.0,50.0,98.0,75.0,100.0,80.0,52.0,Scholar,gentle,B_ungoverned,0,0.6,0,allow
93.0,92.0,50.0,98.0,75.0,100.0,80.0,52.0,Healer,gentle,B_ungoverned,0,0.6,0,allow
93.0,92.0,50.0,98.0,75.0,100.0,80.0,52.0,Trickster,challenger,B_ungoverned,0,0.6,0,allow
93.0,92.0,50.0,98.0,75.0,100.0,80.0,52.0,Pioneer,explorer,B_ungoverned,0,0.6,0,allow
86.0,88.0,45.0,93.5,75.0,97.0,77.0,100.0,Guardian,supporter,B_ungoverned,0,0.6,0,allow
86.0,88.0,45.0,93.5,75.0,97.0,77.0,100.0,Scholar,gentle,B_ungoverned,0,0.6,0,allow
86.0,88.0,45.0,93.5,75.0,97.0,77.0,100.0,Healer,gentle,B_ungoverned,0,0.6,0,allow
86.0,88.0,45.0,93.5,75.0,97.0,77.0,100.0,Trickster,challenger,B_ungoverned,0,0.6,0,allow
86.0,88.0,45.0,93.5,75.0,97.0,77.0,100.0,Pioneer,explorer,B_ungoverned,0,0.6,0,allow
79.0,84.0,80.0,89.0,75.0,94.0,74.0,92.0,Guardian,supporter,B_ungoverned,0,0.9,0,allow
79.0,84.0,80.0,89.0,75.0,94.0,74.0,92.0,Scholar,gentle,B_ungoverned,0,0.9,0,allow
79.0,84.0,80.0,89.0,75.0,94.0,74.0,92.0,Healer,gentle,B_ungoverned,0,0.9,0,allow
79.0,84.0,80.0,89.0,75.0,94.0,74.0,92.0,Trickster,challenger,B_ungoverned,0,0.9,0,allow
79.0,84.0,80.0,89.0,75.0,94.0,74.0,92.0,Pioneer,explorer,B_ungoverned,0,0.9,0,allow
72.0,87.0,75.0,100.0,75.0,100.0,71.0,84.0,Guardian,supporter,B_ungoverned,0,0.6,0,allow
72.0,87.0,75.0,100.0,75.0,100.0,71.0,84.0,Scholar,gentle,B_ungoverned,0,0.6,0,allow
72.0,87.0,75.0,100.0,75.0,100.0,71.0,84.0,Healer,gentle,B_ungoverned,0,0.6,0,allow
72.0,87.0,75.0,100.0,75.0,100.0,71.0,84.0,Trickster,challenger,B_ungoverned,0,0.6,0,allow
72.0,87.0,75.0,100.0,75.0,100.0,71.0,84.0,Pioneer,explorer,B_ungoverned,0,0.6,0,allow
65.0,90.0,70.0,100.0,75.0,100.0,68.0,76.0,Guardian,supporter,B_ungoverned,1,0.6,0,allow
65.0,90.0,70.0,100.0,75.0,100.0,68.0,76.0,Scholar,gentle,B_ungoverned,1,0.6,0,allow
65.0,90.0,70.0,100.0,75.0,100.0,68.0,76.0,Healer,gentle,B_ungoverned,1,0.6,0,allow
65.0,90.0,70.0,100.0,75.0,100.0,68.0,76.0,Trickster,challenger,B_ungoverned,1,0.6,0,allow
65.0,90.0,70.0,100.0,75.0,100.0,68.0,76.0,Pioneer,explorer,B_ungoverned,1,0.6,0,allow
58.0,93.0,65.0,100.0,75.0,100.0,65.0,68.0,Guardian,supporter,B_ungoverned,1,0.6,0,allow
58.0,93.0,65.0,100.0,75.0,100.0,65.0,68.0,Scholar,gentle,B_ungoverned,1,0.6,0,allow
58.0,93.0,65.0,100.0,75.0,100.0,65.0,68.0,Healer,gentle,B_ungoverned,1,0.6,0,allow
58.0,93.0,65.0,100.0,75.0,100.0,65.0,68.0,Trickster,challenger,B_ungoverned,1,0.6,0,allow
58.0,93.0,65.0,100.0,75.0,100.0,65.0,68.0,Pioneer,explorer,B_ungoverned,1,0.6,0,allow
100.0,96.0,60.0,95.5,75.0,97.0,62.0,60.0,Guardian,supporter,B_ungoverned,1,0.7,0,allow
100.0,96.0,60.0,95.5,75.0,97.0,62.0,60.0,Scholar,gentle,B_ungoverned,1,0.7,0,allow
100.0,96.0,60.0,95.5,75.0,97.0,62.0,60.0,Healer,gentle,B_ungoverned,1,0.7,0,allow
100.0,96.0,60.0,95.5,75.0,97.0,62.0,60.0,Trickster,challenger,B_ungoverned,1,0.7,0,allow
100.0,96.0,60.0,95.5,75.0,97.0,62.0,60.0,Pioneer,explorer,B_ungoverned,1,0.7,0,allow
93.0,99.0,55.0,100.0,75.0,100.0,59.0,52.0,Guardian,supporter,B_ungoverned,1,0.6,0,allow
93.0,99.0,55.0,100.0,75.0,100.0,59.0,52.0,Scholar,gentle,B_ungoverned,1,0.6,0,allow
93.0,99.0,55.0,100.0,75.0,100.0,59.0,52.0,Healer,gentle,B_ungoverned,1,0.6,0,allow
93.0,99.0,55.0,100.0,75.0,100.0,59.0,52.0,Trickster,challenger,B_ungoverned,1,0.6,0,allow
93.0,99.0,55.0,100.0,75.0,100.0,59.0,52.0,Pioneer,explorer,B_ungoverned,1,0.6,0,allow
86.0,100.0,50.0,95.5,75.0,97.0,56.0,100.0,Guardian,supporter,B_ungoverned,1,0.6,0,allow
86.0,100.0,50.0,95.5,75.0,97.0,56.0,100.0,Scholar,gentle,B_ungoverned,1,0.6,0,allow
86.0,100.0,50.0,95.5,75.0,97.0,56.0,100.0,Healer,gentle,B_ungoverned,1,0.6,0,allow
86.0,100.0,50.0,95.5,75.0,97.0,56.0,100.0,Trickster,challenger,B_ungoverned,1,0.6,0,allow
86.0,100.0,50.0,95.5,75.0,97.0,56.0,100.0,Pioneer,explorer,B_ungoverned,1,0.6,0,allow
79.0,100.0,85.0,91.0,75.0,94.0,53.0,92.0,Guardian,supporter,B_ungoverned,1,0.9,0,allow
79.0,100.0,85.0,91.0,75.0,94.0,53.0,92.0,Scholar,gentle,B_ungoverned,1,0.9,0,allow
79.0,100.0,85.0,91.0,75.0,94.0,53.0,92.0,Healer,gentle,B_ungoverned,1,0.9,0,allow
79.0,100.0,85.0,91.0,75.0,94.0,53.0,92.0,Trickster,challenger,B_ungoverned,1,0.9,0,allow
79.0,100.0,85.0,91.0,75.0,94.0,53.0,92.0,Pioneer,explorer,B_ungoverned,1,0.9,0,allow
72.0,96.0,80.0,100.0,75.0,100.0,50.0,84.0,Guardian,supporter,B_ungoverned,1,0.6,0,allow
72.0,96.0,80.0,100.0,75.0,100.0,50.0,84.0,Scholar,gentle,B_ungoverned,1,0.6,0,allow
72.0,96.0,80.0,100.0,75.0,100.0,50.0,84.0,Healer,gentle,B_ungoverned,1,0.6,0,allow
72.0,96.0,80.0,100.0,75.0,100.0,50.0,84.0,Trickster,challenger,B_ungoverned,1,0.6,0,allow
72.0,96.0,80.0,100.0,75.0,100.0,50.0,84.0,Pioneer,explorer,B_ungoverned,1,0.6,0,allow
65.0,92.0,75.0,95.5,75.0,97.0,97.0,76.0,Guardian,supporter,B_ungoverned,1,0.65,0,allow
65.0,92.0,75.0,95.5,75.0,97.0,97.0,76.0,Scholar,gentle,B_ungoverned,1,0.65,0,allow
65.0,92.0,75.0,95.5,75.0,97.0,97.0,76.0,Healer,gentle,B_ungoverned,1,0.65,0,allow
65.0,92.0,75.0,95.5,75.0,97.0,97.0,76.0,Trickster,challenger,B_ungoverned,1,0.65,0,allow
65.0,92.0,75.0,95.5,75.0,97.0,97.0,76.0,Pioneer,explorer,B_ungoverned,1,0.65,0,allow
58.0,82.0,70.0,91.0,75.0,94.0,94.0,68.0,Guardian,supporter,B_ungoverned,1,0.85,0,allow
58.0,82.0,70.0,91.0,75.0,94.0,94.0,68.0,Scholar,gentle,B_ungoverned,1,0.85,0,allow
58.0,82.0,70.0,91.0,75.0,94.0,94.0,68.0,Healer,gentle,B_ungoverned,1,0.85,0,allow
58.0,82.0,70.0,91.0,75.0,94.0,94.0,68.0,Trickster,challenger,B_ungoverned,1,0.85,0,allow
58.0,82.0,70.0,91.0,75.0,94.0,94.0,68.0,Pioneer,explorer,B_ungoverned,1,0.85,0,allow
100.0,78.0,65.0,86.5,75.0,91.0,91.0,60.0,Guardian,supporter,B_ungoverned,1,0.7,0,allow
100.0,78.0,65.0,86.5,75.0,91.0,91.0,60.0,Scholar,gentle,B_ungoverned,1,0.7,0,allow
100.0,78.0,65.0,86.5,75.0,91.0,91.0,60.0,Healer,gentle,B_ungoverned,1,0.7,0,allow
100.0,78.0,65.0,86.5,75.0,91.0,91.0,60.0,Trickster,challenger,B_ungoverned,1,0.7,0,allow
100.0,78.0,65.0,86.5,75.0,91.0,91.0,60.0,Pioneer,explorer,B_ungoverned,1,0.7,0,allow
93.0,68.0,60.0,82.0,75.0,88.0,88.0,52.0,Guardian,supporter,B_ungoverned,1,0.85,0,allow
93.0,68.0,60.0,82.0,75.0,88.0,88.0,52.0,Scholar,gentle,B_ungoverned,1,0.85,0,allow
93.0,68.0,60.0,82.0,75.0,88.0,88.0,52.0,Healer,gentle,B_ungoverned,1,0.85,0,allow
93.0,68.0,60.0,82.0,75.0,88.0,88.0,52.0,Trickster,challenger,B_ungoverned,1,0.85,0,allow
93.0,68.0,60.0,82.0,75.0,88.0,88.0,52.0,Pioneer,explorer,B_ungoverned,1,0.85,0,allow
86.0,64.0,55.0,77.5,75.0,85.0,85.0,100.0,Guardian,supporter,B_ungoverned,1,0.6,0,allow
86.0,64.0,55.0,77.5,75.0,85.0,85.0,100.0,Scholar,gentle,B_ungoverned,1,0.6,0,allow
86.0,64.0,55.0,77.5,75.0,85.0,85.0,100.0,Healer,gentle,B_ungoverned,1,0.6,0,allow
86.0,64.0,55.0,77.5,75.0,85.0,85.0,100.0,Trickster,challenger,B_ungoverned,1,0.6,0,allow
86.0,64.0,55.0,77.5,75.0,85.0,85.0,100.0,Pioneer,explorer,B_ungoverned,1,0.6,0,allow
79.0,54.0,50.0,73.0,75.0,82.0,82.0,92.0,Guardian,supporter,B_ungoverned,1,0.85,0,allow
79.0,54.0,50.0,73.0,75.0,82.0,82.0,92.0,Scholar,gentle,B_ungoverned,1,0.85,0,allow
79.0,54.0,50.0,73.0,75.0,82.0,82.0,92.0,Healer,gentle,B_ungoverned,1,0.85,0,allow
79.0,54.0,50.0,73.0,75.0,82.0,82.0,92.0,Trickster,challenger,B_ungoverned,1,0.85,0,allow
79.0,54.0,50.0,73.0,75.0,82.0,82.0,92.0,Pioneer,explorer,B_ungoverned,1,0.85,0,allow
72.0,50.0,85.0,68.5,75.0,79.0,79.0,84.0,Guardian,supporter,B_ungoverned,1,0.9,0,allow
72.0,50.0,85.0,68.5,75.0,79.0,79.0,84.0,Scholar,gentle,B_ungoverned,1,0.9,0,allow
72.0,50.0,85.0,68.5,75.0,79.0,79.0,84.0,Healer,gentle,B_ungoverned,1,0.9,0,allow
72.0,50.0,85.0,68.5,75.0,79.0,79.0,84.0,Trickster,challenger,B_ungoverned,1,0.9,0,allow
72.0,50.0,85.0,68.5,75.0,79.0,79.0,84.0,Pioneer,explorer,B_ungoverned,1,0.9,0,allow
65.0,100.0,80.0,64.0,75.0,76.0,76.0,76.0,Guardian,supporter,B_ungoverned,1,0.7,0,allow
65.0,100.0,80.0,64.0,75.0,76.0,76.0,76.0,Scholar,gentle,B_ungoverned,1,0.7,0,allow
65.0,100.0,80.0,64.0,75.0,76.0,76.0,76.0,Healer,gentle,B_ungoverned,1,0.7,0,allow
65.0,100.0,80.0,64.0,75.0,76.0,76.0,76.0,Trickster,challenger,B_ungoverned,1,0.7,0,allow
65.0,100.0,80.0,64.0,75.0,76.0,76.0,76.0,Pioneer,explorer,B_ungoverned,1,0.7,0,allow
58.0,90.0,75.0,59.5,75.0,73.0,73.0,68.0,Guardian,supporter,B_ungoverned,1,0.85,0,allow
58.0,90.0,75.0,59.5,75.0,73.0,73.0,68.0,Scholar,gentle,B_ungoverned,1,0.85,0,allow
58.0,90.0,75.0,59.5,75.0,73.0,73.0,68.0,Healer,gentle,B_ungoverned,1,0.85,0,allow
58.0,90.0,75.0,59.5,75.0,73.0,73.0,68.0,Trickster,challenger,B_ungoverned,1,0.85,0,allow
58.0,90.0,75.0,59.5,75.0,73.0,73.0,68.0,Pioneer,explorer,B_ungoverned,1,0.85,0,allow
100.0,86.0,70.0,55.0,75.0,70.0,70.0,60.0,Guardian,supporter,B_ungoverned,1,0.7,0,allow
100.0,86.0,70.0,55.0,75.0,70.0,70.0,60.0,Scholar,gentle,B_ungoverned,1,0.7,0,allow
100.0,86.0,70.0,55.0,75.0,70.0,70.0,60.0,Healer,gentle,B_ungoverned,1,0.7,0,allow
100.0,86.0,70.0,55.0,75.0,70.0,70.0,60.0,Trickster,challenger,B_ungoverned,1,0.7,0,allow
100.0,86.0,70.0,55.0,75.0,70.0,70.0,60.0,Pioneer,explorer,B_ungoverned,1,0.7,0,allow
93.0,76.0,65.0,50.5,75.0,67.0,67.0,52.0,Guardian,supporter,B_ungoverned,1,0.85,0,allow
93.0,76.0,65.0,50.5,75.0,67.0,67.0,52.0,Scholar,gentle,B_ungoverned,1,0.85,0,allow
93.0,76.0,65.0,50.5,75.0,67.0,67.0,52.0,Healer,gentle,B_ungoverned,1,0.85,0,allow
93.0,76.0,65.0,50.5,75.0,67.0,67.0,52.0,Trickster,challenger,B_ungoverned,1,0.85,0,allow
93.0,76.0,65.0,50.5,75.0,67.0,67.0,52.0,Pioneer,explorer,B_ungoverned,1,0.85,0,allow
86.0,72.0,60.0,46.0,75.0,64.0,64.0,100.0,Guardian,supporter,B_ungoverned,1,0.6,0,allow
86.0,72.0,60.0,46.0,75.0,64.0,64.0,100.0,Scholar,gentle,B_ungoverned,1,0.6,0,allow
86.0,72.0,60.0,46.0,75.0,64.0,64.0,100.0,Healer,gentle,B_ungoverned,1,0.6,0,allow
86.0,72.0,60.0,46.0,75.0,64.0,64.0,100.0,Trickster,challenger,B_ungoverned,1,0.6,0,allow
86.0,72.0,60.0,46.0,75.0,64.0,64.0,100.0,Pioneer,explorer,B_ungoverned,1,0.6,0,allow
79.0,68.0,55.0,76.5,75.0,91.0,61.0,92.0,Guardian,supporter,B_ungoverned,1,0.6,0,allow
79.0,68.0,55.0,76.5,75.0,91.0,61.0,92.0,Scholar,gentle,B_ungoverned,1,0.6,0,allow
79.0,68.0,55.0,76.5,75.0,91.0,61.0,92.0,Healer,gentle,B_ungoverned,1,0.6,0,allow
79.0,68.0,55.0,76.5,75.0,91.0,61.0,92.0,Trickster,challenger,B_ungoverned,1,0.6,0,allow
79.0,68.0,55.0,76.5,75.0,91.0,61.0,92.0,Pioneer,explorer,B_ungoverned,1,0.6,0,allow
72.0,64.0,50.0,100.0,75.0,100.0,58.0,84.0,Guardian,supporter,B_ungoverned,1,0.6,0,allow
72.0,64.0,50.0,100.0,75.0,100.0,58.0,84.0,Scholar,gentle,B_ungoverned,1,0.6,0,allow
72.0,64.0,50.0,100.0,75.0,100.0,58.0,84.0,Healer,gentle,B_ungoverned,1,0.6,0,allow
72.0,64.0,50.0,100.0,75.0,100.0,58.0,84.0,Trickster,challenger,B_ungoverned,1,0.6,0,allow
72.0,64.0,50.0,100.0,75.0,100.0,58.0,84.0,Pioneer,explorer,B_ungoverned,1,0.6,0,allow
65.0,60.0,85.0,95.5,75.0,97.0,55.0,76.0,Guardian,supporter,B_ungoverned,1,0.9,0,allow
65.0,60.0,85.0,95.5,75.0,97.0,55.0,76.0,Scholar,gentle,B_ungoverned,1,0.9,0,allow
65.0,60.0,85.0,95.5,75.0,97.0,55.0,76.0,Healer,gentle,B_ungoverned,1,0.9,0,allow
65.0,60.0,85.0,95.5,75.0,97.0,55.0,76.0,Trickster,challenger,B_ungoverned,1,0.9,0,allow
65.0,60.0,85.0,95.5,75.0,97.0,55.0,76.0,Pioneer,explorer,B_ungoverned,1,0.9,0,allow
58.0,56.0,80.0,100.0,75.0,100.0,52.0,68.0,Guardian,supporter,B_ungoverned,1,0.6,0,allow
58.0,56.0,80.0,100.0,75.0,100.0,52.0,68.0,Scholar,gentle,B_ungoverned,1,0.6,0,allow
58.0,56.0,80.0,100.0,75.0,100.0,52.0,68.0,Healer,gentle,B_ungoverned,1,0.6,0,allow
58.0,56.0,80.0,100.0,75.0,100.0,52.0,68.0,Trickster,challenger,B_ungoverned,1,0.6,0,allow
58.0,56.0,80.0,100.0,75.0,100.0,52.0,68.0,Pioneer,explorer,B_ungoverned,1,0.6,0,allow
100.0,59.0,75.0,95.5,75.0,97.0,49.0,60.0,Guardian,supporter,B_ungoverned,1,0.7,0,allow
100.0,59.0,75.0,95.5,75.0,97.0,49.0,60.0,Scholar,gentle,B_ungoverned,1,0.7,0,allow
100.0,59.0,75.0,95.5,75.0,97.0,49.0,60.0,Healer,gentle,B_ungoverned,1,0.7,0,allow
100.0,59.0,75.0,95.5,75.0,97.0,49.0,60.0,Trickster,challenger,B_ungoverned,1,0.7,0,allow
100.0,59.0,75.0,95.5,75.0,97.0,49.0,60.0,Pioneer,explorer,B_ungoverned,1,0.7,0,allow
93.0,62.0,70.0,91.0,75.0,94.0,96.0,52.0,Guardian,supporter,B_ungoverned,1,0.65,0,allow
93.0,62.0,70.0,91.0,75.0,94.0,96.0,52.0,Scholar,gentle,B_ungoverned,1,0.65,0,allow
93.0,62.0,70.0,91.0,75.0,94.0,96.0,52.0,Healer,gentle,B_ungoverned,1,0.65,0,allow
93.0,62.0,70.0,91.0,75.0,94.0,96.0,52.0,Trickster,challenger,B_ungoverned,1,0.65,0,allow
93.0,62.0,70.0,91.0,75.0,94.0,96.0,52.0,Pioneer,explorer,B_ungoverned,1,0.65,0,allow
86.0,65.0,65.0,86.5,75.0,91.0,93.0,100.0,Guardian,supporter,B_ungoverned,1,0.6,0,allow
86.0,65.0,65.0,86.5,75.0,91.0,93.0,100.0,Scholar,gentle,B_ungoverned,1,0.6,0,allow
86.0,65.0,65.0,86.5,75.0,91.0,93.0,100.0,Healer,gentle,B_ungoverned,1,0.6,0,allow
86.0,65.0,65.0,86.5,75.0,91.0,93.0,100.0,Trickster,challenger,B_ungoverned,1,0.6,0,allow
86.0,65.0,65.0,86.5,75.0,91.0,93.0,100.0,Pioneer,explorer,B_ungoverned,1,0.6,0,allow
79.0,68.0,60.0,100.0,75.0,100.0,90.0,92.0,Guardian,supporter,B_ungoverned,1,0.6,0,allow
79.0,68.0,60.0,100.0,75.0,100.0,90.0,92.0,Scholar,gentle,B_ungoverned,1,0.6,0,allow
79.0,68.0,60.0,100.0,75.0,100.0,90.0,92.0,Healer,gentle,B_ungoverned,1,0.6,0,allow
79.0,68.0,60.0,100.0,75.0,100.0,90.0,92.0,Trickster,challenger,B_ungoverned,1,0.6,0,allow
79.0,68.0,60.0,100.0,75.0,100.0,90.0,92.0,Pioneer,explorer,B_ungoverned,1,0.6,0,allow
72.0,71.0,55.0,100.0,75.0,100.0,87.0,84.0,Guardian,supporter,B_ungoverned,1,0.6,0,allow
72.0,71.0,55.0,100.0,75.0,100.0,87.0,84.0,Scholar,gentle,B_ungoverned,1,0.6,0,allow
72.0,71.0,55.0,100.0,75.0,100.0,87.0,84.0,Healer,gentle,B_ungoverned,1,0.6,0,allow
72.0,71.0,55.0,100.0,75.0,100.0,87.0,84.0,Trickster,challenger,B_ungoverned,1,0.6,0,allow
72.0,71.0,55.0,100.0,75.0,100.0,87.0,84.0,Pioneer,explorer,B_ungoverned,1,0.6,0,allow
65.0,74.0,50.0,100.0,75.0,100.0,84.0,76.0,Guardian,supporter,B_ungoverned,1,0.6,0,allow
65.0,74.0,50.0,100.0,75.0,100.0,84.0,76.0,Scholar,gentle,B_ungoverned,1,0.6,0,allow
65.0,74.0,50.0,100.0,75.0,100.0,84.0,76.0,Healer,gentle,B_ungoverned,1,0.6,0,allow
65.0,74.0,50.0,100.0,75.0,100.0,84.0,76.0,Trickster,challenger,B_ungoverned,1,0.6,0,allow
65.0,74.0,50.0,100.0,75.0,100.0,84.0,76.0,Pioneer,explorer,B_ungoverned,1,0.6,0,allow
58.0,77.0,85.0,95.5,75.0,97.0,81.0,68.0,Guardian,supporter,B_ungoverned,1,0.9,0,allow
58.0,77.0,85.0,95.5,75.0,97.0,81.0,68.0,Scholar,gentle,B_ungoverned,1,0.9,0,allow
58.0,77.0,85.0,95.5,75.0,97.0,81.0,68.0,Healer,gentle,B_ungoverned,1,0.9,0,allow
58.0,77.0,85.0,95.5,75.0,97.0,81.0,68.0,Trickster,challenger,B_ungoverned,1,0.9,0,allow
58.0,77.0,85.0,95.5,75.0,97.0,81.0,68.0,Pioneer,explorer,B_ungoverned,1,0.9,0,allow
100.0,73.0,80.0,91.0,75.0,94.0,78.0,60.0,Guardian,supporter,B_ungoverned,1,0.7,0,allow
100.0,73.0,80.0,91.0,75.0,94.0,78.0,60.0,Scholar,gentle,B_ungoverned,1,0.7,0,allow
100.0,73.0,80.0,91.0,75.0,94.0,78.0,60.0,Healer,gentle,B_ungoverned,1,0.7,0,allow
100.0,73.0,80.0,91.0,75.0,94.0,78.0,60.0,Trickster,challenger,B_ungoverned,1,0.7,0,allow
100.0,73.0,80.0,91.0,75.0,94.0,78.0,60.0,Pioneer,explorer,B_ungoverned,1,0.7,0,allow
93.0,69.0,75.0,100.0,75.0,100.0,75.0,52.0,Guardian,supporter,B_ungoverned,1,0.6,0,allow
93.0,69.0,75.0,100.0,75.0,100.0,75.0,52.0,Scholar,gentle,B_ungoverned,1,0.6,0,allow
93.0,69.0,75.0,100.0,75.0,100.0,75.0,52.0,Healer,gentle,B_ungoverned,1,0.6,0,allow
93.0,69.0,75.0,100.0,75.0,100.0,75.0,52.0,Trickster,challenger,B_ungoverned,1,0.6,0,allow
93.0,69.0,75.0,100.0,75.0,100.0,75.0,52.0,Pioneer,explorer,B_ungoverned,1,0.6,0,allow
86.0,65.0,70.0,95.5,75.0,97.0,72.0,100.0,Guardian,supporter,B_ungoverned,1,0.6,0,allow
86.0,65.0,70.0,95.5,75.0,97.0,72.0,100.0,Scholar,gentle,B_ungoverned,1,0.6,0,allow
86.0,65.0,70.0,95.5,75.0,97.0,72.0,100.0,Healer,gentle,B_ungoverned,1,0.6,0,allow
86.0,65.0,70.0,95.5,75.0,97.0,72.0,100.0,Trickster,challenger,B_ungoverned,1,0.6,0,allow
86.0,65.0,70.0,95.5,75.0,97.0,72.0,100.0,Pioneer,explorer,B_ungoverned,1,0.6,0,allow
79.0,55.0,65.0,91.0,75.0,94.0,69.0,92.0,Guardian,supporter,B_ungoverned,1,0.85,0,allow
79.0,55.0,65.0,91.0,75.0,94.0,69.0,92.0,Scholar,gentle,B_ungoverned,1,0.85,0,allow
79.0,55.0,65.0,91.0,75.0,94.0,69.0,92.0,Healer,gentle,B_ungoverned,1,0.85,0,allow
79.0,55.0,65.0,91.0,75.0,94.0,69.0,92.0,Trickster,challenger,B_ungoverned,1,0.85,0,allow
79.0,55.0,65.0,91.0,75.0,94.0,69.0,92.0,Pioneer,explorer,B_ungoverned,1,0.85,0,allow
72.0,45.0,60.0,86.5,75.0,91.0,66.0,84.0,Guardian,supporter,B_ungoverned,1,0.85,0,allow
72.0,45.0,60.0,86.5,75.0,91.0,66.0,84.0,Scholar,gentle,B_ungoverned,1,0.85,0,allow
72.0,45.0,60.0,86.5,75.0,91.0,66.0,84.0,Healer,gentle,B_ungoverned,1,0.85,0,allow
72.0,45.0,60.0,86.5,75.0,91.0,66.0,84.0,Trickster,challenger,B_ungoverned,1,0.85,0,allow
72.0,45.0,60.0,86.5,75.0,91.0,66.0,84.0,Pioneer,explorer,B_ungoverned,1,0.85,0,allow
65.0,100.0,55.0,82.0,75.0,88.0,63.0,76.0,Guardian,supporter,B_ungoverned,1,0.7,0,allow
65.0,100.0,55.0,82.0,75.0,88.0,63.0,76.0,Scholar,gentle,B_ungoverned,1,0.7,0,allow
65.0,100.0,55.0,82.0,75.0,88.0,63.0,76.0,Healer,gentle,B_ungoverned,1,0.7,0,allow
65.0,100.0,55.0,82.0,75.0,88.0,63.0,76.0,Trickster,challenger,B_ungoverned,1,0.7,0,allow
65.0,100.0,55.0,82.0,75.0,88.0,63.0,76.0,Pioneer,explorer,B_ungoverned,1,0.7,0,allow
58.0,90.0,50.0,77.5,75.0,85.0,60.0,68.0,Guardian,supporter,B_ungoverned,1,0.85,0,allow
58.0,90.0,50.0,77.5,75.0,85.0,60.0,68.0,Scholar,gentle,B_ungoverned,1,0.85,0,allow
58.0,90.0,50.0,77.5,75.0,85.0,60.0,68.0,Healer,gentle,B_ungoverned,1,0.85,0,allow
58.0,90.0,50.0,77.5,75.0,85.0,60.0,68.0,Trickster,challenger,B_ungoverned,1,0.85,0,allow
58.0,90.0,50.0,77.5,75.0,85.0,60.0,68.0,Pioneer,explorer,B_ungoverned,1,0.85,0,allow
100.0,86.0,45.0,73.0,75.0,82.0,57.0,60.0,Guardian,supporter,B_ungoverned,1,0.7,0,allow
100.0,86.0,45.0,73.0,75.0,82.0,57.0,60.0,Scholar,gentle,B_ungoverned,1,0.7,0,allow
100.0,86.0,45.0,73.0,75.0,82.0,57.0,60.0,Healer,gentle,B_ungoverned,1,0.7,0,allow
100.0,86.0,45.0,73.0,75.0,82.0,57.0,60.0,Trickster,challenger,B_ungoverned,1,0.7,0,allow
100.0,86.0,45.0,73.0,75.0,82.0,57.0,60.0,Pioneer,explorer,B_ungoverned,1,0.7,0,allow
93.0,82.0,80.0,68.5,75.0,79.0,54.0,52.0,Guardian,supporter,B_ungoverned,1,0.9,0,allow
93.0,82.0,80.0,68.5,75.0,79.0,54.0,52.0,Scholar,gentle,B_ungoverned,1,0.9,0,allow
93.0,82.0,80.0,68.5,75.0,79.0,54.0,52.0,Healer,gentle,B_ungoverned,1,0.9,0,allow
93.0,82.0,80.0,68.5,75.0,79.0,54.0,52.0,Trickster,challenger,B_ungoverned,1,0.9,0,allow
93.0,82.0,80.0,68.5,75.0,79.0,54.0,52.0,Pioneer,explorer,B_ungoverned,1,0.9,0,allow
86.0,78.0,75.0,64.0,75.0,76.0,51.0,100.0,Guardian,supporter,B_ungoverned,1,0.6,0,allow
86.0,78.0,75.0,64.0,75.0,76.0,51.0,100.0,Scholar,gentle,B_ungoverned,1,0.6,0,allow
86.0,78.0,75.0,64.0,75.0,76.0,51.0,100.0,Healer,gentle,B_ungoverned,1,0.6,0,allow
86.0,78.0,75.0,64.0,75.0,76.0,51.0,100.0,Trickster,challenger,B_ungoverned,1,0.6,0,allow
86.0,78.0,75.0,64.0,75.0,76.0,51.0,100.0,Pioneer,explorer,B_ungoverned,1,0.6,0,allow
79.0,74.0,70.0,59.5,75.0,73.0,98.0,92.0,Guardian,supporter,B_ungoverned,1,0.65,0,allow
79.0,74.0,70.0,59.5,75.0,73.0,98.0,92.0,Scholar,gentle,B_ungoverned,1,0.65,0,allow
79.0,74.0,70.0,59.5,75.0,73.0,98.0,92.0,Healer,gentle,B_ungoverned,1,0.65,0,allow
79.0,74.0,70.0,59.5,75.0,73.0,98.0,92.0,Trickster,challenger,B_ungoverned,1,0.65,0,allow
79.0,74.0,70.0,59.5,75.0,73.0,98.0,92.0,Pioneer,explorer,B_ungoverned,1,0.65,0,allow
72.0,64.0,65.0,55.0,75.0,70.0,95.0,84.0,Guardian,supporter,B_ungoverned,1,0.85,0,allow
72.0,64.0,65.0,55.0,75.0,70.0,95.0,84.0,Scholar,gentle,B_ungoverned,1,0.85,0,allow
72.0,64.0,65.0,55.0,75.0,70.0,95.0,84.0,Healer,gentle,B_ungoverned,1,0.85,0,allow
72.0,64.0,65.0,55.0,75.0,70.0,95.0,84.0,Trickster,challenger,B_ungoverned,1,0.85,0,allow
72.0,64.0,65.0,55.0,75.0,70.0,95.0,84.0,Pioneer,explorer,B_ungoverned,1,0.85,0,allow
65.0,54.0,60.0,50.5,75.0,67.0,92.0,76.0,Guardian,supporter,B_ungoverned,1,0.85,0,allow
65.0,54.0,60.0,50.5,75.0,67.0,92.0,76.0,Scholar,gentle,B_ungoverned,1,0.85,0,allow
65.0,54.0,60.0,50.5,75.0,67.0,92.0,76.0,Healer,gentle,B_ungoverned,1,0.85,0,allow
65.0,54.0,60.0,50.5,75.0,67.0,92.0,76.0,Trickster,challenger,B_ungoverned,1,0.85,0,allow
65.0,54.0,60.0,50.5,75.0,67.0,92.0,76.0,Pioneer,explorer,B_ungoverned,1,0.85,0,allow
58.0,50.0,55.0,81.0,75.0,94.0,89.0,68.0,Guardian,supporter,B_ungoverned,1,0.6,0,allow
58.0,50.0,55.0,81.0,75.0,94.0,89.0,68.0,Scholar,gentle,B_ungoverned,1,0.6,0,allow
58.0,50.0,55.0,81.0,75.0,94.0,89.0,68.0,Healer,gentle,B_ungoverned,1,0.6,0,allow
58.0,50.0,55.0,81.0,75.0,94.0,89.0,68.0,Trickster,challenger,B_ungoverned,1,0.6,0,allow
58.0,50.0,55.0,81.0,75.0,94.0,89.0,68.0,Pioneer,explorer,B_ungoverned,1,0.6,0,allow
100.0,46.0,50.0,76.5,75.0,91.0,86.0,60.0,Guardian,supporter,B_ungoverned,1,0.7,0,allow
100.0,46.0,50.0,76.5,75.0,91.0,86.0,60.0,Scholar,gentle,B_ungoverned,1,0.7,0,allow
100.0,46.0,50.0,76.5,75.0,91.0,86.0,60.0,Healer,gentle,B_ungoverned,1,0.7,0,allow
100.0,46.0,50.0,76.5,75.0,91.0,86.0,60.0,Trickster,challenger,B_ungoverned,1,0.7,0,allow
100.0,46.0,50.0,76.5,75.0,91.0,86.0,60.0,Pioneer,explorer,B_ungoverned,1,0.7,0,allow
93.0,100.0,45.0,72.0,75.0,88.0,83.0,52.0,Guardian,supporter,B_ungoverned,1,0.7,0,allow
93.0,100.0,45.0,72.0,75.0,88.0,83.0,52.0,Scholar,gentle,B_ungoverned,1,0.7,0,allow
93.0,100.0,45.0,72.0,75.0,88.0,83.0,52.0,Healer,gentle,B_ungoverned,1,0.7,0,allow
93.0,100.0,45.0,72.0,75.0,88.0,83.0,52.0,Trickster,challenger,B_ungoverned,1,0.7,0,allow
93.0,100.0,45.0,72.0,75.0,88.0,83.0,52.0,Pioneer,explorer,B_ungoverned,1,0.7,0,allow
86.0,96.0,80.0,67.5,75.0,85.0,80.0,44.0,Guardian,supporter,B_ungoverned,1,0.9,0,allow
86.0,96.0,80.0,67.5,75.0,85.0,80.0,44.0,Scholar,gentle,B_ungoverned,1,0.9,0,allow
86.0,96.0,80.0,67.5,75.0,85.0,80.0,44.0,Healer,gentle,B_ungoverned,1,0.9,0,allow
86.0,96.0,80.0,67.5,75.0,85.0,80.0,44.0,Trickster,challenger,B_ungoverned,1,0.9,0,allow
86.0,96.0,80.0,67.5,75.0,85.0,80.0,44.0,Pioneer,explorer,B_ungoverned,1,0.9,0,allow
79.0,99.0,75.0,63.0,75.0,82.0,77.0,100.0,Guardian,supporter,B_ungoverned,1,0.6,0,allow
79.0,99.0,75.0,63.0,75.0,82.0,77.0,100.0,Scholar,gentle,B_ungoverned,1,0.6,0,allow
79.0,99.0,75.0,63.0,75.0,82.0,77.0,100.0,Healer,gentle,B_ungoverned,1,0.6,0,allow
79.0,99.0,75.0,63.0,75.0,82.0,77.0,100.0,Trickster,challenger,B_ungoverned,1,0.6,0,allow
79.0,99.0,75.0,63.0,75.0,82.0,77.0,100.0,Pioneer,explorer,B_ungoverned,1,0.6,0,allow
72.0,100.0,70.0,93.5,75.0,100.0,74.0,92.0,Guardian,supporter,B_ungoverned,1,0.6,0,allow
72.0,100.0,70.0,93.5,75.0,100.0,74.0,92.0,Scholar,gentle,B_ungoverned,1,0.6,0,allow
72.0,100.0,70.0,93.5,75.0,100.0,74.0,92.0,Healer,gentle,B_ungoverned,1,0.6,0,allow
72.0,100.0,70.0,93.5,75.0,100.0,74.0,92.0,Trickster,challenger,B_ungoverned,1,0.6,0,allow
72.0,100.0,70.0,93.5,75.0,100.0,74.0,92.0,Pioneer,explorer,B_ungoverned,1,0.6,0,allow
65.0,100.0,65.0,100.0,75.0,100.0,71.0,84.0,Guardian,supporter,B_ungoverned,1,0.6,0,allow
65.0,100.0,65.0,100.0,75.0,100.0,71.0,84.0,Scholar,gentle,B_ungoverned,1,0.6,0,allow
65.0,100.0,65.0,100.0,75.0,100.0,71.0,84.0,Healer,gentle,B_ungoverned,1,0.6,0,allow
65.0,100.0,65.0,100.0,75.0,100.0,71.0,84.0,Trickster,challenger,B_ungoverned,1,0.6,0,allow
65.0,100.0,65.0,100.0,75.0,100.0,71.0,84.0,Pioneer,explorer,B_ungoverned,1,0.6,0,allow
58.0,100.0,60.0,100.0,75.0,100.0,68.0,76.0,Guardian,supporter,B_ungoverned,1,0.6,0,allow
58.0,100.0,60.0,100.0,75.0,100.0,68.0,76.0,Scholar,gentle,B_ungoverned,1,0.6,0,allow
58.0,100.0,60.0,100.0,75.0,100.0,68.0,76.0,Healer,gentle,B_ungoverned,1,0.6,0,allow
58.0,100.0,60.0,100.0,75.0,100.0,68.0,76.0,Trickster,challenger,B_ungoverned,1,0.6,0,allow
58.0,100.0,60.0,100.0,75.0,100.0,68.0,76.0,Pioneer,explorer,B_ungoverned,1,0.6,0,allow
100.0,100.0,55.0,95.5,75.0,97.0,65.0,68.0,Guardian,supporter,B_ungoverned,1,0.7,0,allow
100.0,100.0,55.0,95.5,75.0,97.0,65.0,68.0,Scholar,gentle,B_ungoverned,1,0.7,0,allow
100.0,100.0,55.0,95.5,75.0,97.0,65.0,68.0,Healer,gentle,B_ungoverned,1,0.7,0,allow
100.0,100.0,55.0,95.5,75.0,97.0,65.0,68.0,Trickster,challenger,B_ungoverned,1,0.7,0,allow
100.0,100.0,55.0,95.5,75.0,97.0,65.0,68.0,Pioneer,explorer,B_ungoverned,1,0.7,0,allow
93.0,100.0,50.0,100.0,75.0,100.0,62.0,60.0,Guardian,supporter,B_ungoverned,1,0.6,0,allow
93.0,100.0,50.0,100.0,75.0,100.0,62.0,60.0,Scholar,gentle,B_ungoverned,1,0.6,0,allow
93.0,100.0,50.0,100.0,75.0,100.0,62.0,60.0,Healer,gentle,B_ungoverned,1,0.6,0,allow
93.0,100.0,50.0,100.0,75.0,100.0,62.0,60.0,Trickster,challenger,B_ungoverned,1,0.6,0,allow
93.0,100.0,50.0,100.0,75.0,100.0,62.0,60.0,Pioneer,explorer,B_ungoverned,1,0.6,0,allow
86.0,100.0,85.0,95.5,75.0,97.0,59.0,52.0,Guardian,supporter,B_ungoverned,1,0.9,0,allow
86.0,100.0,85.0,95.5,75.0,97.0,59.0,52.0,Scholar,gentle,B_ungoverned,1,0.9,0,allow
86.0,100.0,85.0,95.5,75.0,97.0,59.0,52.0,Healer,gentle,B_ungoverned,1,0.9,0,allow
86.0,100.0,85.0,95.5,75.0,97.0,59.0,52.0,Trickster,challenger,B_ungoverned,1,0.9,0,allow
86.0,100.0,85.0,95.5,75.0,97.0,59.0,52.0,Pioneer,explorer,B_ungoverned,1,0.9,0,allow
79.0,96.0,80.0,91.0,75.0,94.0,56.0,100.0,Guardian,supporter,B_ungoverned,1,0.6,0,allow
79.0,96.0,80.0,91.0,75.0,94.0,56.0,100.0,Scholar,gentle,B_ungoverned,1,0.6,0,allow
79.0,96.0,80.0,91.0,75.0,94.0,56.0,100.0,Healer,gentle,B_ungoverned,1,0.6,0,allow
79.0,96.0,80.0,91.0,75.0,94.0,56.0,100.0,Trickster,challenger,B_ungoverned,1,0.6,0,allow
79.0,96.0,80.0,91.0,75.0,94.0,56.0,100.0,Pioneer,explorer,B_ungoverned,1,0.6,0,allow
72.0,92.0,75.0,100.0,75.0,100.0,53.0,92.0,Guardian,supporter,B_ungoverned,1,0.6,0,allow
72.0,92.0,75.0,100.0,75.0,100.0,53.0,92.0,Scholar,gentle,B_ungoverned,1,0.6,0,allow
72.0,92.0,75.0,100.0,75.0,100.0,53.0,92.0,Healer,gentle,B_ungoverned,1,0.6,0,allow
72.0,92.0,75.0,100.0,75.0,100.0,53.0,92.0,Trickster,challenger,B_ungoverned,1,0.6,0,allow
72.0,92.0,75.0,100.0,75.0,100.0,53.0,92.0,Pioneer,explorer,B_ungoverned,1,0.6,0,allow
65.0,82.0,70.0,95.5,75.0,97.0,50.0,84.0,Guardian,supporter,B_ungoverned,1,0.85,0,allow
65.0,82.0,70.0,95.5,75.0,97.0,50.0,84.0,Scholar,gentle,B_ungoverned,1,0.85,0,allow
65.0,82.0,70.0,95.5,75.0,97.0,50.0,84.0,Healer,gentle,B_ungoverned,1,0.85,0,allow
65.0,82.0,70.0,95.5,75.0,97.0,50.0,84.0,Trickster,challenger,B_ungoverned,1,0.85,0,allow
65.0,82.0,70.0,95.5,75.0,97.0,50.0,84.0,Pioneer,explorer,B_ungoverned,1,0.85,0,allow
58.0,78.0,65.0,91.0,75.0,94.0,97.0,76.0,Guardian,supporter,B_ungoverned,1,0.65,0,allow
58.0,78.0,65.0,91.0,75.0,94.0,97.0,76.0,Scholar,gentle,B_ungoverned,1,0.65,0,allow
58.0,78.0,65.0,91.0,75.0,94.0,97.0,76.0,Healer,gentle,B_ungoverned,1,0.65,0,allow
58.0,78.0,65.0,91.0,75.0,94.0,97.0,76.0,Trickster,challenger,B_ungoverned,1,0.65,0,allow
58.0,78.0,65.0,91.0,75.0,94.0,97.0,76.0,Pioneer,explorer,B_ungoverned,1,0.65,0,allow
100.0,74.0,60.0,86.5,75.0,91.0,94.0,68.0,Guardian,supporter,B_ungoverned,1,0.7,0,allow
100.0,74.0,60.0,86.5,75.0,91.0,94.0,68.0,Scholar,gentle,B_ungoverned,1,0.7,0,allow
100.0,74.0,60.0,86.5,75.0,91.0,94.0,68.0,Healer,gentle,B_ungoverned,1,0.7,0,allow
100.0,74.0,60.0,86.5,75.0,91.0,94.0,68.0,Trickster,challenger,B_ungoverned,1,0.7,0,allow
100.0,74.0,60.0,86.5,75.0,91.0,94.0,68.0,Pioneer,explorer,B_ungoverned,1,0.7,0,allow
93.0,64.0,55.0,82.0,75.0,88.0,91.0,60.0,Guardian,supporter,B_ungoverned,1,0.85,0,allow
93.0,64.0,55.0,82.0,75.0,88.0,91.0,60.0,Scholar,gentle,B_ungoverned,1,0.85,0,allow
93.0,64.0,55.0,82.0,75.0,88.0,91.0,60.0,Healer,gentle,B_ungoverned,1,0.85,0,allow
93.0,64.0,55.0,82.0,75.0,88.0,91.0,60.0,Trickster,challenger,B_ungoverned,1,0.85,0,allow
93.0,64.0,55.0,82.0,75.0,88.0,91.0,60.0,Pioneer,explorer,B_ungoverned,1,0.85,0,allow
86.0,54.0,50.0,77.5,75.0,85.0,88.0,52.0,Guardian,supporter,B_ungoverned,1,0.85,0,allow
86.0,54.0,50.0,77.5,75.0,85.0,88.0,52.0,Scholar,gentle,B_ungoverned,1,0.85,0,allow
86.0,54.0,50.0,77.5,75.0,85.0,88.0,52.0,Healer,gentle,B_ungoverned,1,0.85,0,allow
86.0,54.0,50.0,77.5,75.0,85.0,88.0,52.0,Trickster,challenger,B_ungoverned,1,0.85,0,allow
86.0,54.0,50.0,77.5,75.0,85.0,88.0,52.0,Pioneer,explorer,B_ungoverned,1,0.85,0,allow
79.0,50.0,45.0,73.0,75.0,82.0,85.0,100.0,Guardian,supporter,B_ungoverned,1,0.6,0,allow
79.0,50.0,45.0,73.0,75.0,82.0,85.0,100.0,Scholar,gentle,B_ungoverned,1,0.6,0,allow
79.0,50.0,45.0,73.0,75.0,82.0,85.0,100.0,Healer,gentle,B_ungoverned,1,0.6,0,allow
79.0,50.0,45.0,73.0,75.0,82.0,85.0,100.0,Trickster,challenger,B_ungoverned,1,0.6,0,allow
79.0,50.0,45.0,73.0,75.0,82.0,85.0,100.0,Pioneer,explorer,B_ungoverned,1,0.6,0,allow
72.0,46.0,80.0,68.5,75.0,79.0,82.0,92.0,Guardian,supporter,B_ungoverned,1,0.9,0,allow
72.0,46.0,80.0,68.5,75.0,79.0,82.0,92.0,Scholar,gentle,B_ungoverned,1,0.9,0,allow
72.0,46.0,80.0,68.5,75.0,79.0,82.0,92.0,Healer,gentle,B_ungoverned,1,0.9,0,allow
72.0,46.0,80.0,68.5,75.0,79.0,82.0,92.0,Trickster,challenger,B_ungoverned,1,0.9,0,allow
72.0,46.0,80.0,68.5,75.0,79.0,82.0,92.0,Pioneer,explorer,B_ungoverned,1,0.9,0,allow
65.0,100.0,75.0,64.0,75.0,76.0,79.0,84.0,Guardian,supporter,B_ungoverned,1,0.7,0,allow
65.0,100.0,75.0,64.0,75.0,76.0,79.0,84.0,Scholar,gentle,B_ungoverned,1,0.7,0,allow
65.0,100.0,75.0,64.0,75.0,76.0,79.0,84.0,Healer,gentle,B_ungoverned,1,0.7,0,allow
65.0,100.0,75.0,64.0,75.0,76.0,79.0,84.0,Trickster,challenger,B_ungoverned,1,0.7,0,allow
65.0,100.0,75.0,64.0,75.0,76.0,79.0,84.0,Pioneer,explorer,B_ungoverned,1,0.7,0,allow
58.0,90.0,70.0,59.5,75.0,73.0,76.0,76.0,Guardian,supporter,B_ungoverned,1,0.85,0,allow
58.0,90.0,70.0,59.5,75.0,73.0,76.0,76.0,Scholar,gentle,B_ungoverned,1,0.85,0,allow
58.0,90.0,70.0,59.5,75.0,73.0,76.0,76.0,Healer,gentle,B_ungoverned,1,0.85,0,allow
58.0,90.0,70.0,59.5,75.0,73.0,76.0,76.0,Trickster,challenger,B_ungoverned,1,0.85,0,allow
58.0,90.0,70.0,59.5,75.0,73.0,76.0,76.0,Pioneer,explorer,B_ungoverned,1,0.85,0,allow
100.0,86.0,65.0,55.0,75.0,70.0,73.0,68.0,Guardian,supporter,B_ungoverned,1,0.7,0,allow
100.0,86.0,65.0,55.0,75.0,70.0,73.0,68.0,Scholar,gentle,B_ungoverned,1,0.7,0,allow
100.0,86.0,65.0,55.0,75.0,70.0,73.0,68.0,Healer,gentle,B_ungoverned,1,0.7,0,allow
100.0,86.0,65.0,55.0,75.0,70.0,73.0,68.0,Trickster,challenger,B_ungoverned,1,0.7,0,allow
100.0,86.0,65.0,55.0,75.0,70.0,73.0,68.0,Pioneer,explorer,B_ungoverned,1,0.7,0,allow
93.0,76.0,60.0,50.5,75.0,67.0,70.0,60.0,Guardian,supporter,B_ungoverned,1,0.85,0,allow
93.0,76.0,60.0,50.5,75.0,67.0,70.0,60.0,Scholar,gentle,B_ungoverned,1,0.85,0,allow
93.0,76.0,60.0,50.5,75.0,67.0,70.0,60.0,Healer,gentle,B_ungoverned,1,0.85,0,allow
93.0,76.0,60.0,50.5,75.0,67.0,70.0,60.0,Trickster,challenger,B_ungoverned,1,0.85,0,allow
93.0,76.0,60.0,50.5,75.0,67.0,70.0,60.0,Pioneer,explorer,B_ungoverned,1,0.85,0,allow
86.0,72.0,55.0,81.0,75.0,94.0,67.0,52.0,Guardian,supporter,B_ungoverned,1,0.6,0,allow
86.0,72.0,55.0,81.0,75.0,94.0,67.0,52.0,Scholar,gentle,B_ungoverned,1,0.6,0,allow
86.0,72.0,55.0,81.0,75.0,94.0,67.0,52.0,Healer,gentle,B_ungoverned,1,0.6,0,allow
86.0,72.0,55.0,81.0,75.0,94.0,67.0,52.0,Trickster,challenger,B_ungoverned,1,0.6,0,allow
86.0,72.0,55.0,81.0,75.0,94.0,67.0,52.0,Pioneer,explorer,B_ungoverned,1,0.6,0,allow
79.0,68.0,50.0,76.5,75.0,91.0,64.0,100.0,Guardian,supporter,B_ungoverned,1,0.6,0,allow
79.0,68.0,50.0,76.5,75.0,91.0,64.0,100.0,Scholar,gentle,B_ungoverned,1,0.6,0,allow
79.0,68.0,50.0,76.5,75.0,91.0,64.0,100.0,Healer,gentle,B_ungoverned,1,0.6,0,allow
79.0,68.0,50.0,76.5,75.0,91.0,64.0,100.0,Trickster,challenger,B_ungoverned,1,0.6,0,allow
79.0,68.0,50.0,76.5,75.0,91.0,64.0,100.0,Pioneer,explorer,B_ungoverned,1,0.6,0,allow
72.0,64.0,85.0,72.0,75.0,88.0,61.0,92.0,Guardian,supporter,B_ungoverned,1,0.9,0,allow
72.0,64.0,85.0,72.0,75.0,88.0,61.0,92.0,Scholar,gentle,B_ungoverned,1,0.9,0,allow
72.0,64.0,85.0,72.0,75.0,88.0,61.0,92.0,Healer,gentle,B_ungoverned,1,0.9,0,allow
72.0,64.0,85.0,72.0,75.0,88.0,61.0,92.0,Trickster,challenger,B_ungoverned,1,0.9,0,allow
72.0,64.0,85.0,72.0,75.0,88.0,61.0,92.0,Pioneer,explorer,B_ungoverned,1,0.9,0,allow
65.0,60.0,80.0,100.0,75.0,100.0,58.0,84.0,Guardian,supporter,B_ungoverned,1,0.6,0,allow
65.0,60.0,80.0,100.0,75.0,100.0,58.0,84.0,Scholar,gentle,B_ungoverned,1,0.6,0,allow
65.0,60.0,80.0,100.0,75.0,100.0,58.0,84.0,Healer,gentle,B_ungoverned,1,0.6,0,allow
65.0,60.0,80.0,100.0,75.0,100.0,58.0,84.0,Trickster,challenger,B_ungoverned,1,0.6,0,allow
65.0,60.0,80.0,100.0,75.0,100.0,58.0,84.0,Pioneer,explorer,B_ungoverned,1,0.6,0,allow
58.0,63.0,75.0,100.0,75.0,100.0,55.0,76.0,Guardian,supporter,B_ungoverned,1,0.6,0,allow
58.0,63.0,75.0,100.0,75.0,100.0,55.0,76.0,Scholar,gentle,B_ungoverned,1,0.6,0,allow
58.0,63.0,75.0,100.0,75.0,100.0,55.0,76.0,Healer,gentle,B_ungoverned,1,0.6,0,allow
58.0,63.0,75.0,100.0,75.0,100.0,55.0,76.0,Trickster,challenger,B_ungoverned,1,0.6,0,allow
58.0,63.0,75.0,100.0,75.0,100.0,55.0,76.0,Pioneer,explorer,B_ungoverned,1,0.6,0,allow
100.0,66.0,70.0,95.5,75.0,97.0,52.0,68.0,Guardian,supporter,B_ungoverned,1,0.7,0,allow
100.0,66.0,70.0,95.5,75.0,97.0,52.0,68.0,Scholar,gentle,B_ungoverned,1,0.7,0,allow
100.0,66.0,70.0,95.5,75.0,97.0,52.0,68.0,Healer,gentle,B_ungoverned,1,0.7,0,allow
100.0,66.0,70.0,95.5,75.0,97.0,52.0,68.0,Trickster,challenger,B_ungoverned,1,0.7,0,allow
100.0,66.0,70.0,95.5,75.0,97.0,52.0,68.0,Pioneer,explorer,B_ungoverned,1,0.7,0,allow
93.0,69.0,65.0,91.0,75.0,94.0,99.0,60.0,Guardian,supporter,B_ungoverned,1,0.65,0,allow
93.0,69.0,65.0,91.0,75.0,94.0,99.0,60.0,Scholar,gentle,B_ungoverned,1,0.65,0,allow
93.0,69.0,65.0,91.0,75.0,94.0,99.0,60.0,Healer,gentle,B_ungoverned,1,0.65,0,allow
93.0,69.0,65.0,91.0,75.0,94.0,99.0,60.0,Trickster,challenger,B_ungoverned,1,0.65,0,allow
93.0,69.0,65.0,91.0,75.0,94.0,99.0,60.0,Pioneer,explorer,B_ungoverned,1,0.65,0,allow
86.0,72.0,60.0,100.0,75.0,100.0,96.0,52.0,Guardian,supporter,B_ungoverned,1,0.6,0,allow
86.0,72.0,60.0,100.0,75.0,100.0,96.0,52.0,Scholar,gentle,B_ungoverned,1,0.6,0,allow
86.0,72.0,60.0,100.0,75.0,100.0,96.0,52.0,Healer,gentle,B_ungoverned,1,0.6,0,allow
86.0,72.0,60.0,100.0,75.0,100.0,96.0,52.0,Trickster,challenger,B_ungoverned,1,0.6,0,allow
86.0,72.0,60.0,100.0,75.0,100.0,96.0,52.0,Pioneer,explorer,B_ungoverned,1,0.6,0,allow
79.0,75.0,55.0,95.5,75.0,97.0,93.0,100.0,Guardian,supporter,B_ungoverned,1,0.6,0,allow
79.0,75.0,55.0,95.5,75.0,97.0,93.0,100.0,Scholar,gentle,B_ungoverned,1,0.6,0,allow
79.0,75.0,55.0,95.5,75.0,97.0,93.0,100.0,Healer,gentle,B_ungoverned,1,0.6,0,allow
79.0,75.0,55.0,95.5,75.0,97.0,93.0,100.0,Trickster,challenger,B_ungoverned,1,0.6,0,allow
79.0,75.0,55.0,95.5,75.0,97.0,93.0,100.0,Pioneer,explorer,B_ungoverned,1,0.6,0,allow
72.0,78.0,50.0,100.0,75.0,100.0,90.0,92.0,Guardian,supporter,B_ungoverned,1,0.6,0,allow
72.0,78.0,50.0,100.0,75.0,100.0,90.0,92.0,Scholar,gentle,B_ungoverned,1,0.6,0,allow
72.0,78.0,50.0,100.0,75.0,100.0,90.0,92.0,Healer,gentle,B_ungoverned,1,0.6,0,allow
72.0,78.0,50.0,100.0,75.0,100.0,90.0,92.0,Trickster,challenger,B_ungoverned,1,0.6,0,allow
72.0,78.0,50.0,100.0,75.0,100.0,90.0,92.0,Pioneer,explorer,B_ungoverned,1,0.6,0,allow
65.0,81.0,85.0,95.5,75.0,97.0,87.0,84.0,Guardian,supporter,B_ungoverned,1,0.9,0,allow
65.0,81.0,85.0,95.5,75.0,97.0,87.0,84.0,Scholar,gentle,B_ungoverned,1,0.9,0,allow
65.0,81.0,85.0,95.5,75.0,97.0,87.0,84.0,Healer,gentle,B_ungoverned,1,0.9,0,allow
65.0,81.0,85.0,95.5,75.0,97.0,87.0,84.0,Trickster,challenger,B_ungoverned,1,0.9,0,allow
65.0,81.0,85.0,95.5,75.0,97.0,87.0,84.0,Pioneer,explorer,B_ungoverned,1,0.9,0,allow
58.0,77.0,80.0,100.0,75.0,100.0,84.0,76.0,Guardian,supporter,B_ungoverned,1,0.6,0,allow
58.0,77.0,80.0,100.0,75.0,100.0,84.0,76.0,Scholar,gentle,B_ungoverned,1,0.6,0,allow
58.0,77.0,80.0,100.0,75.0,100.0,84.0,76.0,Healer,gentle,B_ungoverned,1,0.6,0,allow
58.0,77.0,80.0,100.0,75.0,100.0,84.0,76.0,Trickster,challenger,B_ungoverned,1,0.6,0,allow
58.0,77.0,80.0,100.0,75.0,100.0,84.0,76.0,Pioneer,explorer,B_ungoverned,1,0.6,0,allow
100.0,73.0,75.0,95.5,75.0,97.0,81.0,68.0,Guardian,supporter,B_ungoverned,1,0.7,0,allow
100.0,73.0,75.0,95.5,75.0,97.0,81.0,68.0,Scholar,gentle,B_ungoverned,1,0.7,0,allow
100.0,73.0,75.0,95.5,75.0,97.0,81.0,68.0,Healer,gentle,B_ungoverned,1,0.7,0,allow
100.0,73.0,75.0,95.5,75.0,97.0,81.0,68.0,Trickster,challenger,B_ungoverned,1,0.7,0,allow
100.0,73.0,75.0,95.5,75.0,97.0,81.0,68.0,Pioneer,explorer,B_ungoverned,1,0.7,0,allow
93.0,63.0,70.0,91.0,75.0,94.0,78.0,60.0,Guardian,supporter,B_ungoverned,1,0.85,0,allow
93.0,63.0,70.0,91.0,75.0,94.0,78.0,60.0,Scholar,gentle,B_ungoverned,1,0.85,0,allow
93.0,63.0,70.0,91.0,75.0,94.0,78.0,60.0,Healer,gentle,B_ungoverned,1,0.85,0,allow
93.0,63.0,70.0,91.0,75.0,94.0,78.0,60.0,Trickster,challenger,B_ungoverned,1,0.85,0,allow
93.0,63.0,70.0,91.0,75.0,94.0,78.0,60.0,Pioneer,explorer,B_ungoverned,1,0.85,0,allow
86.0,53.0,65.0,86.5,75.0,91.0,75.0,52.0,Guardian,supporter,B_ungoverned,1,0.85,0,allow
86.0,53.0,65.0,86.5,75.0,91.0,75.0,52.0,Scholar,gentle,B_ungoverned,1,0.85,0,allow
86.0,53.0,65.0,86.5,75.0,91.0,75.0,52.0,Healer,gentle,B_ungoverned,1,0.85,0,allow
86.0,53.0,65.0,86.5,75.0,91.0,75.0,52.0,Trickster,challenger,B_ungoverned,1,0.85,0,allow
86.0,53.0,65.0,86.5,75.0,91.0,75.0,52.0,Pioneer,explorer,B_ungoverned,1,0.85,0,allow
79.0,49.0,60.0,82.0,75.0,88.0,72.0,100.0,Guardian,supporter,B_ungoverned,1,0.6,0,allow
79.0,49.0,60.0,82.0,75.0,88.0,72.0,100.0,Scholar,gentle,B_ungoverned,1,0.6,0,allow
79.0,49.0,60.0,82.0,75.0,88.0,72.0,100.0,Healer,gentle,B_ungoverned,1,0.6,0,allow
79.0,49.0,60.0,82.0,75.0,88.0,72.0,100.0,Trickster,challenger,B_ungoverned,1,0.6,0,allow
79.0,49.0,60.0,82.0,75.0,88.0,72.0,100.0,Pioneer,explorer,B_ungoverned,1,0.6,0,allow
72.0,100.0,55.0,77.5,75.0,85.0,69.0,92.0,Guardian,supporter,B_ungoverned,1,0.7,0,allow
72.0,100.0,55.0,77.5,75.0,85.0,69.0,92.0,Scholar,gentle,B_ungoverned,1,0.7,0,allow
72.0,100.0,55.0,77.5,75.0,85.0,69.0,92.0,Healer,gentle,B_ungoverned,1,0.7,0,allow
72.0,100.0,55.0,77.5,75.0,85.0,69.0,92.0,Trickster,challenger,B_ungoverned,1,0.7,0,allow
72.0,100.0,55.0,77.5,75.0,85.0,69.0,92.0,Pioneer,explorer,B_ungoverned,1,0.7,0,allow
65.0,90.0,50.0,73.0,75.0,82.0,66.0,84.0,Guardian,supporter,B_ungoverned,1,0.85,0,allow
65.0,90.0,50.0,73.0,75.0,82.0,66.0,84.0,Scholar,gentle,B_ungoverned,1,0.85,0,allow
65.0,90.0,50.0,73.0,75.0,82.0,66.0,84.0,Healer,gentle,B_ungoverned,1,0.85,0,allow
65.0,90.0,50.0,73.0,75.0,82.0,66.0,84.0,Trickster,challenger,B_ungoverned,1,0.85,0,allow
65.0,90.0,50.0,73.0,75.0,82.0,66.0,84.0,Pioneer,explorer,B_ungoverned,1,0.85,0,allow
58.0,86.0,85.0,68.5,75.0,79.0,63.0,76.0,Guardian,supporter,B_ungoverned,1,0.9,0,allow
58.0,86.0,85.0,68.5,75.0,79.0,63.0,76.0,Scholar,gentle,B_ungoverned,1,0.9,0,allow
58.0,86.0,85.0,68.5,75.0,79.0,63.0,76.0,Healer,gentle,B_ungoverned,1,0.9,0,allow
58.0,86.0,85.0,68.5,75.0,79.0,63.0,76.0,Trickster,challenger,B_ungoverned,1,0.9,0,allow
58.0,86.0,85.0,68.5,75.0,79.0,63.0,76.0,Pioneer,explorer,B_ungoverned,1,0.9,0,allow
100.0,82.0,80.0,64.0,75.0,76.0,60.0,68.0,Guardian,supporter,B_ungoverned,1,0.7,0,allow
100.0,82.0,80.0,64.0,75.0,76.0,60.0,68.0,Scholar,gentle,B_ungoverned,1,0.7,0,allow
100.0,82.0,80.0,64.0,75.0,76.0,60.0,68.0,Healer,gentle,B_ungoverned,1,0.7,0,allow
51.0,76.0,80.0,64.0,75.0,76.0,60.0,68.0,Trickster,challenger,B_ungoverned,1,0.85,0,allow
100.0,82.0,80.0,64.0,75.0,76.0,60.0,68.0,Pioneer,explorer,B_ungoverned,1,0.7,0,allow
93.0,72.0,75.0,59.5,75.0,73.0,57.0,60.0,Guardian,supporter,B_ungoverned,1,0.85,0,allow
93.0,72.0,75.0,59.5,75.0,73.0,57.0,60.0,Scholar,gentle,B_ungoverned,1,0.85,0,allow
93.0,72.0,75.0,59.5,75.0,73.0,57.0,60.0,Healer,gentle,B_ungoverned,1,0.85,0,allow
99.0,72.0,75.0,59.5,75.0,73.0,57.0,60.0,Trickster,challenger,B_ungoverned,1,0.7,0,allow
93.0,72.0,75.0,59.5,75.0,73.0,57.0,60.0,Pioneer,explorer,B_ungoverned,1,0.85,0,allow
86.0,62.0,70.0,55.0,75.0,70.0,54.0,52.0,Guardian,supporter,B_ungoverned,1,0.85,0,allow
86.0,62.0,70.0,55.0,75.0,70.0,54.0,52.0,Scholar,gentle,B_ungoverned,1,0.85,0,allow
86.0,62.0,70.0,55.0,75.0,70.0,54.0,52.0,Healer,gentle,B_ungoverned,1,0.85,0,allow
92.0,62.0,70.0,55.0,75.0,70.0,54.0,52.0,Trickster,challenger,B_ungoverned,1,0.85,0,allow
86.0,62.0,70.0,55.0,75.0,70.0,54.0,52.0,Pioneer,explorer,B_ungoverned,1,0.85,0,allow
79.0,58.0,65.0,50.5,75.0,67.0,51.0,100.0,Guardian,supporter,B_ungoverned,1,0.6,0,allow
79.0,58.0,65.0,50.5,75.0,67.0,51.0,100.0,Scholar,gentle,B_ungoverned,1,0.6,0,allow
79.0,58.0,65.0,50.5,75.0,67.0,51.0,100.0,Healer,gentle,B_ungoverned,1,0.6,0,allow
85.0,58.0,65.0,50.5,75.0,67.0,51.0,100.0,Trickster,challenger,B_ungoverned,1,0.6,0,allow
79.0,58.0,65.0,50.5,75.0,67.0,51.0,100.0,Pioneer,explorer,B_ungoverned,1,0.6,0,allow
72.0,54.0,60.0,81.0,75.0,94.0,48.0,92.0,Guardian,supporter,B_ungoverned,1,0.6,0,allow
72.0,54.0,60.0,81.0,75.0,94.0,48.0,92.0,Scholar,gentle,B_ungoverned,1,0.6,0,allow
72.0,54.0,60.0,81.0,75.0,94.0,48.0,92.0,Healer,gentle,B_ungoverned,1,0.6,0,allow
78.0,54.0,60.0,81.0,75.0,94.0,48.0,92.0,Trickster,challenger,B_ungoverned,1,0.6,0,allow
72.0,54.0,60.0,81.0,75.0,94.0,48.0,92.0,Pioneer,explorer,B_ungoverned,1,0.6,0,allow
65.0,50.0,55.0,76.5,75.0,91.0,95.0,84.0,Guardian,supporter,B_ungoverned,1,0.65,0,allow
65.0,50.0,55.0,76.5,75.0,91.0,95.0,84.0,Scholar,gentle,B_ungoverned,1,0.65,0,allow
65.0,50.0,55.0,76.5,75.0,91.0,95.0,84.0,Healer,gentle,B_ungoverned,1,0.65,0,allow
71.0,50.0,55.0,76.5,75.0,91.0,95.0,84.0,Trickster,challenger,B_ungoverned,1,0.65,0,allow
65.0,50.0,55.0,76.5,75.0,91.0,95.0,84.0,Pioneer,explorer,B_ungoverned,1,0.65,0,allow
58.0,100.0,50.0,72.0,75.0,88.0,92.0,76.0,Guardian,supporter,B_ungoverned,1,0.7,0,allow
58.0,100.0,50.0,72.0,75.0,88.0,92.0,76.0,Scholar,gentle,B_ungoverned,1,0.7,0,allow
58.0,100.0,50.0,72.0,75.0,88.0,92.0,76.0,Healer,gentle,B_ungoverned,1,0.7,0,allow
64.0,100.0,50.0,72.0,75.0,88.0,92.0,76.0,Trickster,challenger,B_ungoverned,1,0.7,0,allow
58.0,100.0,50.0,72.0,75.0,88.0,92.0,76.0,Pioneer,explorer,B_ungoverned,1,0.7,0,allow
100.0,96.0,45.0,67.5,75.0,85.0,89.0,68.0,Guardian,supporter,B_ungoverned,1,0.7,0,allow
100.0,96.0,45.0,67.5,75.0,85.0,89.0,68.0,Scholar,gentle,B_ungoverned,1,0.7,0,allow
100.0,96.0,45.0,67.5,75.0,85.0,89.0,68.0,Healer,gentle,B_ungoverned,1,0.7,0,allow
57.0,96.0,85.0,67.5,75.0,85.0,89.0,68.0,Trickster,challenger,B_ungoverned,1,0.9,0,allow
51.0,96.0,85.0,67.5,75.0,85.0,89.0,68.0,Pioneer,explorer,B_ungoverned,1,0.9,0,allow
93.0,92.0,80.0,63.0,75.0,82.0,86.0,60.0,Guardian,supporter,B_ungoverned,1,0.9,0,allow
93.0,92.0,80.0,63.0,75.0,82.0,86.0,60.0,Scholar,gentle,B_ungoverned,1,0.9,0,allow
93.0,92.0,80.0,63.0,75.0,82.0,86.0,60.0,Healer,gentle,B_ungoverned,1,0.9,0,allow
50.0,92.0,80.0,98.0,75.0,100.0,86.0,60.0,Trickster,challenger,B_ungoverned,1,0.6,0,allow
44.0,92.0,80.0,63.0,75.0,82.0,86.0,60.0,Pioneer,explorer,B_ungoverned,1,0.7,0,allow
86.0,95.0,75.0,93.5,75.0,100.0,83.0,52.0,Guardian,supporter,B_ungoverned,1,0.6,0,allow
86.0,95.0,75.0,93.5,75.0,100.0,83.0,52.0,Scholar,gentle,B_ungoverned,1,0.6,0,allow
86.0,95.0,75.0,93.5,75.0,100.0,83.0,52.0,Healer,gentle,B_ungoverned,1,0.6,0,allow
43.0,95.0,75.0,93.5,75.0,97.0,83.0,52.0,Trickster,challenger,B_ungoverned,1,0.7,0,allow
37.0,95.0,75.0,58.5,75.0,79.0,83.0,52.0,Pioneer,explorer,B_ungoverned,1,0.7,0,allow
79.0,98.0,70.0,89.0,75.0,97.0,80.0,100.0,Guardian,supporter,B_ungoverned,1,0.6,0,allow
79.0,98.0,70.0,89.0,75.0,97.0,80.0,100.0,Scholar,gentle,B_ungoverned,1,0.6,0,allow
79.0,98.0,70.0,89.0,75.0,97.0,80.0,100.0,Healer,gentle,B_ungoverned,1,0.6,0,allow
36.0,98.0,70.0,89.0,75.0,94.0,80.0,44.0,Trickster,challenger,B_ungoverned,1,0.7,0,allow
30.0,98.0,70.0,54.0,75.0,76.0,80.0,44.0,Pioneer,explorer,B_ungoverned,1,0.7,0,allow
72.0,100.0,65.0,100.0,75.0,100.0,77.0,92.0,Guardian,supporter,B_ungoverned,1,0.6,0,allow
72.0,100.0,65.0,100.0,75.0,100.0,77.0,92.0,Scholar,gentle,B_ungoverned,1,0.6,0,allow
72.0,100.0,65.0,100.0,75.0,100.0,77.0,92.0,Healer,gentle,B_ungoverned,1,0.6,0,allow
79.0,100.0,65.0,84.5,75.0,91.0,77.0,36.0,Trickster,challenger,B_ungoverned,1,0.05,1,allow
73.0,100.0,65.0,49.5,75.0,73.0,77.0,36.0,Pioneer,explorer,B_ungoverned,1,0.05,1,allow
65.0,100.0,60.0,100.0,75.0,100.0,74.0,84.0,Guardian,supporter,B_ungoverned,1,0.6,0,allow
65.0,100.0,60.0,100.0,75.0,100.0,74.0,84.0,Scholar,gentle,B_ungoverned,1,0.6,0,allow
65.0,100.0,60.0,100.0,75.0,100.0,74.0,84.0,Healer,gentle,B_ungoverned,1,0.6,0,allow
72.0,100.0,60.0,80.0,75.0,88.0,74.0,98.0,Trickster,challenger,B_ungoverned,1,0.6,0,allow
66.0,100.0,60.0,45.0,75.0,70.0,74.0,98.0,Pioneer,explorer,B_ungoverned,1,0.6,0,allow
58.0,100.0,55.0,100.0,75.0,100.0,71.0,76.0,Guardian,supporter,B_ungoverned,1,0.6,0,allow
58.0,100.0,55.0,100.0,75.0,100.0,71.0,76.0,Scholar,gentle,B_ungoverned,1,0.6,0,allow
58.0,100.0,55.0,100.0,75.0,100.0,71.0,76.0,Healer,gentle,B_ungoverned,1,0.6,0,allow
65.0,100.0,55.0,100.0,75.0,100.0,71.0,90.0,Trickster,challenger,B_ungoverned,1,0.6,0,allow
59.0,100.0,55.0,75.5,75.0,97.0,71.0,90.0,Pioneer,explorer,B_ungoverned,1,0.6,0,allow
51.0,100.0,50.0,100.0,75.0,100.0,68.0,68.0,Guardian,supporter,B_ungoverned,1,0.6,0,allow
51.0,100.0,50.0,100.0,75.0,100.0,68.0,68.0,Scholar,gentle,B_ungoverned,1,0.6,0,allow
51.0,100.0,50.0,100.0,75.0,100.0,68.0,68.0,Healer,gentle,B_ungoverned,1,0.6,0,allow
58.0,100.0,50.0,100.0,75.0,100.0,68.0,82.0,Trickster,challenger,B_ungoverned,1,0.6,0,allow
52.0,100.0,50.0,100.0,75.0,100.0,68.0,82.0,Pioneer,explorer,B_ungoverned,1,0.6,0,allow
44.0,100.0,45.0,95.5,75.0,97.0,65.0,60.0,Guardian,supporter,B_ungoverned,1,0.7,0,allow
44.0,100.0,45.0,95.5,75.0,97.0,65.0,60.0,Scholar,gentle,B_ungoverned,1,0.7,0,allow
44.0,100.0,45.0,95.5,75.0,97.0,65.0,60.0,Healer,gentle,B_ungoverned,1,0.7,0,allow
51.0,100.0,85.0,95.5,75.0,97.0,65.0,74.0,Trickster,challenger,B_ungoverned,1,0.9,0,allow
45.0,100.0,45.0,95.5,75.0,97.0,65.0,74.0,Pioneer,explorer,B_ungoverned,1,0.7,0,allow
37.0,96.0,40.0,91.0,75.0,94.0,62.0,52.0,Guardian,supporter,B_ungoverned,1,0.7,0,allow
37.0,96.0,40.0,91.0,75.0,94.0,62.0,52.0,Scholar,gentle,B_ungoverned,1,0.7,0,allow
37.0,96.0,40.0,91.0,75.0,94.0,62.0,52.0,Healer,gentle,B_ungoverned,1,0.7,0,allow
44.0,96.0,80.0,91.0,75.0,94.0,62.0,66.0,Trickster,challenger,B_ungoverned,1,0.7,0,allow
38.0,96.0,40.0,91.0,75.0,94.0,62.0,66.0,Pioneer,explorer,B_ungoverned,1,0.7,0,allow
30.0,92.0,35.0,86.5,75.0,91.0,59.0,44.0,Guardian,supporter,B_ungoverned,1,0.7,0,allow
30.0,92.0,35.0,86.5,75.0,91.0,59.0,44.0,Scholar,gentle,B_ungoverned,1,0.7,0,allow
30.0,92.0,35.0,86.5,75.0,91.0,59.0,44.0,Healer,gentle,B_ungoverned,1,0.7,0,allow
37.0,92.0,75.0,86.5,75.0,91.0,59.0,58.0,Trickster,challenger,B_ungoverned,1,0.7,0,allow
31.0,92.0,35.0,86.5,75.0,91.0,59.0,58.0,Pioneer,explorer,B_ungoverned,1,0.7,0,allow
73.0,88.0,30.0,82.0,75.0,88.0,56.0,36.0,Guardian,supporter,B_ungoverned,1,0.05,1,allow
73.0,88.0,30.0,82.0,75.0,88.0,56.0,36.0,Scholar,gentle,B_ungoverned,1,0.05,1,allow
73.0,88.0,30.0,82.0,75.0,88.0,56.0,36.0,Healer,gentle,B_ungoverned,1,0.05,1,allow
30.0,88.0,70.0,82.0,75.0,88.0,56.0,50.0,Trickster,challenger,B_ungoverned,1,0.7,0,allow
74.0,88.0,30.0,82.0,75.0,88.0,56.0,50.0,Pioneer,explorer,B_ungoverned,1,0.05,1,allow
66.0,84.0,65.0,77.5,75.0,85.0,53.0,28.0,Guardian,supporter,B_ungoverned,1,0.9,0,allow
66.0,84.0,65.0,77.5,75.0,85.0,53.0,28.0,Scholar,gentle,B_ungoverned,1,0.9,0,allow
66.0,84.0,65.0,77.5,75.0,85.0,53.0,28.0,Healer,gentle,B_ungoverned,1,0.9,0,allow
73.0,84.0,65.0,77.5,75.0,85.0,53.0,42.0,Trickster,challenger,B_ungoverned,1,0.05,1,allow
67.0,84.0,65.0,77.5,75.0,85.0,53.0,42.0,Pioneer,explorer,B_ungoverned,1,0.9,0,allow
59.0,80.0,60.0,73.0,75.0,82.0,50.0,90.0,Guardian,supporter,B_ungoverned,1,0.6,0,allow
59.0,80.0,60.0,73.0,75.0,82.0,50.0,90.0,Scholar,gentle,B_ungoverned,1,0.6,0,allow
59.0,80.0,60.0,73.0,75.0,82.0,50.0,90.0,Healer,gentle,B_ungoverned,1,0.6,0,allow
100.0,80.0,60.0,73.0,75.0,82.0,50.0,34.0,Trickster,challenger,B_ungoverned,1,0.05,1,allow
60.0,80.0,60.0,73.0,75.0,82.0,50.0,100.0,Pioneer,explorer,B_ungoverned,1,0.6,0,allow
52.0,76.0,55.0,68.5,75.0,79.0,97.0,82.0,Guardian,supporter,B_ungoverned,1,0.65,0,allow
52.0,76.0,55.0,68.5,75.0,79.0,97.0,82.0,Scholar,gentle,B_ungoverned,1,0.65,0,allow
100.0,76.0,55.0,68.5,75.0,79.0,47.0,82.0,Healer,gentle,B_ungoverned,1,0.05,1,allow
93.0,76.0,55.0,68.5,75.0,79.0,47.0,96.0,Trickster,challenger,B_ungoverned,1,0.6,0,allow
53.0,76.0,55.0,68.5,75.0,79.0,97.0,92.0,Pioneer,explorer,B_ungoverned,1,0.65,0,allow
45.0,72.0,50.0,64.0,75.0,76.0,94.0,74.0,Guardian,supporter,B_ungoverned,1,0.7,0,allow
95.0,72.0,50.0,64.0,75.0,76.0,94.0,74.0,Scholar,gentle,B_ungoverned,1,0.05,1,allow
93.0,72.0,50.0,64.0,75.0,76.0,94.0,74.0,Healer,gentle,B_ungoverned,1,0.65,0,allow
100.0,72.0,50.0,64.0,75.0,76.0,44.0,88.0,Trickster,challenger,B_ungoverned,1,0.05,1,allow
96.0,72.0,50.0,64.0,75.0,76.0,94.0,84.0,Pioneer,explorer,B_ungoverned,1,0.05,1,allow
38.0,68.0,45.0,59.5,75.0,73.0,91.0,66.0,Guardian,supporter,B_ungoverned,1,0.7,0,allow
88.0,68.0,85.0,59.5,75.0,73.0,91.0,66.0,Scholar,gentle,B_ungoverned,1,0.9,0,allow
86.0,68.0,85.0,59.5,75.0,73.0,91.0,66.0,Healer,gentle,B_ungoverned,1,0.9,0,allow
93.0,68.0,45.0,59.5,75.0,73.0,91.0,80.0,Trickster,challenger,B_ungoverned,1,0.65,0,allow
100.0,68.0,45.0,59.5,75.0,73.0,91.0,76.0,Pioneer,explorer,B_ungoverned,1,0.05,1,allow
31.0,64.0,40.0,55.0,75.0,70.0,88.0,58.0,Guardian,supporter,B_ungoverned,1,0.7,0,allow
81.0,58.0,80.0,55.0,75.0,70.0,88.0,58.0,Scholar,gentle,B_ungoverned,1,0.85,0,allow
79.0,58.0,80.0,55.0,75.0,70.0,88.0,58.0,Healer,gentle,B_ungoverned,1,0.85,0,allow
100.0,64.0,40.0,55.0,75.0,70.0,88.0,72.0,Trickster,challenger,B_ungoverned,1,0.05,1,allow
93.0,64.0,80.0,55.0,75.0,70.0,88.0,68.0,Pioneer,explorer,B_ungoverned,1,0.9,0,allow
74.0,60.0,35.0,50.5,75.0,67.0,85.0,50.0,Guardian,supporter,B_ungoverned,1,0.05,1,allow
100.0,54.0,75.0,50.5,75.0,67.0,85.0,50.0,Scholar,gentle,B_ungoverned,1,0.05,1,allow
72.0,48.0,75.0,50.5,75.0,67.0,85.0,50.0,Healer,gentle,B_ungoverned,1,0.85,0,allow
93.0,60.0,75.0,50.5,75.0,67.0,85.0,64.0,Trickster,challenger,B_ungoverned,1,0.9,0,allow
100.0,60.0,75.0,50.5,75.0,67.0,85.0,60.0,Pioneer,explorer,B_ungoverned,1,0.05,1,allow
67.0,56.0,70.0,46.0,75.0,64.0,82.0,42.0,Guardian,supporter,B_ungoverned,1,0.9,0,allow
100.0,50.0,70.0,46.0,75.0,64.0,82.0,42.0,Scholar,gentle,B_ungoverned,1,0.05,1,allow
100.0,44.0,70.0,46.0,75.0,64.0,82.0,42.0,Healer,gentle,B_ungoverned,1,0.05,1,allow
100.0,56.0,70.0,46.0,75.0,64.0,82.0,56.0,Trickster,challenger,B_ungoverned,1,0.05,1,allow
100.0,56.0,70.0,46.0,75.0,64.0,82.0,52.0,Pioneer,explorer,B_ungoverned,1,0.05,1,allow
60.0,52.0,65.0,41.5,75.0,61.0,79.0,100.0,Guardian,supporter,B_ungoverned,1,0.6,0,allow
100.0,46.0,65.0,41.5,75.0,61.0,79.0,34.0,Scholar,gentle,B_ungoverned,1,0.05,1,allow
100.0,40.0,65.0,41.5,75.0,61.0,79.0,34.0,Healer,gentle,B_ungoverned,1,0.05,1,allow
93.0,52.0,65.0,76.5,75.0,91.0,79.0,48.0,Trickster,challenger,B_ungoverned,1,0.6,0,allow
100.0,52.0,65.0,41.5,75.0,61.0,79.0,44.0,Pioneer,explorer,B_ungoverned,1,0.05,1,allow
100.0,48.0,60.0,37.0,75.0,58.0,76.0,92.0,Guardian,supporter,B_ungoverned,1,0.05,1,allow
100.0,42.0,60.0,37.0,75.0,58.0,76.0,26.0,Scholar,gentle,B_ungoverned,1,0.05,1,allow
100.0,36.0,60.0,37.0,75.0,58.0,76.0,26.0,Healer,gentle,B_ungoverned,1,0.05,1,allow
86.0,48.0,60.0,72.0,75.0,88.0,76.0,100.0,Trickster,challenger,B_ungoverned,1,0.6,0,allow
100.0,48.0,60.0,37.0,75.0,58.0,76.0,36.0,Pioneer,explorer,B_ungoverned,1,0.05,1,allow
93.0,44.0,55.0,67.5,75.0,85.0,73.0,84.0,Guardian,supporter,B_ungoverned,1,0.6,0,allow
93.0,38.0,55.0,32.5,75.0,55.0,73.0,88.0,Scholar,gentle,B_ungoverned,1,0.6,0,allow
100.0,32.0,55.0,32.5,75.0,55.0,73.0,18.0,Healer,gentle,B_ungoverned,1,0.05,1,allow
100.0,44.0,55.0,67.5,75.0,85.0,73.0,92.0,Trickster,challenger,B_ungoverned,1,0.05,1,allow
100.0,44.0,55.0,32.5,75.0,55.0,73.0,28.0,Pioneer,explorer,B_ungoverned,1,0.05,1,allow
100.0,40.0,50.0,63.0,75.0,82.0,70.0,76.0,Guardian,supporter,B_ungoverned,1,0.05,1,allow
86.0,34.0,50.0,63.0,75.0,82.0,70.0,80.0,Scholar,gentle,B_ungoverned,1,0.6,0,allow
100.0,28.0,50.0,28.0,75.0,52.0,70.0,10.0,Healer,gentle,B_ungoverned,1,0.05,1,allow
100.0,40.0,50.0,63.0,75.0,82.0,70.0,84.0,Trickster,challenger,B_ungoverned,1,0.05,1,allow
93.0,40.0,50.0,28.0,75.0,52.0,70.0,90.0,Pioneer,explorer,B_ungoverned,1,0.6,0,allow
93.0,96.0,45.0,58.5,75.0,79.0,67.0,68.0,Guardian,supporter,B_ungoverned,1,0.7,0,allow
79.0,90.0,45.0,58.5,75.0,79.0,67.0,72.0,Scholar,gentle,B_ungoverned,1,0.7,0,allow
93.0,24.0,45.0,23.5,75.0,49.0,67.0,72.0,Healer,gentle,B_ungoverned,1,0.6,0,allow
93.0,96.0,45.0,58.5,75.0,79.0,67.0,76.0,Trickster,challenger,B_ungoverned,1,0.7,0,allow
100.0,36.0,45.0,23.5,75.0,49.0,67.0,82.0,Pioneer,explorer,B_ungoverned,1,0.05,1,allow
100.0,92.0,40.0,54.0,75.0,76.0,64.0,60.0,Guardian,supporter,B_ungoverned,1,0.05,1,allow
72.0,86.0,80.0,54.0,75.0,76.0,64.0,64.0,Scholar,gentle,B_ungoverned,1,0.9,0,allow
86.0,20.0,40.0,54.0,75.0,76.0,64.0,64.0,Healer,gentle,B_ungoverned,1,0.6,0,allow
100.0,92.0,40.0,54.0,75.0,76.0,64.0,68.0,Trickster,challenger,B_ungoverned,1,0.05,1,allow
100.0,32.0,40.0,19.0,75.0,46.0,64.0,74.0,Pioneer,explorer,B_ungoverned,1,0.05,1,allow
100.0,95.0,35.0,49.5,75.0,73.0,61.0,52.0,Guardian,supporter,B_ungoverned,1,0.05,1,allow
100.0,89.0,75.0,49.5,75.0,73.0,61.0,56.0,Scholar,gentle,B_ungoverned,1,0.05,1,allow
79.0,83.0,35.0,49.5,75.0,73.0,61.0,56.0,Healer,gentle,B_ungoverned,1,0.7,0,allow
93.0,95.0,75.0,49.5,75.0,73.0,61.0,60.0,Trickster,challenger,B_ungoverned,1,0.9,0,allow
100.0,35.0,35.0,14.5,75.0,43.0,61.0,66.0,Pioneer,explorer,B_ungoverned,1,0.05,1,allow
93.0,98.0,70.0,45.0,75.0,70.0,58.0,44.0,Guardian,supporter,B_ungoverned,1,0.9,0,allow
100.0,92.0,70.0,45.0,75.0,70.0,58.0,48.0,Scholar,gentle,B_ungoverned,1,0.05,1,allow
72.0,86.0,70.0,45.0,75.0,70.0,58.0,48.0,Healer,gentle,B_ungoverned,1,0.9,0,allow
86.0,98.0,70.0,80.0,75.0,100.0,58.0,52.0,Trickster,challenger,B_ungoverned,1,0.6,0,allow
100.0,38.0,30.0,10.0,75.0,40.0,58.0,58.0,Pioneer,explorer,B_ungoverned,1,0.05,1,allow
100.0,100.0,65.0,40.5,75.0,67.0,55.0,36.0,Guardian,supporter,B_ungoverned,1,0.05,1,allow
100.0,95.0,65.0,40.5,75.0,67.0,55.0,40.0,Scholar,gentle,B_ungoverned,1,0.05,1,allow
100.0,89.0,65.0,40.5,75.0,67.0,55.0,40.0,Healer,gentle,B_ungoverned,1,0.05,1,allow
79.0,100.0,65.0,75.5,75.0,97.0,55.0,100.0,Trickster,challenger,B_ungoverned,1,0.6,0,allow
100.0,41.0,25.0,5.5,75.0,37.0,55.0,50.0,Pioneer,explorer,B_ungoverned,1,0.05,1,allow
93.0,100.0,60.0,36.0,75.0,64.0,52.0,98.0,Guardian,supporter,B_ungoverned,1,0.6,0,allow
93.0,98.0,60.0,36.0,75.0,64.0,52.0,100.0,Scholar,gentle,B_ungoverned,1,0.6,0,allow
93.0,92.0,60.0,36.0,75.0,64.0,52.0,100.0,Healer,gentle,B_ungoverned,1,0.6,0,allow
72.0,100.0,60.0,100.0,75.0,100.0,52.0,92.0,Trickster,challenger,B_ungoverned,1,0.6,0,allow
100.0,44.0,20.0,1.0,75.0,34.0,52.0,42.0,Pioneer,explorer,B_ungoverned,1,0.05,1,allow
86.0,100.0,55.0,66.5,75.0,91.0,49.0,90.0,Guardian,supporter,B_ungoverned,1,0.6,0,allow
100.0,100.0,55.0,31.5,75.0,61.0,49.0,92.0,Scholar,gentle,B_ungoverned,1,0.05,1,allow
86.0,95.0,55.0,66.5,75.0,91.0,49.0,92.0,Healer,gentle,B_ungoverned,1,0.6,0,allow
100.0,100.0,55.0,95.5,75.0,97.0,49.0,84.0,Trickster,challenger,B_ungoverned,1,0.05,1,allow
93.0,47.0,15.0,35.0,75.0,61.0,49.0,34.0,Pioneer,explorer,B_ungoverned,1,0.6,0,allow
100.0,100.0,50.0,62.0,75.0,88.0,46.0,82.0,Guardian,supporter,B_ungoverned,1,0.05,1,allow
100.0,100.0,50.0,27.0,75.0,58.0,46.0,84.0,Scholar,gentle,B_ungoverned,1,0.05,1,allow
100.0,98.0,50.0,62.0,75.0,88.0,46.0,84.0,Healer,gentle,B_ungoverned,1,0.05,1,allow
93.0,100.0,50.0,91.0,75.0,94.0,96.0,76.0,Trickster,challenger,B_ungoverned,1,0.65,0,allow
86.0,50.0,50.0,30.5,75.0,58.0,46.0,26.0,Pioneer,explorer,B_ungoverned,1,0.9,0,allow
93.0,100.0,45.0,57.5,75.0,85.0,93.0,74.0,Guardian,supporter,B_ungoverned,1,0.65,0,allow
100.0,100.0,45.0,22.5,75.0,55.0,43.0,76.0,Scholar,gentle,B_ungoverned,1,0.05,1,allow
93.0,100.0,45.0,57.5,75.0,85.0,93.0,76.0,Healer,gentle,B_ungoverned,1,0.65,0,allow
86.0,100.0,85.0,86.5,75.0,91.0,93.0,68.0,Trickster,challenger,B_ungoverned,1,0.9,0,allow
100.0,53.0,45.0,26.0,75.0,55.0,43.0,18.0,Pioneer,explorer,B_ungoverned,1,0.05,1,allow
86.0,96.0,80.0,53.0,75.0,82.0,90.0,66.0,Guardian,supporter,B_ungoverned,1,0.9,0,allow
93.0,96.0,40.0,53.0,75.0,82.0,40.0,68.0,Scholar,gentle,B_ungoverned,1,0.6,0,allow
100.0,96.0,40.0,53.0,75.0,82.0,90.0,68.0,Healer,gentle,B_ungoverned,1,0.05,1,allow
100.0,96.0,80.0,82.0,75.0,88.0,90.0,60.0,Trickster,challenger,B_ungoverned,1,0.05,1,allow
100.0,49.0,40.0,21.5,75.0,52.0,40.0,10.0,Pioneer,explorer,B_ungoverned,1,0.05,1,allow
100.0,92.0,75.0,48.5,75.0,79.0,87.0,58.0,Guardian,supporter,B_ungoverned,1,0.05,1,allow
86.0,92.0,75.0,48.5,75.0,79.0,37.0,60.0,Scholar,gentle,B_ungoverned,1,0.9,0,allow
100.0,92.0,35.0,48.5,75.0,79.0,87.0,60.0,Healer,gentle,B_ungoverned,1,0.05,1,allow
93.0,92.0,75.0,100.0,75.0,100.0,87.0,52.0,Trickster,challenger,B_ungoverned,1,0.6,0,allow
93.0,45.0,35.0,17.0,75.0,49.0,37.0,72.0,Pioneer,explorer,B_ungoverned,1,0.6,0,allow
93.0,88.0,70.0,79.0,75.0,100.0,84.0,50.0,Guardian,supporter,B_ungoverned,1,0.6,0,allow
79.0,88.0,70.0,44.0,75.0,76.0,84.0,52.0,Scholar,gentle,B_ungoverned,1,0.65,0,allow
100.0,88.0,30.0,44.0,75.0,76.0,84.0,52.0,Healer,gentle,B_ungoverned,1,0.05,1,allow
86.0,88.0,70.0,95.5,75.0,97.0,84.0,100.0,Trickster,challenger,B_ungoverned,1,0.6,0,allow
100.0,41.0,30.0,12.5,75.0,46.0,34.0,64.0,Pioneer,explorer,B_ungoverned,1,0.05,1,allow
100.0,84.0,65.0,74.5,75.0,97.0,81.0,42.0,Guardian,supporter,B_ungoverned,1,0.05,1,allow
100.0,84.0,65.0,39.5,75.0,73.0,81.0,44.0,Scholar,gentle,B_ungoverned,1,0.05,1,allow
93.0,84.0,65.0,39.5,75.0,73.0,81.0,44.0,Healer,gentle,B_ungoverned,1,0.9,0,allow
79.0,78.0,65.0,91.0,75.0,94.0,81.0,92.0,Trickster,challenger,B_ungoverned,1,0.85,0,allow
100.0,37.0,25.0,8.0,75.0,43.0,31.0,56.0,Pioneer,explorer,B_ungoverned,1,0.05,1,allow
93.0,80.0,60.0,70.0,75.0,94.0,78.0,100.0,Guardian,supporter,B_ungoverned,1,0.6,0,allow
100.0,80.0,60.0,35.0,75.0,70.0,78.0,36.0,Scholar,gentle,B_ungoverned,1,0.05,1,allow
100.0,80.0,60.0,35.0,75.0,70.0,78.0,36.0,Healer,gentle,B_ungoverned,1,0.05,1,allow
100.0,74.0,60.0,86.5,75.0,91.0,78.0,84.0,Trickster,challenger,B_ungoverned,1,0.05,1,allow
100.0,33.0,20.0,3.5,75.0,40.0,28.0,48.0,Pioneer,explorer,B_ungoverned,1,0.05,1,allow
100.0,76.0,55.0,65.5,75.0,91.0,75.0,92.0,Guardian,supporter,B_ungoverned,1,0.05,1,allow
100.0,76.0,55.0,30.5,75.0,67.0,75.0,28.0,Scholar,gentle,B_ungoverned,1,0.05,1,allow
100.0,76.0,55.0,30.5,75.0,67.0,75.0,28.0,Healer,gentle,B_ungoverned,1,0.05,1,allow
100.0,70.0,55.0,82.0,75.0,88.0,75.0,76.0,Trickster,challenger,B_ungoverned,1,0.05,1,allow
93.0,29.0,15.0,35.0,75.0,67.0,25.0,40.0,Pioneer,explorer,B_ungoverned,1,0.6,0,allow
93.0,66.0,50.0,61.0,75.0,88.0,72.0,84.0,Guardian,supporter,B_ungoverned,1,0.85,0,allow
93.0,72.0,50.0,26.0,75.0,64.0,72.0,90.0,Scholar,gentle,B_ungoverned,1,0.6,0,allow
100.0,72.0,50.0,26.0,75.0,64.0,72.0,20.0,Healer,gentle,B_ungoverned,1,0.05,1,allow
93.0,60.0,50.0,77.5,75.0,85.0,72.0,68.0,Trickster,challenger,B_ungoverned,1,0.85,0,allow
100.0,25.0,10.0,30.5,75.0,64.0,22.0,32.0,Pioneer,explorer,B_ungoverned,1,0.05,1,allow
100.0,62.0,45.0,56.5,75.0,85.0,69.0,76.0,Guardian,supporter,B_ungoverned,1,0.05,1,allow
100.0,68.0,45.0,21.5,75.0,61.0,69.0,82.0,Scholar,gentle,B_ungoverned,1,0.05,1,allow
100.0,68.0,45.0,21.5,75.0,61.0,69.0,12.0,Healer,gentle,B_ungoverned,1,0.05,1,allow
100.0,56.0,45.0,73.0,75.0,82.0,69.0,60.0,Trickster,challenger,B_ungoverned,1,0.05,1,allow
100.0,21.0,5.0,26.0,75.0,61.0,19.0,24.0,Pioneer,explorer,B_ungoverned,1,0.05,1,allow
93.0,58.0,80.0,52.0,75.0,82.0,66.0,68.0,Guardian,supporter,B_ungoverned,1,0.9,0,allow
100.0,64.0,40.0,17.0,75.0,58.0,66.0,74.0,Scholar,gentle,B_ungoverned,1,0.05,1,allow
100.0,64.0,40.0,17.0,75.0,58.0,66.0,4.0,Healer,gentle,B_ungoverned,1,0.05,1,allow
100.0,52.0,40.0,68.5,75.0,79.0,66.0,52.0,Trickster,challenger,B_ungoverned,1,0.05,1,allow
100.0,17.0,0.0,21.5,75.0,58.0,16.0,16.0,Pioneer,explorer,B_ungoverned,1,0.05,1,allow
100.0,54.0,75.0,47.5,75.0,79.0,63.0,60.0,Guardian,supporter,B_ungoverned,1,0.05,1,allow
100.0,60.0,35.0,12.5,75.0,55.0,63.0,66.0,Scholar,gentle,B_ungoverned,1,0.05,1,allow
100.0,60.0,35.0,12.5,75.0,55.0,63.0,0.0,Healer,gentle,B_ungoverned,1,0.05,1,allow
93.0,48.0,75.0,64.0,75.0,76.0,63.0,44.0,Trickster,challenger,B_ungoverned,1,0.9,0,allow
100.0,13.0,0.0,17.0,75.0,55.0,13.0,8.0,Pioneer,explorer,B_ungoverned,1,0.05,1,allow
93.0,50.0,70.0,78.0,75.0,100.0,60.0,52.0,Guardian,supporter,B_ungoverned,1,0.6,0,allow
93.0,56.0,30.0,43.0,75.0,82.0,60.0,58.0,Scholar,gentle,B_ungoverned,1,0.6,0,allow
100.0,56.0,30.0,8.0,75.0,52.0,60.0,0.0,Healer,gentle,B_ungoverned,1,0.05,1,allow
100.0,44.0,70.0,59.5,75.0,73.0,60.0,36.0,Trickster,challenger,B_ungoverned,1,0.05,1,allow
93.0,9.0,40.0,12.5,75.0,52.0,10.0,0.0,Pioneer,explorer,B_ungoverned,1,0.9,0,allow
100.0,46.0,65.0,73.5,75.0,97.0,57.0,44.0,Guardian,supporter,B_ungoverned,1,0.05,1,allow
86.0,52.0,65.0,38.5,75.0,79.0,57.0,50.0,Scholar,gentle,B_ungoverned,1,0.9,0,allow
100.0,52.0,25.0,3.5,75.0,49.0,57.0,0.0,Healer,gentle,B_ungoverned,1,0.05,1,allow
100.0,40.0,65.0,55.0,75.0,70.0,57.0,28.0,Trickster,challenger,B_ungoverned,1,0.05,1,allow
100.0,5.0,35.0,8.0,75.0,49.0,7.0,0.0,Pioneer,explorer,B_ungoverned,1,0.05,1,allow
100.0,42.0,60.0,69.0,75.0,94.0,54.0,36.0,Guardian,supporter,B_ungoverned,1,0.05,1,allow
79.0,48.0,60.0,69.0,75.0,100.0,54.0,42.0,Scholar,gentle,B_ungoverned,1,0.6,0,allow
100.0,48.0,20.0,0.0,75.0,46.0,54.0,0.0,Healer,gentle,B_ungoverned,1,0.05,1,allow
93.0,36.0,60.0,50.5,75.0,67.0,54.0,90.0,Trickster,challenger,B_ungoverned,1,0.6,0,allow
100.0,1.0,30.0,3.5,75.0,46.0,4.0,0.0,Pioneer,explorer,B_ungoverned,1,0.05,1,allow
100.0,38.0,55.0,64.5,75.0,91.0,51.0,28.0,Guardian,supporter,B_ungoverned,1,0.05,1,allow
100.0,44.0,55.0,64.5,75.0,97.0,51.0,34.0,Scholar,gentle,B_ungoverned,1,0.05,1,allow
93.0,44.0,15.0,35.0,75.0,73.0,51.0,0.0,Healer,gentle,B_ungoverned,1,0.6,0,allow
100.0,32.0,55.0,46.0,75.0,64.0,51.0,82.0,Trickster,challenger,B_ungoverned,1,0.05,1,allow
100.0,0.0,25.0,0.0,75.0,43.0,1.0,0.0,Pioneer,explorer,B_ungoverned,1,0.05,1,allow
100.0,34.0,50.0,60.0,75.0,88.0,48.0,20.0,Guardian,supporter,B_ungoverned,1,0.05,1,allow
93.0,40.0,50.0,60.0,75.0,94.0,48.0,96.0,Scholar,gentle,B_ungoverned,1,0.6,0,allow
86.0,40.0,10.0,30.5,75.0,70.0,48.0,70.0,Healer,gentle,B_ungoverned,1,0.6,0,allow
100.0,28.0,50.0,41.5,75.0,61.0,48.0,74.0,Trickster,challenger,B_ungoverned,1,0.05,1,allow
100.0,0.0,20.0,0.0,75.0,40.0,0.0,0.0,Pioneer,explorer,B_ungoverned,1,0.05,1,allow
93.0,30.0,45.0,55.5,75.0,85.0,45.0,82.0,Guardian,supporter,B_ungoverned,1,0.6,0,allow
100.0,36.0,45.0,55.5,75.0,91.0,45.0,88.0,Scholar,gentle,B_ungoverned,1,0.05,1,allow
79.0,36.0,45.0,26.0,75.0,67.0,45.0,62.0,Healer,gentle,B_ungoverned,1,0.9,0,allow
100.0,24.0,45.0,37.0,75.0,58.0,45.0,66.0,Trickster,challenger,B_ungoverned,1,0.05,1,allow
93.0,60.0,15.0,0.0,75.0,37.0,0.0,0.0,Pioneer,explorer,B_ungoverned,1,0.7,0,allow
100.0,26.0,40.0,51.0,75.0,82.0,42.0,74.0,Guardian,supporter,B_ungoverned,1,0.05,1,allow
93.0,92.0,40.0,51.0,75.0,88.0,42.0,80.0,Scholar,gentle,B_ungoverned,1,0.7,0,allow
100.0,32.0,40.0,21.5,75.0,64.0,42.0,54.0,Healer,gentle,B_ungoverned,1,0.05,1,allow
100.0,20.0,40.0,32.5,75.0,55.0,42.0,58.0,Trickster,challenger,B_ungoverned,1,0.05,1,allow
86.0,56.0,10.0,35.0,75.0,64.0,0.0,0.0,Pioneer,explorer,B_ungoverned,1,0.6,0,allow
93.0,89.0,35.0,46.5,75.0,79.0,39.0,66.0,Guardian,supporter,B_ungoverned,1,0.7,0,allow
100.0,95.0,35.0,46.5,75.0,85.0,39.0,72.0,Scholar,gentle,B_ungoverned,1,0.05,1,allow
100.0,35.0,35.0,17.0,75.0,61.0,39.0,46.0,Healer,gentle,B_ungoverned,1,0.05,1,allow
100.0,23.0,35.0,28.0,75.0,52.0,39.0,50.0,Trickster,challenger,B_ungoverned,1,0.05,1,allow
100.0,59.0,5.0,30.5,75.0,61.0,0.0,0.0,Pioneer,explorer,B_ungoverned,1,0.05,1,allow
100.0,92.0,30.0,42.0,75.0,76.0,36.0,58.0,Guardian,supporter,B_ungoverned,1,0.05,1,allow
100.0,98.0,30.0,42.0,75.0,82.0,36.0,64.0,Scholar,gentle,B_ungoverned,1,0.05,1,allow
93.0,38.0,30.0,47.5,75.0,88.0,36.0,38.0,Healer,gentle,B_ungoverned,1,0.6,0,allow
93.0,26.0,30.0,58.5,75.0,79.0,36.0,42.0,Trickster,challenger,B_ungoverned,1,0.6,0,allow
93.0,62.0,40.0,26.0,75.0,58.0,0.0,0.0,Pioneer,explorer,B_ungoverned,1,0.9,0,allow
100.0,95.0,25.0,37.5,75.0,73.0,33.0,50.0,Guardian,supporter,B_ungoverned,1,0.05,1,allow
100.0,100.0,25.0,37.5,75.0,79.0,33.0,56.0,Scholar,gentle,B_ungoverned,1,0.05,1,allow
100.0,41.0,25.0,43.0,75.0,85.0,33.0,30.0,Healer,gentle,B_ungoverned,1,0.05,1,allow
100.0,29.0,25.0,54.0,75.0,76.0,33.0,34.0,Trickster,challenger,B_ungoverned,1,0.05,1,allow
86.0,65.0,35.0,21.5,75.0,55.0,50.0,0.0,Pioneer,explorer,B_ungoverned,1,0.65,0,allow
100.0,98.0,20.0,33.0,75.0,70.0,30.0,42.0,Guardian,supporter,B_ungoverned,1,0.05,1,allow
100.0,100.0,20.0,33.0,75.0,76.0,30.0,48.0,Scholar,gentle,B_ungoverned,1,0.05,1,allow
93.0,44.0,60.0,38.5,75.0,82.0,30.0,22.0,Healer,gentle,B_ungoverned,1,0.9,0,allow
93.0,32.0,60.0,49.5,75.0,73.0,30.0,26.0,Trickster,challenger,B_ungoverned,1,0.9,0,allow
79.0,68.0,30.0,17.0,75.0,52.0,47.0,70.0,Pioneer,explorer,B_ungoverned,1,0.6,0,allow
100.0,100.0,15.0,28.5,75.0,67.0,27.0,34.0,Guardian,supporter,B_ungoverned,1,0.05,1,allow
93.0,100.0,55.0,28.5,75.0,73.0,27.0,40.0,Scholar,gentle,B_ungoverned,1,0.9,0,allow
86.0,47.0,55.0,34.0,75.0,79.0,27.0,84.0,Healer,gentle,B_ungoverned,1,0.6,0,allow
100.0,35.0,55.0,45.0,75.0,70.0,27.0,18.0,Trickster,challenger,B_ungoverned,1,0.05,1,allow
72.0,71.0,25.0,47.5,75.0,79.0,44.0,62.0,Pioneer,explorer,B_ungoverned,1,0.6,0,allow
100.0,100.0,10.0,24.0,75.0,64.0,24.0,26.0,Guardian,supporter,B_ungoverned,1,0.05,1,allow
100.0,100.0,50.0,24.0,75.0,70.0,24.0,32.0,Scholar,gentle,B_ungoverned,1,0.05,1,allow
100.0,50.0,50.0,29.5,75.0,76.0,24.0,76.0,Healer,gentle,B_ungoverned,1,0.05,1,allow
93.0,38.0,50.0,40.5,75.0,67.0,24.0,80.0,Trickster,challenger,B_ungoverned,1,0.6,0,allow
100.0,74.0,20.0,43.0,75.0,76.0,41.0,54.0,Pioneer,explorer,B_ungoverned,1,0.05,1,allow
93.0,100.0,45.0,19.5,75.0,61.0,21.0,18.0,Guardian,supporter,B_ungoverned,1,0.9,0,allow
100.0,100.0,45.0,19.5,75.0,67.0,21.0,24.0,Scholar,gentle,B_ungoverned,1,0.05,1,allow
100.0,53.0,45.0,25.0,75.0,73.0,21.0,68.0,Healer,gentle,B_ungoverned,1,0.05,1,allow
100.0,41.0,45.0,36.0,75.0,64.0,21.0,72.0,Trickster,challenger,B_ungoverned,1,0.05,1,allow
93.0,77.0,55.0,38.5,75.0,73.0,38.0,46.0,Pioneer,explorer,B_ungoverned,1,0.9,0,allow
86.0,96.0,40.0,15.0,75.0,58.0,18.0,80.0,Guardian,supporter,B_ungoverned,1,0.6,0,allow
100.0,96.0,40.0,15.0,75.0,64.0,18.0,16.0,Scholar,gentle,B_ungoverned,1,0.05,1,allow
93.0,49.0,40.0,20.5,75.0,70.0,68.0,60.0,Healer,gentle,B_ungoverned,1,0.65,0,allow
100.0,37.0,40.0,31.5,75.0,61.0,18.0,64.0,Trickster,challenger,B_ungoverned,1,0.05,1,allow
86.0,73.0,50.0,69.0,75.0,100.0,35.0,38.0,Pioneer,explorer,B_ungoverned,1,0.6,0,allow
79.0,92.0,35.0,45.5,75.0,85.0,15.0,72.0,Guardian,supporter,B_ungoverned,1,0.6,0,allow
100.0,92.0,35.0,10.5,75.0,61.0,15.0,8.0,Scholar,gentle,B_ungoverned,1,0.05,1,allow
100.0,45.0,35.0,16.0,75.0,67.0,65.0,52.0,Healer,gentle,B_ungoverned,1,0.05,1,allow
93.0,33.0,35.0,27.0,75.0,58.0,65.0,56.0,Trickster,challenger,B_ungoverned,1,0.65,0,allow
100.0,69.0,45.0,64.5,75.0,97.0,32.0,30.0,Pioneer,explorer,B_ungoverned,1,0.05,1,allow
100.0,88.0,30.0,41.0,75.0,82.0,12.0,64.0,Guardian,supporter,B_ungoverned,1,0.05,1,allow
93.0,88.0,30.0,6.0,75.0,58.0,12.0,70.0,Scholar,gentle,B_ungoverned,1,0.6,0,allow
100.0,41.0,30.0,11.5,75.0,64.0,62.0,44.0,Healer,gentle,B_ungoverned,1,0.05,1,allow
100.0,29.0,30.0,22.5,75.0,55.0,62.0,48.0,Trickster,challenger,B_ungoverned,1,0.05,1,allow
100.0,65.0,40.0,60.0,75.0,94.0,29.0,22.0,Pioneer,explorer,B_ungoverned,1,0.05,1,allow
93.0,84.0,25.0,36.5,75.0,79.0,59.0,56.0,Guardian,supporter,B_ungoverned,1,0.65,0,allow
100.0,84.0,25.0,1.5,75.0,55.0,9.0,62.0,Scholar,gentle,B_ungoverned,1,0.05,1,allow
100.0,37.0,25.0,7.0,75.0,61.0,59.0,36.0,Healer,gentle,B_ungoverned,1,0.05,1,allow
93.0,25.0,25.0,53.0,75.0,82.0,59.0,40.0,Trickster,challenger,B_ungoverned,1,0.6,0,allow
100.0,61.0,35.0,55.5,75.0,91.0,26.0,14.0,Pioneer,explorer,B_ungoverned,1,0.05,1,allow
86.0,80.0,60.0,32.0,75.0,76.0,56.0,48.0,Guardian,supporter,B_ungoverned,1,0.9,0,allow
93.0,80.0,20.0,35.0,75.0,82.0,6.0,54.0,Scholar,gentle,B_ungoverned,1,0.6,0,allow
100.0,33.0,20.0,2.5,75.0,58.0,56.0,28.0,Healer,gentle,B_ungoverned,1,0.05,1,allow
86.0,21.0,60.0,48.5,75.0,79.0,56.0,32.0,Trickster,challenger,B_ungoverned,1,0.9,0,allow
100.0,57.0,30.0,51.0,75.0,88.0,23.0,6.0,Pioneer,explorer,B_ungoverned,1,0.05,1,allow
100.0,76.0,55.0,27.5,75.0,73.0,53.0,40.0,Guardian,supporter,B_ungoverned,1,0.05,1,allow
100.0,76.0,15.0,30.5,75.0,79.0,3.0,46.0,Scholar,gentle,B_ungoverned,1,0.05,1,allow
93.0,29.0,15.0,35.0,75.0,85.0,53.0,20.0,Healer,gentle,B_ungoverned,1,0.6,0,allow
79.0,77.0,55.0,44.0,75.0,76.0,53.0,24.0,Trickster,challenger,B_ungoverned,1,0.7,0,allow
100.0,53.0,25.0,46.5,75.0,85.0,20.0,0.0,Pioneer,explorer,B_ungoverned,1,0.05,1,allow
100.0,72.0,50.0,23.0,75.0,70.0,50.0,32.0,Guardian,supporter,B_ungoverned,1,0.05,1,allow
100.0,72.0,10.0,26.0,75.0,76.0,0.0,38.0,Scholar,gentle,B_ungoverned,1,0.05,1,allow
100.0,25.0,10.0,30.5,75.0,82.0,50.0,12.0,Healer,gentle,B_ungoverned,1,0.05,1,allow
72.0,73.0,50.0,39.5,75.0,73.0,50.0,86.0,Trickster,challenger,B_ungoverned,1,0.6,0,allow
100.0,49.0,20.0,42.0,75.0,82.0,17.0,0.0,Pioneer,explorer,B_ungoverned,1,0.05,1,allow
93.0,68.0,45.0,53.5,75.0,97.0,47.0,24.0,Guardian,supporter,B_ungoverned,1,0.6,0,allow
100.0,68.0,5.0,21.5,75.0,73.0,0.0,30.0,Scholar,gentle,B_ungoverned,1,0.05,1,allow
93.0,21.0,5.0,26.0,75.0,79.0,47.0,74.0,Healer,gentle,B_ungoverned,1,0.6,0,allow
100.0,69.0,45.0,35.0,75.0,70.0,47.0,78.0,Trickster,challenger,B_ungoverned,1,0.05,1,allow
100.0,45.0,15.0,37.5,75.0,79.0,14.0,0.0,Pioneer,explorer,B_ungoverned,1,0.05,1,allow
100.0,64.0,40.0,49.0,75.0,94.0,44.0,16.0,Guardian,supporter,B_ungoverned,1,0.05,1,allow
93.0,64.0,40.0,17.0,75.0,70.0,0.0,22.0,Scholar,gentle,B_ungoverned,1,0.9,0,allow
86.0,17.0,40.0,21.5,75.0,76.0,44.0,66.0,Healer,gentle,B_ungoverned,1,0.9,0,allow
100.0,65.0,40.0,30.5,75.0,67.0,44.0,70.0,Trickster,challenger,B_ungoverned,1,0.05,1,allow
100.0,41.0,10.0,33.0,75.0,76.0,11.0,0.0,Pioneer,explorer,B_ungoverned,1,0.05,1,allow
93.0,60.0,35.0,44.5,75.0,91.0,41.0,78.0,Guardian,supporter,B_ungoverned,1,0.6,0,allow
86.0,60.0,35.0,12.5,75.0,67.0,50.0,14.0,Scholar,gentle,B_ungoverned,1,0.65,0,allow
79.0,73.0,35.0,17.0,75.0,73.0,41.0,58.0,Healer,gentle,B_ungoverned,1,0.7,0,allow
100.0,61.0,35.0,26.0,75.0,64.0,41.0,62.0,Trickster,challenger,B_ungoverned,1,0.05,1,allow
100.0,37.0,5.0,28.5,75.0,73.0,8.0,0.0,Pioneer,explorer,B_ungoverned,1,0.05,1,allow
100.0,56.0,30.0,40.0,75.0,88.0,38.0,70.0,Guardian,supporter,B_ungoverned,1,0.05,1,allow
100.0,56.0,30.0,8.0,75.0,64.0,47.0,6.0,Scholar,gentle,B_ungoverned,1,0.05,1,allow
72.0,69.0,30.0,47.5,75.0,100.0,38.0,50.0,Healer,gentle,B_ungoverned,1,0.6,0,allow
93.0,57.0,30.0,56.5,75.0,91.0,38.0,54.0,Trickster,challenger,B_ungoverned,1,0.6,0,allow
100.0,33.0,0.0,24.0,75.0,70.0,5.0,0.0,Pioneer,explorer,B_ungoverned,1,0.05,1,allow
93.0,52.0,65.0,35.5,75.0,85.0,35.0,62.0,Guardian,supporter,B_ungoverned,1,0.9,0,allow
100.0,52.0,25.0,3.5,75.0,61.0,44.0,0.0,Scholar,gentle,B_ungoverned,1,0.05,1,allow
65.0,65.0,65.0,43.0,75.0,97.0,35.0,42.0,Healer,gentle,B_ungoverned,1,0.9,0,allow
100.0,53.0,25.0,52.0,75.0,88.0,35.0,46.0,Trickster,challenger,B_ungoverned,1,0.05,1,allow
93.0,29.0,40.0,19.5,75.0,67.0,2.0,0.0,Pioneer,explorer,B_ungoverned,1,0.9,0,allow
100.0,48.0,60.0,31.0,75.0,82.0,32.0,54.0,Guardian,supporter,B_ungoverned,1,0.05,1,allow
93.0,48.0,20.0,35.0,75.0,88.0,41.0,0.0,Scholar,gentle,B_ungoverned,1,0.6,0,allow
58.0,61.0,60.0,38.5,75.0,94.0,82.0,34.0,Healer,gentle,B_ungoverned,1,0.65,0,allow
100.0,49.0,20.0,47.5,75.0,85.0,32.0,38.0,Trickster,challenger,B_ungoverned,1,0.05,1,allow
86.0,25.0,35.0,15.0,75.0,64.0,50.0,0.0,Pioneer,explorer,B_ungoverned,1,0.65,0,allow
93.0,44.0,55.0,61.5,75.0,100.0,29.0,46.0,Guardian,supporter,B_ungoverned,1,0.6,0,allow
86.0,44.0,15.0,30.5,75.0,85.0,38.0,70.0,Scholar,gentle,B_ungoverned,1,0.6,0,allow
100.0,57.0,55.0,34.0,75.0,91.0,79.0,26.0,Healer,gentle,B_ungoverned,1,0.05,1,allow
93.0,45.0,55.0,43.0,75.0,82.0,29.0,30.0,Trickster,challenger,B_ungoverned,1,0.9,0,allow
100.0,21.0,30.0,10.5,75.0,61.0,47.0,0.0,Pioneer,explorer,B_ungoverned,1,0.05,1,allow
86.0,40.0,50.0,57.0,75.0,97.0,76.0,38.0,Guardian,supporter,B_ungoverned,1,0.65,0,allow
79.0,40.0,50.0,26.0,75.0,82.0,35.0,62.0,Scholar,gentle,B_ungoverned,1,0.9,0,allow
100.0,53.0,50.0,29.5,75.0,88.0,76.0,18.0,Healer,gentle,B_ungoverned,1,0.05,1,allow
86.0,41.0,50.0,38.5,75.0,79.0,26.0,92.0,Trickster,challenger,B_ungoverned,1,0.6,0,allow
93.0,17.0,25.0,6.0,75.0,58.0,44.0,70.0,Pioneer,explorer,B_ungoverned,1,0.6,0,allow
100.0,36.0,45.0,52.5,75.0,94.0,73.0,30.0,Guardian,supporter,B_ungoverned,1,0.05,1,allow
100.0,36.0,45.0,21.5,75.0,79.0,32.0,54.0,Scholar,gentle,B_ungoverned,1,0.05,1,allow
93.0,49.0,45.0,25.0,75.0,85.0,73.0,80.0,Healer,gentle,B_ungoverned,1,0.6,0,allow
79.0,37.0,45.0,34.0,75.0,76.0,73.0,84.0,Trickster,challenger,B_ungoverned,1,0.65,0,allow
86.0,13.0,20.0,36.5,75.0,85.0,41.0,62.0,Pioneer,explorer,B_ungoverned,1,0.6,0,allow
100.0,32.0,40.0,48.0,75.0,91.0,70.0,22.0,Guardian,supporter,B_ungoverned,1,0.05,1,allow
93.0,32.0,40.0,52.0,75.0,100.0,29.0,46.0,Scholar,gentle,B_ungoverned,1,0.6,0,allow
100.0,45.0,40.0,20.5,75.0,82.0,70.0,72.0,Healer,gentle,B_ungoverned,1,0.05,1,allow
72.0,33.0,40.0,64.5,75.0,100.0,70.0,76.0,Trickster,challenger,B_ungoverned,1,0.6,0,allow
100.0,9.0,15.0,32.0,75.0,82.0,38.0,54.0,Pioneer,explorer,B_ungoverned,1,0.05,1,allow
100.0,35.0,35.0,43.5,75.0,88.0,67.0,14.0,Guardian,supporter,B_ungoverned,1,0.05,1,allow
86.0,35.0,35.0,47.5,75.0,97.0,76.0,38.0,Scholar,gentle,B_ungoverned,1,0.65,0,allow
93.0,48.0,35.0,51.0,75.0,100.0,67.0,64.0,Healer,gentle,B_ungoverned,1,0.6,0,allow
100.0,36.0,35.0,60.0,75.0,97.0,67.0,68.0,Trickster,challenger,B_ungoverned,1,0.05,1,allow
93.0,12.0,50.0,27.5,75.0,79.0,35.0,46.0,Pioneer,explorer,B_ungoverned,1,0.9,0,allow
93.0,38.0,30.0,39.0,75.0,85.0,64.0,76.0,Guardian,supporter,B_ungoverned,0,0.6,0,allow
79.0,38.0,70.0,43.0,75.0,94.0,73.0,30.0,Scholar,gentle,B_ungoverned,0,0.9,0,allow
86.0,51.0,70.0,46.5,75.0,97.0,64.0,56.0,Healer,gentle,B_ungoverned,0,0.9,0,allow
93.0,39.0,70.0,55.5,75.0,94.0,64.0,60.0,Trickster,challenger,B_ungoverned,0,0.9,0,allow
100.0,15.0,45.0,23.0,75.0,76.0,32.0,38.0,Pioneer,explorer,B_ungoverned,0,0.05,1,allow
86.0,41.0,65.0,34.5,75.0,82.0,61.0,68.0,Guardian,supporter,B_ungoverned,0,0.9,0,allow
72.0,41.0,65.0,38.5,75.0,91.0,70.0,92.0,Scholar,gentle,B_ungoverned,0,0.6,0,allow
79.0,54.0,65.0,77.0,75.0,100.0,61.0,48.0,Healer,gentle,B_ungoverned,0,0.6,0,allow
100.0,42.0,65.0,51.0,75.0,91.0,61.0,52.0,Trickster,challenger,B_ungoverned,0,0.05,1,allow
100.0,18.0,40.0,18.5,75.0,73.0,29.0,30.0,Pioneer,explorer,B_ungoverned,0,0.05,1,allow
100.0,44.0,60.0,30.0,75.0,79.0,58.0,60.0,Guardian,supporter,B_ungoverned,0,0.05,1,allow
100.0,44.0,60.0,34.0,75.0,88.0,67.0,84.0,Scholar,gentle,B_ungoverned,0,0.05,1,allow
72.0,57.0,60.0,72.5,75.0,97.0,58.0,100.0,Healer,gentle,B_ungoverned,0,0.6,0,allow
100.0,45.0,60.0,46.5,75.0,88.0,58.0,44.0,Trickster,challenger,B_ungoverned,0,0.05,1,allow
93.0,21.0,35.0,49.0,75.0,100.0,26.0,22.0,Pioneer,explorer,B_ungoverned,0,0.6,0,allow
100.0,47.0,55.0,25.5,75.0,76.0,55.0,52.0,Guardian,supporter,B_ungoverned,0,0.05,1,allow
93.0,47.0,55.0,64.5,75.0,100.0,64.0,76.0,Scholar,gentle,B_ungoverned,0,0.6,0,allow
65.0,60.0,55.0,100.0,75.0,100.0,55.0,92.0,Healer,gentle,B_ungoverned,0,0.6,0,allow
93.0,48.0,55.0,42.0,75.0,85.0,55.0,100.0,Trickster,challenger,B_ungoverned,0,0.6,0,allow
100.0,24.0,30.0,44.5,75.0,97.0,23.0,14.0,Pioneer,explorer,B_ungoverned,0,0.05,1,allow
100.0,50.0,50.0,21.0,75.0,73.0,52.0,44.0,Guardian,supporter,B_ungoverned,0,0.05,1,allow
86.0,50.0,50.0,95.0,75.0,100.0,61.0,68.0,Scholar,gentle,B_ungoverned,0,0.6,0,allow
58.0,63.0,50.0,100.0,75.0,100.0,52.0,84.0,Healer,gentle,B_ungoverned,0,0.6,0,allow
100.0,51.0,50.0,37.5,75.0,82.0,52.0,92.0,Trickster,challenger,B_ungoverned,0,0.05,1,allow
100.0,27.0,25.0,40.0,75.0,94.0,20.0,6.0,Pioneer,explorer,B_ungoverned,0,0.05,1,allow
100.0,53.0,45.0,16.5,75.0,70.0,49.0,36.0,Guardian,supporter,B_ungoverned,0,0.05,1,allow
79.0,53.0,85.0,90.5,75.0,97.0,58.0,60.0,Scholar,gentle,B_ungoverned,0,0.9,0,allow
100.0,66.0,45.0,95.5,75.0,97.0,49.0,76.0,Healer,gentle,B_ungoverned,0,0.7,0,allow
100.0,54.0,45.0,33.0,75.0,79.0,49.0,84.0,Trickster,challenger,B_ungoverned,0,0.05,1,allow
100.0,30.0,20.0,35.5,75.0,91.0,17.0,0.0,Pioneer,explorer,B_ungoverned,0,0.05,1,allow
93.0,49.0,40.0,47.0,75.0,97.0,46.0,28.0,Guardian,supporter,B_ungoverned,0,0.6,0,allow
72.0,100.0,80.0,86.0,75.0,94.0,55.0,52.0,Scholar,gentle,B_ungoverned,0,0.7,0,allow
93.0,62.0,80.0,91.0,75.0,94.0,46.0,68.0,Healer,gentle,B_ungoverned,0,0.9,0,allow
100.0,50.0,40.0,28.5,75.0,76.0,46.0,76.0,Trickster,challenger,B_ungoverned,0,0.05,1,allow
100.0,26.0,15.0,31.0,75.0,88.0,14.0,0.0,Pioneer,explorer,B_ungoverned,0,0.05,1,allow
86.0,45.0,35.0,42.5,75.0,94.0,43.0,90.0,Guardian,supporter,B_ungoverned,0,0.6,0,allow
100.0,96.0,75.0,81.5,75.0,91.0,52.0,44.0,Scholar,gentle,B_ungoverned,0,0.05,1,allow
86.0,58.0,75.0,86.5,75.0,91.0,93.0,60.0,Healer,gentle,B_ungoverned,0,0.65,0,allow
100.0,46.0,35.0,24.0,75.0,73.0,43.0,68.0,Trickster,challenger,B_ungoverned,0,0.05,1,allow
93.0,22.0,10.0,26.5,75.0,85.0,11.0,70.0,Pioneer,explorer,B_ungoverned,0,0.6,0,allow
100.0,41.0,30.0,38.0,75.0,91.0,40.0,82.0,Guardian,supporter,B_ungoverned,0,0.05,1,allow
100.0,92.0,70.0,77.0,75.0,88.0,49.0,36.0,Scholar,gentle,B_ungoverned,0,0.05,1,allow
79.0,48.0,70.0,82.0,75.0,88.0,90.0,52.0,Healer,gentle,B_ungoverned,0,0.85,0,allow
93.0,42.0,30.0,54.5,75.0,100.0,40.0,60.0,Trickster,challenger,B_ungoverned,0,0.6,0,allow
86.0,18.0,45.0,22.0,75.0,82.0,8.0,62.0,Pioneer,explorer,B_ungoverned,0,0.9,0,allow
100.0,37.0,25.0,33.5,75.0,88.0,37.0,74.0,Guardian,supporter,B_ungoverned,0,0.05,1,allow
100.0,88.0,65.0,72.5,75.0,85.0,46.0,28.0,Scholar,gentle,B_ungoverned,0,0.05,1,allow
72.0,100.0,65.0,77.5,75.0,85.0,87.0,44.0,Healer,gentle,B_ungoverned,0,0.7,0,allow
100.0,38.0,25.0,50.0,75.0,97.0,37.0,52.0,Trickster,challenger,B_ungoverned,0,0.05,1,allow
79.0,14.0,40.0,17.5,75.0,79.0,55.0,54.0,Pioneer,explorer,B_ungoverned,0,0.65,0,allow
100.0,33.0,20.0,29.0,75.0,85.0,34.0,66.0,Guardian,supporter,B_ungoverned,0,0.05,1,allow
93.0,84.0,60.0,68.0,75.0,82.0,43.0,90.0,Scholar,gentle,B_ungoverned,0,0.6,0,allow
65.0,96.0,60.0,73.0,75.0,82.0,84.0,100.0,Healer,gentle,B_ungoverned,0,0.6,0,allow
100.0,34.0,20.0,45.5,75.0,94.0,34.0,44.0,Trickster,challenger,B_ungoverned,0,0.05,1,allow
72.0,70.0,35.0,13.0,75.0,76.0,52.0,46.0,Pioneer,explorer,B_ungoverned,0,0.7,0,allow
100.0,29.0,15.0,24.5,75.0,82.0,31.0,58.0,Guardian,supporter,B_ungoverned,0,0.05,1,allow
100.0,80.0,55.0,63.5,75.0,79.0,40.0,82.0,Scholar,gentle,B_ungoverned,0,0.05,1,allow
58.0,86.0,55.0,68.5,75.0,79.0,81.0,92.0,Healer,gentle,B_ungoverned,0,0.85,0,allow
93.0,30.0,55.0,41.0,75.0,91.0,31.0,36.0,Trickster,challenger,B_ungoverned,0,0.9,0,allow
100.0,66.0,30.0,8.5,75.0,73.0,49.0,38.0,Pioneer,explorer,B_ungoverned,0,0.05,1,allow
100.0,25.0,10.0,20.0,75.0,79.0,28.0,50.0,Guardian,supporter,B_ungoverned,0,0.05,1,allow
100.0,76.0,50.0,59.0,75.0,76.0,37.0,74.0,Scholar,gentle,B_ungoverned,0,0.05,1,allow
100.0,82.0,50.0,64.0,75.0,76.0,78.0,84.0,Healer,gentle,B_ungoverned,0,0.7,0,allow
86.0,86.0,50.0,36.5,75.0,88.0,28.0,28.0,Trickster,challenger,B_ungoverned,0,0.7,0,allow
93.0,62.0,25.0,39.0,75.0,100.0,46.0,30.0,Pioneer,explorer,B_ungoverned,0,0.6,0,allow
93.0,21.0,45.0,15.5,75.0,76.0,25.0,42.0,Guardian,supporter,B_ungoverned,0,0.9,0,allow
100.0,72.0,45.0,54.5,75.0,73.0,34.0,66.0,Scholar,gentle,B_ungoverned,0,0.05,1,allow
93.0,78.0,85.0,59.5,75.0,73.0,75.0,76.0,Healer,gentle,B_ungoverned,0,0.9,0,allow
79.0,82.0,45.0,32.0,75.0,85.0,25.0,90.0,Trickster,challenger,B_ungoverned,0,0.6,0,allow
86.0,58.0,60.0,34.5,75.0,97.0,43.0,22.0,Pioneer,explorer,B_ungoverned,0,0.9,0,allow
100.0,17.0,40.0,11.0,75.0,73.0,22.0,34.0,Guardian,supporter,B_ungoverned,0,0.05,1,allow
100.0,68.0,40.0,50.0,75.0,70.0,31.0,58.0,Scholar,gentle,B_ungoverned,0,0.05,1,allow
86.0,68.0,80.0,55.0,75.0,70.0,72.0,68.0,Healer,gentle,B_ungoverned,0,0.85,0,allow
100.0,78.0,40.0,27.5,75.0,82.0,22.0,82.0,Trickster,challenger,B_ungoverned,0,0.05,1,allow
100.0,54.0,55.0,30.0,75.0,94.0,40.0,14.0,Pioneer,explorer,B_ungoverned,0,0.05,1,allow
100.0,13.0,35.0,6.5,75.0,70.0,19.0,26.0,Guardian,supporter,B_ungoverned,0,0.05,1,allow
93.0,64.0,35.0,45.5,75.0,67.0,78.0,50.0,Scholar,gentle,B_ungoverned,0,0.65,0,allow
79.0,58.0,75.0,50.5,75.0,67.0,69.0,60.0,Healer,gentle,B_ungoverned,0,0.85,0,allow
93.0,74.0,35.0,23.0,75.0,79.0,69.0,74.0,Trickster,challenger,B_ungoverned,0,0.65,0,allow
93.0,50.0,50.0,25.5,75.0,91.0,37.0,76.0,Pioneer,explorer,B_ungoverned,0,0.6,0,allow
100.0,9.0,30.0,2.0,75.0,67.0,16.0,18.0,Guardian,supporter,B_ungoverned,0,0.05,1,allow
100.0,60.0,30.0,41.0,75.0,64.0,75.0,42.0,Scholar,gentle,B_ungoverned,0,0.05,1,allow
72.0,54.0,70.0,81.0,75.0,94.0,66.0,52.0,Healer,gentle,B_ungoverned,0,0.6,0,allow
100.0,70.0,30.0,18.5,75.0,76.0,66.0,66.0,Trickster,challenger,B_ungoverned,0,0.05,1,allow
86.0,46.0,45.0,56.0,75.0,100.0,34.0,68.0,Pioneer,explorer,B_ungoverned,0,0.6,0,allow
93.0,5.0,25.0,35.0,75.0,94.0,13.0,10.0,Guardian,supporter,B_ungoverned,0,0.6,0,allow
93.0,56.0,65.0,36.5,75.0,61.0,72.0,34.0,Scholar,gentle,B_ungoverned,0,0.9,0,allow
65.0,50.0,65.0,76.5,75.0,91.0,63.0,100.0,Healer,gentle,B_ungoverned,0,0.6,0,allow
100.0,66.0,25.0,14.0,75.0,73.0,63.0,58.0,Trickster,challenger,B_ungoverned,0,0.05,1,allow
79.0,42.0,40.0,51.5,75.0,97.0,81.0,60.0,Pioneer,explorer,B_ungoverned,0,0.65,0,allow
86.0,61.0,20.0,30.5,75.0,91.0,10.0,2.0,Guardian,supporter,B_ungoverned,0,0.7,0,allow
86.0,52.0,60.0,32.0,75.0,58.0,69.0,96.0,Scholar,gentle,B_ungoverned,0,0.6,0,allow
58.0,100.0,60.0,72.0,75.0,88.0,60.0,92.0,Healer,gentle,B_ungoverned,0,0.7,0,allow
100.0,62.0,20.0,9.5,75.0,70.0,60.0,50.0,Trickster,challenger,B_ungoverned,0,0.05,1,allow
100.0,38.0,35.0,47.0,75.0,94.0,78.0,52.0,Pioneer,explorer,B_ungoverned,0,0.05,1,allow
100.0,57.0,15.0,26.0,75.0,88.0,7.0,0.0,Guardian,supporter,B_ungoverned,0,0.05,1,allow
100.0,48.0,55.0,27.5,75.0,55.0,66.0,88.0,Scholar,gentle,B_ungoverned,0,0.05,1,allow
100.0,96.0,55.0,67.5,75.0,85.0,57.0,84.0,Healer,gentle,B_ungoverned,0,0.7,0,allow
100.0,58.0,15.0,5.0,75.0,67.0,57.0,42.0,Trickster,challenger,B_ungoverned,0,0.05,1,allow
100.0,34.0,30.0,42.5,75.0,91.0,75.0,44.0,Pioneer,explorer,B_ungoverned,0,0.05,1,allow
100.0,53.0,10.0,21.5,75.0,85.0,4.0,0.0,Guardian,supporter,B_ungoverned,0,0.05,1,allow
100.0,44.0,50.0,23.0,75.0,52.0,63.0,80.0,Scholar,gentle,B_ungoverned,0,0.05,1,allow
93.0,92.0,50.0,98.0,75.0,100.0,54.0,76.0,Healer,gentle,B_ungoverned,0,0.6,0,allow
93.0,54.0,10.0,35.5,75.0,94.0,54.0,34.0,Trickster,challenger,B_ungoverned,0,0.6,0,allow
93.0,30.0,65.0,38.0,75.0,88.0,72.0,36.0,Pioneer,explorer,B_ungoverned,0,0.9,0,allow
93.0,49.0,5.0,17.0,75.0,82.0,1.0,70.0,Guardian,supporter,B_ungoverned,0,0.6,0,allow
93.0,40.0,45.0,53.5,75.0,79.0,60.0,72.0,Scholar,gentle,B_ungoverned,0,0.6,0,allow
86.0,88.0,85.0,93.5,75.0,97.0,51.0,68.0,Healer,gentle,B_ungoverned,0,0.9,0,allow
100.0,50.0,5.0,31.0,75.0,91.0,51.0,26.0,Trickster,challenger,B_ungoverned,0,0.05,1,allow
86.0,86.0,60.0,33.5,75.0,85.0,69.0,28.0,Pioneer,explorer,B_ungoverned,0,0.7,0,allow
86.0,45.0,40.0,12.5,75.0,79.0,0.0,62.0,Guardian,supporter,B_ungoverned,0,0.9,0,allow
86.0,96.0,40.0,49.0,75.0,76.0,57.0,64.0,Scholar,gentle,B_ungoverned,0,0.7,0,allow
79.0,84.0,80.0,89.0,75.0,94.0,98.0,60.0,Healer,gentle,B_ungoverned,0,0.65,0,allow
100.0,46.0,0.0,26.5,75.0,88.0,48.0,18.0,Trickster,challenger,B_ungoverned,0,0.05,1,allow
79.0,82.0,55.0,29.0,75.0,82.0,66.0,90.0,Pioneer,explorer,B_ungoverned,0,0.6,0,allow
100.0,48.0,35.0,8.0,75.0,76.0,0.0,54.0,Guardian,supporter,B_ungoverned,0,0.05,1,allow
79.0,99.0,75.0,44.5,75.0,73.0,54.0,56.0,Scholar,gentle,B_ungoverned,0,0.9,0,allow
72.0,87.0,75.0,100.0,75.0,100.0,95.0,52.0,Healer,gentle,B_ungoverned,0,0.6,0,allow
100.0,49.0,0.0,22.0,75.0,85.0,45.0,10.0,Trickster,challenger,B_ungoverned,0,0.05,1,allow
72.0,85.0,50.0,59.5,75.0,100.0,63.0,82.0,Pioneer,explorer,B_ungoverned,0,0.6,0,allow
93.0,51.0,30.0,3.5,75.0,73.0,50.0,46.0,Guardian,supporter,B_ungoverned,0,0.65,0,allow
72.0,100.0,70.0,75.0,75.0,100.0,51.0,48.0,Scholar,gentle,B_ungoverned,0,0.6,0,allow
65.0,90.0,70.0,95.5,75.0,97.0,92.0,100.0,Healer,gentle,B_ungoverned,0,0.6,0,allow
100.0,52.0,0.0,17.5,75.0,82.0,42.0,2.0,Trickster,challenger,B_ungoverned,0,0.05,1,allow
100.0,88.0,45.0,55.0,75.0,97.0,60.0,74.0,Pioneer,explorer,B_ungoverned,0,0.05,1,allow
100.0,54.0,25.0,0.0,75.0,70.0,47.0,38.0,Guardian,supporter,B_ungoverned,0,0.05,1,allow
65.0,100.0,65.0,70.5,75.0,97.0,48.0,100.0,Scholar,gentle,B_ungoverned,0,0.6,0,allow
58.0,93.0,65.0,100.0,75.0,100.0,89.0,92.0,Healer,gentle,B_ungoverned,0,0.6,0,allow
93.0,55.0,40.0,13.0,75.0,79.0,39.0,0.0,Trickster,challenger,B_ungoverned,0,0.9,0,allow
100.0,91.0,40.0,50.5,75.0,94.0,57.0,66.0,Pioneer,explorer,B_ungoverned,0,0.05,1,allow
100.0,57.0,20.0,0.0,75.0,67.0,44.0,30.0,Guardian,supporter,B_ungoverned,0,0.05,1,allow
58.0,100.0,60.0,66.0,75.0,94.0,95.0,92.0,Scholar,gentle,B_ungoverned,0,0.65,0,allow
100.0,96.0,60.0,95.5,75.0,97.0,86.0,84.0,Healer,gentle,B_ungoverned,0,0.7,0,allow
86.0,58.0,35.0,8.5,75.0,76.0,36.0,70.0,Trickster,challenger,B_ungoverned,0,0.6,0,allow
100.0,94.0,35.0,46.0,75.0,91.0,54.0,58.0,Pioneer,explorer,B_ungoverned,0,0.05,1,allow
100.0,60.0,15.0,0.0,75.0,64.0,41.0,22.0,Guardian,supporter,B_ungoverned,0,0.05,1,allow
100.0,100.0,55.0,61.5,75.0,91.0,92.0,84.0,Scholar,gentle,B_ungoverned,0,0.7,0,allow
100.0,99.0,55.0,91.0,75.0,94.0,83.0,76.0,Healer,gentle,B_ungoverned,0,0.05,1,allow
100.0,61.0,30.0,4.0,75.0,73.0,33.0,62.0,Trickster,challenger,B_ungoverned,0,0.05,1,allow
100.0,97.0,30.0,41.5,75.0,88.0,51.0,50.0,Pioneer,explorer,B_ungoverned,0,0.05,1,allow
93.0,63.0,10.0,35.0,75.0,91.0,38.0,14.0,Guardian,supporter,B_ungoverned,0,0.6,0,allow
100.0,100.0,50.0,57.0,75.0,88.0,89.0,76.0,Scholar,gentle,B_ungoverned,0,0.05,1,allow
100.0,100.0,50.0,86.5,75.0,91.0,80.0,68.0,Healer,gentle,B_ungoverned,0,0.05,1,allow
93.0,64.0,25.0,35.0,75.0,100.0,30.0,54.0,Trickster,challenger,B_ungoverned,0,0.6,0,allow
100.0,100.0,25.0,37.0,75.0,85.0,48.0,42.0,Pioneer,explorer,B_ungoverned,0,0.05,1,allow
86.0,66.0,45.0,30.5,75.0,88.0,35.0,6.0,Guardian,supporter,B_ungoverned,0,0.9,0,allow
93.0,100.0,85.0,52.5,75.0,85.0,86.0,68.0,Scholar,gentle,B_ungoverned,0,0.9,0,allow
100.0,100.0,45.0,82.0,75.0,88.0,77.0,60.0,Healer,gentle,B_ungoverned,0,0.05,1,allow
86.0,67.0,60.0,30.5,75.0,97.0,27.0,46.0,Trickster,challenger,B_ungoverned,0,0.9,0,allow
93.0,100.0,60.0,32.5,75.0,82.0,45.0,34.0,Pioneer,explorer,B_ungoverned,0,0.9,0,allow
79.0,62.0,40.0,26.0,75.0,85.0,32.0,70.0,Guardian,supporter,B_ungoverned,0,0.6,0,allow
86.0,96.0,80.0,83.0,75.0,100.0,83.0,60.0,Scholar,gentle,B_ungoverned,0,0.6,0,allow
100.0,96.0,40.0,77.5,75.0,85.0,74.0,52.0,Healer,gentle,B_ungoverned,0,0.05,1,allow
100.0,63.0,55.0,26.0,75.0,94.0,24.0,38.0,Trickster,challenger,B_ungoverned,0,0.05,1,allow
100.0,96.0,55.0,28.0,75.0,79.0,42.0,26.0,Pioneer,explorer,B_ungoverned,0,0.05,1,allow
100.0,58.0,35.0,21.5,75.0,82.0,29.0,62.0,Guardian,supporter,B_ungoverned,0,0.05,1,allow
100.0,92.0,75.0,78.5,75.0,97.0,80.0,52.0,Scholar,gentle,B_ungoverned,0,0.05,1,allow
100.0,92.0,35.0,73.0,75.0,82.0,71.0,44.0,Healer,gentle,B_ungoverned,0,0.05,1,allow
100.0,59.0,50.0,21.5,75.0,91.0,21.0,30.0,Trickster,challenger,B_ungoverned,0,0.05,1,allow
100.0,92.0,50.0,23.5,75.0,76.0,39.0,18.0,Pioneer,explorer,B_ungoverned,0,0.05,1,allow
100.0,54.0,30.0,17.0,75.0,79.0,26.0,54.0,Guardian,supporter,B_ungoverned,0,0.05,1,allow
100.0,88.0,70.0,74.0,75.0,94.0,77.0,44.0,Scholar,gentle,B_ungoverned,0,0.05,1,allow
100.0,88.0,30.0,68.5,75.0,79.0,68.0,36.0,Healer,gentle,B_ungoverned,0,0.05,1,allow
100.0,55.0,45.0,17.0,75.0,88.0,18.0,22.0,Trickster,challenger,B_ungoverned,0,0.05,1,allow
100.0,88.0,45.0,19.0,75.0,73.0,36.0,10.0,Pioneer,explorer,B_ungoverned,0,0.05,1,allow
100.0,50.0,25.0,12.5,75.0,76.0,23.0,46.0,Guardian,supporter,B_ungoverned,0,0.05,1,allow
93.0,84.0,65.0,69.5,75.0,91.0,74.0,100.0,Scholar,gentle,B_ungoverned,0,0.6,0,allow
93.0,84.0,65.0,64.0,75.0,76.0,65.0,28.0,Healer,gentle,B_ungoverned,0,0.9,0,allow
100.0,51.0,40.0,12.5,75.0,85.0,15.0,14.0,Trickster,challenger,B_ungoverned,0,0.05,1,allow
100.0,84.0,40.0,14.5,75.0,70.0,33.0,2.0,Pioneer,explorer,B_ungoverned,0,0.05,1,allow
93.0,46.0,20.0,43.0,75.0,100.0,20.0,38.0,Guardian,supporter,B_ungoverned,0,0.6,0,allow
86.0,74.0,60.0,65.0,75.0,88.0,71.0,92.0,Scholar,gentle,B_ungoverned,0,0.85,0,allow
100.0,80.0,60.0,59.5,75.0,73.0,62.0,20.0,Healer,gentle,B_ungoverned,0,0.05,1,allow
100.0,47.0,35.0,8.0,75.0,82.0,12.0,6.0,Trickster,challenger,B_ungoverned,0,0.05,1,allow
100.0,80.0,35.0,10.0,75.0,67.0,30.0,0.0,Pioneer,explorer,B_ungoverned,0,0.05,1,allow
86.0,42.0,55.0,38.5,75.0,97.0,17.0,30.0,Guardian,supporter,B_ungoverned,0,0.9,0,allow
100.0,70.0,55.0,60.5,75.0,85.0,68.0,84.0,Scholar,gentle,B_ungoverned,0,0.05,1,allow
100.0,76.0,55.0,55.0,75.0,70.0,59.0,12.0,Healer,gentle,B_ungoverned,0,0.05,1,allow
100.0,43.0,30.0,3.5,75.0,79.0,9.0,0.0,Trickster,challenger,B_ungoverned,0,0.05,1,allow
100.0,76.0,30.0,5.5,75.0,64.0,27.0,0.0,Pioneer,explorer,B_ungoverned,0,0.05,1,allow
100.0,38.0,50.0,34.0,75.0,94.0,14.0,22.0,Guardian,supporter,B_ungoverned,0,0.05,1,allow
93.0,60.0,50.0,56.0,75.0,82.0,65.0,76.0,Scholar,gentle,B_ungoverned,0,0.85,0,allow
100.0,72.0,50.0,50.5,75.0,67.0,56.0,4.0,Healer,gentle,B_ungoverned,0,0.05,1,allow
93.0,39.0,25.0,35.0,75.0,100.0,6.0,0.0,Trickster,challenger,B_ungoverned,0,0.6,0,allow
93.0,72.0,25.0,1.0,75.0,61.0,24.0,70.0,Pioneer,explorer,B_ungoverned,0,0.6,0,allow
100.0,34.0,45.0,29.5,75.0,91.0,11.0,14.0,Guardian,supporter,B_ungoverned,0,0.05,1,allow
100.0,56.0,45.0,51.5,75.0,79.0,62.0,68.0,Scholar,gentle,B_ungoverned,0,0.05,1,allow
100.0,68.0,45.0,46.0,75.0,64.0,53.0,0.0,Healer,gentle,B_ungoverned,0,0.05,1,allow
86.0,35.0,20.0,30.5,75.0,97.0,3.0,70.0,Trickster,challenger,B_ungoverned,0,0.6,0,allow
100.0,68.0,20.0,0.0,75.0,58.0,21.0,62.0,Pioneer,explorer,B_ungoverned,0,0.05,1,allow
93.0,30.0,40.0,25.0,75.0,88.0,8.0,76.0,Guardian,supporter,B_ungoverned,0,0.6,0,allow
100.0,52.0,40.0,47.0,75.0,76.0,59.0,60.0,Scholar,gentle,B_ungoverned,0,0.05,1,allow
100.0,64.0,40.0,41.5,75.0,61.0,50.0,0.0,Healer,gentle,B_ungoverned,0,0.05,1,allow
100.0,31.0,15.0,26.0,75.0,94.0,0.0,62.0,Trickster,challenger,B_ungoverned,0,0.05,1,allow
93.0,64.0,15.0,35.0,75.0,85.0,18.0,54.0,Pioneer,explorer,B_ungoverned,0,0.6,0,allow
86.0,26.0,35.0,20.5,75.0,85.0,55.0,68.0,Guardian,supporter,B_ungoverned,0,0.65,0,allow
100.0,48.0,35.0,42.5,75.0,73.0,56.0,52.0,Scholar,gentle,B_ungoverned,0,0.05,1,allow
93.0,60.0,35.0,37.0,75.0,58.0,47.0,70.0,Healer,gentle,B_ungoverned,0,0.6,0,allow
100.0,27.0,10.0,21.5,75.0,91.0,0.0,54.0,Trickster,challenger,B_ungoverned,0,0.05,1,allow
100.0,60.0,10.0,30.5,75.0,82.0,15.0,46.0,Pioneer,explorer,B_ungoverned,0,0.05,1,allow
79.0,22.0,30.0,51.0,75.0,100.0,52.0,60.0,Guardian,supporter,B_ungoverned,0,0.6,0,allow
93.0,44.0,70.0,38.0,75.0,70.0,53.0,44.0,Scholar,gentle,B_ungoverned,0,0.9,0,allow
86.0,56.0,70.0,32.5,75.0,55.0,44.0,62.0,Healer,gentle,B_ungoverned,0,0.9,0,allow
100.0,23.0,5.0,17.0,75.0,88.0,0.0,46.0,Trickster,challenger,B_ungoverned,0,0.05,1,allow
93.0,56.0,45.0,26.0,75.0,79.0,12.0,38.0,Pioneer,explorer,B_ungoverned,0,0.9,0,allow
72.0,78.0,25.0,46.5,75.0,97.0,49.0,52.0,Guardian,supporter,B_ungoverned,0,0.7,0,allow
100.0,40.0,65.0,33.5,75.0,67.0,50.0,36.0,Scholar,gentle,B_ungoverned,0,0.05,1,allow
100.0,52.0,65.0,28.0,75.0,52.0,41.0,54.0,Healer,gentle,B_ungoverned,0,0.05,1,allow
93.0,19.0,40.0,12.5,75.0,85.0,0.0,38.0,Trickster,challenger,B_ungoverned,0,0.9,0,allow
86.0,52.0,40.0,21.5,75.0,76.0,59.0,30.0,Pioneer,explorer,B_ungoverned,0,0.65,0,allow
100.0,74.0,20.0,42.0,75.0,94.0,46.0,44.0,Guardian,supporter,B_ungoverned,0,0.05,1,allow
100.0,36.0,60.0,29.0,75.0,64.0,47.0,28.0,Scholar,gentle,B_ungoverned,0,0.05,1,allow
93.0,48.0,60.0,58.5,75.0,79.0,38.0,46.0,Healer,gentle,B_ungoverned,0,0.6,0,allow
86.0,15.0,35.0,8.0,75.0,82.0,50.0,30.0,Trickster,challenger,B_ungoverned,0,0.65,0,allow
100.0,48.0,35.0,17.0,75.0,73.0,56.0,22.0,Pioneer,explorer,B_ungoverned,0,0.05,1,allow
100.0,70.0,15.0,37.5,75.0,91.0,43.0,36.0,Guardian,supporter,B_ungoverned,0,0.05,1,allow
93.0,32.0,55.0,24.5,75.0,61.0,44.0,90.0,Scholar,gentle,B_ungoverned,0,0.6,0,allow
86.0,44.0,55.0,54.0,75.0,76.0,85.0,38.0,Healer,gentle,B_ungoverned,0,0.65,0,allow
100.0,11.0,30.0,3.5,75.0,79.0,47.0,22.0,Trickster,challenger,B_ungoverned,0,0.05,1,allow
100.0,44.0,30.0,12.5,75.0,70.0,53.0,14.0,Pioneer,explorer,B_ungoverned,0,0.05,1,allow
100.0,66.0,10.0,33.0,75.0,88.0,40.0,28.0,Guardian,supporter,B_ungoverned,0,0.05,1,allow
86.0,28.0,50.0,55.0,75.0,88.0,41.0,82.0,Scholar,gentle,B_ungoverned,0,0.6,0,allow
100.0,40.0,50.0,49.5,75.0,73.0,82.0,30.0,Healer,gentle,B_ungoverned,0,0.05,1,allow
93.0,7.0,25.0,35.0,75.0,100.0,44.0,14.0,Trickster,challenger,B_ungoverned,0,0.6,0,allow
93.0,40.0,25.0,8.0,75.0,67.0,50.0,76.0,Pioneer,explorer,B_ungoverned,0,0.6,0,allow
100.0,62.0,5.0,28.5,75.0,85.0,37.0,20.0,Guardian,supporter,B_ungoverned,0,0.05,1,allow
79.0,84.0,45.0,50.5,75.0,85.0,38.0,74.0,Scholar,gentle,B_ungoverned,0,0.7,0,allow
100.0,36.0,45.0,45.0,75.0,70.0,79.0,22.0,Healer,gentle,B_ungoverned,0,0.05,1,allow
86.0,63.0,20.0,30.5,75.0,97.0,41.0,6.0,Trickster,challenger,B_ungoverned,0,0.7,0,allow
100.0,36.0,20.0,3.5,75.0,64.0,47.0,68.0,Pioneer,explorer,B_ungoverned,0,0.05,1,allow
100.0,58.0,0.0,24.0,75.0,82.0,34.0,12.0,Guardian,supporter,B_ungoverned,0,0.05,1,allow
100.0,80.0,40.0,46.0,75.0,82.0,35.0,66.0,Scholar,gentle,B_ungoverned,0,0.05,1,allow
100.0,32.0,40.0,40.5,75.0,67.0,76.0,14.0,Healer,gentle,B_ungoverned,0,0.05,1,allow
79.0,59.0,15.0,26.0,75.0,94.0,38.0,70.0,Trickster,challenger,B_ungoverned,0,0.6,0,allow
100.0,32.0,15.0,0.0,75.0,61.0,44.0,60.0,Pioneer,explorer,B_ungoverned,0,0.05,1,allow
93.0,61.0,40.0,19.5,75.0,79.0,31.0,4.0,Guardian,supporter,B_ungoverned,0,0.9,0,allow
100.0,83.0,35.0,41.5,75.0,79.0,32.0,58.0,Scholar,gentle,B_ungoverned,0,0.05,1,allow
93.0,35.0,35.0,36.0,75.0,64.0,73.0,76.0,Healer,gentle,B_ungoverned,0,0.6,0,allow
100.0,62.0,10.0,21.5,75.0,91.0,35.0,62.0,Trickster,challenger,B_ungoverned,0,0.05,1,allow
93.0,35.0,10.0,35.0,75.0,88.0,41.0,52.0,Pioneer,explorer,B_ungoverned,0,0.6,0,allow
86.0,64.0,35.0,15.0,75.0,76.0,28.0,70.0,Guardian,supporter,B_ungoverned,0,0.6,0,allow
93.0,86.0,30.0,37.0,75.0,76.0,79.0,50.0,Scholar,gentle,B_ungoverned,0,0.65,0,allow
100.0,38.0,30.0,31.5,75.0,61.0,70.0,68.0,Healer,gentle,B_ungoverned,0,0.05,1,allow
93.0,65.0,45.0,17.0,75.0,88.0,32.0,54.0,Trickster,challenger,B_ungoverned,0,0.9,0,allow
86.0,38.0,45.0,30.5,75.0,85.0,38.0,44.0,Pioneer,explorer,B_ungoverned,0,0.9,0,allow
79.0,67.0,30.0,45.5,75.0,100.0,25.0,62.0,Guardian,supporter,B_ungoverned,0,0.6,0,allow
100.0,89.0,25.0,32.5,75.0,73.0,76.0,42.0,Scholar,gentle,B_ungoverned,0,0.05,1,allow
100.0,41.0,25.0,27.0,75.0,58.0,67.0,60.0,Healer,gentle,B_ungoverned,0,0.05,1,allow
86.0,68.0,40.0,47.5,75.0,100.0,29.0,46.0,Trickster,challenger,B_ungoverned,0,0.6,0,allow
100.0,41.0,40.0,26.0,75.0,82.0,35.0,36.0,Pioneer,explorer,B_ungoverned,0,0.05,1,allow
100.0,70.0,25.0,41.0,75.0,97.0,22.0,54.0,Guardian,supporter,B_ungoverned,0,0.05,1,allow
93.0,92.0,60.0,28.0,75.0,70.0,73.0,34.0,Scholar,gentle,B_ungoverned,0,0.9,0,allow
100.0,44.0,20.0,22.5,75.0,55.0,64.0,52.0,Healer,gentle,B_ungoverned,0,0.05,1,allow
100.0,71.0,35.0,43.0,75.0,97.0,26.0,38.0,Trickster,challenger,B_ungoverned,0,0.05,1,allow
93.0,44.0,35.0,56.5,75.0,100.0,32.0,28.0,Pioneer,explorer,B_ungoverned,0,0.6,0,allow
100.0,73.0,20.0,36.5,75.0,94.0,19.0,46.0,Guardian,supporter,B_ungoverned,0,0.05,1,allow
100.0,95.0,55.0,23.5,75.0,67.0,70.0,26.0,Scholar,gentle,B_ungoverned,0,0.05,1,allow
93.0,47.0,55.0,18.0,75.0,52.0,61.0,44.0,Healer,gentle,B_ungoverned,0,0.9,0,allow
100.0,74.0,30.0,38.5,75.0,94.0,23.0,30.0,Trickster,challenger,B_ungoverned,0,0.05,1,allow
86.0,47.0,30.0,52.0,75.0,97.0,29.0,90.0,Pioneer,explorer,B_ungoverned,0,0.6,0,allow
100.0,76.0,15.0,32.0,75.0,91.0,16.0,38.0,Guardian,supporter,B_ungoverned,0,0.05,1,allow
93.0,98.0,50.0,19.0,75.0,64.0,67.0,88.0,Scholar,gentle,B_ungoverned,0,0.6,0,allow
86.0,50.0,50.0,48.5,75.0,79.0,58.0,36.0,Healer,gentle,B_ungoverned,0,0.6,0,allow
93.0,77.0,25.0,34.0,75.0,91.0,70.0,22.0,Trickster,challenger,B_ungoverned,0,0.65,0,allow
79.0,50.0,65.0,47.5,75.0,94.0,26.0,82.0,Pioneer,explorer,B_ungoverned,0,0.9,0,allow
100.0,79.0,10.0,27.5,75.0,88.0,13.0,30.0,Guardian,supporter,B_ungoverned,0,0.05,1,allow
86.0,100.0,45.0,49.5,75.0,91.0,64.0,80.0,Scholar,gentle,B_ungoverned,0,0.6,0,allow
100.0,53.0,45.0,44.0,75.0,76.0,55.0,28.0,Healer,gentle,B_ungoverned,0,0.05,1,allow
86.0,80.0,20.0,29.5,75.0,88.0,67.0,84.0,Trickster,challenger,B_ungoverned,0,0.6,0,allow
72.0,53.0,60.0,43.0,75.0,91.0,73.0,74.0,Pioneer,explorer,B_ungoverned,0,0.65,0,allow
100.0,75.0,5.0,23.0,75.0,85.0,10.0,22.0,Guardian,supporter,B_ungoverned,0,0.05,1,allow
79.0,96.0,80.0,45.0,75.0,88.0,61.0,72.0,Scholar,gentle,B_ungoverned,0,0.9,0,allow
100.0,49.0,40.0,39.5,75.0,73.0,52.0,20.0,Healer,gentle,B_ungoverned,0,0.05,1,allow
100.0,76.0,15.0,25.0,75.0,85.0,64.0,76.0,Trickster,challenger,B_ungoverned,0,0.05,1,allow
65.0,49.0,55.0,73.5,75.0,100.0,70.0,66.0,Pioneer,explorer,B_ungoverned,0,0.6,0,allow
100.0,71.0,0.0,18.5,75.0,82.0,7.0,14.0,Guardian,supporter,B_ungoverned,0,0.05,1,allow
72.0,92.0,75.0,75.5,75.0,100.0,58.0,64.0,Scholar,gentle,B_ungoverned,0,0.6,0,allow
100.0,45.0,35.0,35.0,75.0,70.0,49.0,12.0,Healer,gentle,B_ungoverned,0,0.05,1,allow
100.0,72.0,10.0,20.5,75.0,82.0,61.0,68.0,Trickster,challenger,B_ungoverned,0,0.05,1,allow
100.0,45.0,50.0,69.0,75.0,97.0,67.0,58.0,Pioneer,explorer,B_ungoverned,0,0.05,1,allow
93.0,67.0,40.0,14.0,75.0,79.0,4.0,6.0,Guardian,supporter,B_ungoverned,0,0.9,0,allow
65.0,82.0,70.0,71.0,75.0,97.0,55.0,56.0,Scholar,gentle,B_ungoverned,0,0.85,0,allow
100.0,41.0,30.0,30.5,75.0,67.0,46.0,4.0,Healer,gentle,B_ungoverned,0,0.05,1,allow
100.0,68.0,5.0,16.0,75.0,79.0,58.0,60.0,Trickster,challenger,B_ungoverned,0,0.05,1,allow
100.0,41.0,45.0,64.5,75.0,94.0,64.0,50.0,Pioneer,explorer,B_ungoverned,0,0.05,1,allow
100.0,63.0,35.0,9.5,75.0,76.0,1.0,0.0,Guardian,supporter,B_ungoverned,0,0.05,1,allow
100.0,78.0,65.0,66.5,75.0,94.0,52.0,48.0,Scholar,gentle,B_ungoverned,0,0.05,1,allow
100.0,37.0,25.0,26.0,75.0,64.0,43.0,0.0,Healer,gentle,B_ungoverned,0,0.05,1,allow
100.0,64.0,0.0,11.5,75.0,76.0,55.0,52.0,Trickster,challenger,B_ungoverned,0,0.05,1,allow
93.0,97.0,40.0,60.0,75.0,91.0,61.0,42.0,Pioneer,explorer,B_ungoverned,0,0.7,0,allow
100.0,59.0,30.0,5.0,75.0,73.0,0.0,0.0,Guardian,supporter,B_ungoverned,0,0.05,1,allow
100.0,74.0,60.0,62.0,75.0,91.0,49.0,40.0,Scholar,gentle,B_ungoverned,0,0.05,1,allow
93.0,33.0,20.0,21.5,75.0,61.0,40.0,70.0,Healer,gentle,B_ungoverned,0,0.6,0,allow
93.0,60.0,40.0,7.0,75.0,73.0,52.0,44.0,Trickster,challenger,B_ungoverned,0,0.9,0,allow
100.0,93.0,35.0,55.5,75.0,88.0,58.0,34.0,Pioneer,explorer,B_ungoverned,0,0.05,1,allow
100.0,55.0,25.0,0.5,75.0,70.0,0.0,0.0,Guardian,supporter,B_ungoverned,0,0.05,1,allow
93.0,70.0,55.0,57.5,75.0,88.0,46.0,100.0,Scholar,gentle,B_ungoverned,0,0.6,0,allow
100.0,29.0,15.0,17.0,75.0,58.0,37.0,62.0,Healer,gentle,B_ungoverned,0,0.05,1,allow
100.0,56.0,35.0,2.5,75.0,70.0,49.0,36.0,Trickster,challenger,B_ungoverned,0,0.05,1,allow
100.0,89.0,30.0,51.0,75.0,85.0,55.0,26.0,Pioneer,explorer,B_ungoverned,0,0.05,1,allow
100.0,51.0,20.0,0.0,75.0,67.0,0.0,0.0,Guardian,supporter,B_ungoverned,0,0.05,1,allow
100.0,66.0,50.0,53.0,75.0,85.0,43.0,92.0,Scholar,gentle,B_ungoverned,0,0.05,1,allow
93.0,25.0,50.0,12.5,75.0,55.0,34.0,54.0,Healer,gentle,B_ungoverned,0,0.9,0,allow
100.0,52.0,30.0,0.0,75.0,67.0,46.0,28.0,Trickster,challenger,B_ungoverned,0,0.05,1,allow
93.0,85.0,25.0,46.5,75.0,82.0,52.0,88.0,Pioneer,explorer,B_ungoverned,0,0.6,0,allow
100.0,47.0,15.0,0.0,75.0,64.0,0.0,0.0,Guardian,supporter,B_ungoverned,0,0.05,1,allow
100.0,62.0,45.0,48.5,75.0,82.0,40.0,84.0,Scholar,gentle,B_ungoverned,0,0.05,1,allow
100.0,21.0,45.0,8.0,75.0,52.0,31.0,46.0,Healer,gentle,B_ungoverned,0,0.05,1,allow
100.0,48.0,25.0,0.0,75.0,64.0,43.0,20.0,Trickster,challenger,B_ungoverned,0,0.05,1,allow
100.0,81.0,20.0,42.0,75.0,79.0,49.0,80.0,Pioneer,explorer,B_ungoverned,0,0.05,1,allow
100.0,43.0,10.0,0.0,75.0,61.0,0.0,0.0,Guardian,supporter,B_ungoverned,0,0.05,1,allow
100.0,58.0,40.0,44.0,75.0,79.0,37.0,76.0,Scholar,gentle,B_ungoverned,0,0.05,1,allow
100.0,17.0,40.0,3.5,75.0,49.0,28.0,38.0,Healer,gentle,B_ungoverned,0,0.05,1,allow
100.0,44.0,20.0,0.0,75.0,61.0,40.0,12.0,Trickster,challenger,B_ungoverned,0,0.05,1,allow
100.0,77.0,15.0,37.5,75.0,76.0,46.0,72.0,Pioneer,explorer,B_ungoverned,0,0.05,1,allow
100.0,39.0,5.0,0.0,75.0,58.0,0.0,0.0,Guardian,supporter,B_ungoverned,0,0.05,1,allow
93.0,54.0,35.0,39.5,75.0,76.0,84.0,68.0,Scholar,gentle,B_ungoverned,0,0.65,0,allow
100.0,13.0,35.0,0.0,75.0,46.0,25.0,30.0,Healer,gentle,B_ungoverned,0,0.05,1,allow
93.0,40.0,15.0,35.0,75.0,88.0,37.0,4.0,Trickster,challenger,B_ungoverned,0,0.6,0,allow
100.0,73.0,10.0,33.0,75.0,73.0,43.0,64.0,Pioneer,explorer,B_ungoverned,0,0.05,1,allow
100.0,35.0,0.0,0.0,75.0,55.0,0.0,0.0,Guardian,supporter,B_ungoverned,0,0.05,1,allow
100.0,50.0,30.0,35.0,75.0,73.0,81.0,60.0,Scholar,gentle,B_ungoverned,0,0.05,1,allow
93.0,9.0,30.0,35.0,75.0,73.0,22.0,22.0,Healer,gentle,B_ungoverned,0,0.6,0,allow
86.0,36.0,10.0,30.5,75.0,85.0,34.0,70.0,Trickster,challenger,B_ungoverned,0,0.6,0,allow
100.0,69.0,5.0,28.5,75.0,70.0,40.0,56.0,Pioneer,explorer,B_ungoverned,0,0.05,1,allow
100.0,31.0,0.0,0.0,75.0,52.0,0.0,0.0,Guardian,supporter,B_ungoverned,0,0.05,1,allow
100.0,46.0,25.0,30.5,75.0,70.0,78.0,52.0,Scholar,gentle,B_ungoverned,0,0.05,1,allow
100.0,5.0,25.0,30.5,75.0,70.0,19.0,14.0,Healer,gentle,B_ungoverned,0,0.05,1,allow
100.0,32.0,5.0,26.0,75.0,82.0,31.0,62.0,Trickster,challenger,B_ungoverned,0,0.05,1,allow
100.0,65.0,0.0,24.0,75.0,67.0,37.0,48.0,Pioneer,explorer,B_ungoverned,0,0.05,1,allow
93.0,27.0,40.0,0.0,75.0,49.0,0.0,0.0,Guardian,supporter,B_ungoverned,0,0.9,0,allow
100.0,42.0,20.0,26.0,75.0,67.0,75.0,44.0,Scholar,gentle,B_ungoverned,0,0.05,1,allow
93.0,61.0,20.0,26.0,75.0,67.0,16.0,6.0,Healer,gentle,B_ungoverned,0,0.7,0,allow
100.0,28.0,0.0,21.5,75.0,79.0,28.0,54.0,Trickster,challenger,B_ungoverned,0,0.05,1,allow
93.0,61.0,40.0,19.5,75.0,64.0,34.0,40.0,Pioneer,explorer,B_ungoverned,0,0.9,0,allow
100.0,23.0,35.0,0.0,75.0,46.0,0.0,0.0,Guardian,supporter,B_ungoverned,0,0.05,1,allow
93.0,38.0,55.0,21.5,75.0,64.0,72.0,36.0,Scholar,gentle,B_ungoverned,0,0.9,0,allow
100.0,57.0,15.0,21.5,75.0,64.0,13.0,0.0,Healer,gentle,B_ungoverned,0,0.05,1,allow
93.0,24.0,40.0,17.0,75.0,76.0,25.0,46.0,Trickster,challenger,B_ungoverned,0,0.9,0,allow
100.0,57.0,35.0,15.0,75.0,61.0,31.0,32.0,Pioneer,explorer,B_ungoverned,0,0.05,1,allow
100.0,19.0,30.0,0.0,75.0,43.0,0.0,0.0,Guardian,supporter,B_ungoverned,0,0.05,1,allow
86.0,34.0,50.0,52.0,75.0,91.0,69.0,28.0,Scholar,gentle,B_ungoverned,0,0.6,0,allow
93.0,53.0,10.0,17.0,75.0,61.0,10.0,70.0,Healer,gentle,B_ungoverned,0,0.6,0,allow
100.0,20.0,35.0,12.5,75.0,73.0,22.0,38.0,Trickster,challenger,B_ungoverned,0,0.05,1,allow
100.0,53.0,30.0,10.5,75.0,58.0,28.0,24.0,Pioneer,explorer,B_ungoverned,0,0.05,1,allow
100.0,15.0,25.0,0.0,75.0,40.0,0.0,0.0,Guardian,supporter,B_ungoverned,0,0.05,1,allow
100.0,30.0,45.0,47.5,75.0,88.0,66.0,20.0,Scholar,gentle,B_ungoverned,0,0.05,1,allow
100.0,49.0,5.0,12.5,75.0,58.0,7.0,62.0,Healer,gentle,B_ungoverned,0,0.05,1,allow
100.0,16.0,30.0,8.0,75.0,70.0,19.0,30.0,Trickster,challenger,B_ungoverned,0,0.05,1,allow
93.0,49.0,25.0,41.0,75.0,85.0,25.0,16.0,Pioneer,explorer,B_ungoverned,0,0.6,0,allow
100.0,11.0,20.0,0.0,75.0,37.0,0.0,0.0,Guardian,supporter,B_ungoverned,0,0.05,1,allow
100.0,26.0,40.0,43.0,75.0,85.0,63.0,12.0,Scholar,gentle,B_ungoverned,0,0.05,1,allow
100.0,45.0,0.0,8.0,75.0,55.0,4.0,54.0,Healer,gentle,B_ungoverned,0,0.05,1,allow
100.0,12.0,25.0,3.5,75.0,67.0,16.0,22.0,Trickster,challenger,B_ungoverned,0,0.05,1,allow
100.0,45.0,20.0,36.5,75.0,82.0,22.0,8.0,Pioneer,explorer,B_ungoverned,0,0.05,1,allow
100.0,14.0,15.0,0.0,75.0,34.0,0.0,0.0,Guardian,supporter,B_ungoverned,0,0.05,1,allow
100.0,29.0,35.0,38.5,75.0,82.0,60.0,4.0,Scholar,gentle,B_ungoverned,0,0.05,1,allow
93.0,48.0,40.0,3.5,75.0,52.0,1.0,46.0,Healer,gentle,B_ungoverned,0,0.9,0,allow
93.0,15.0,20.0,35.0,75.0,94.0,13.0,14.0,Trickster,challenger,B_ungoverned,0,0.6,0,allow
100.0,48.0,15.0,32.0,75.0,79.0,19.0,0.0,Pioneer,explorer,B_ungoverned,0,0.05,1,allow
93.0,17.0,10.0,35.0,75.0,61.0,0.0,0.0,Guardian,supporter,B_ungoverned,0,0.6,0,allow
93.0,32.0,30.0,34.0,75.0,79.0,57.0,70.0,Scholar,gentle,B_ungoverned,0,0.6,0,allow
86.0,51.0,35.0,35.0,75.0,79.0,0.0,38.0,Healer,gentle,B_ungoverned,0,0.6,0,allow
100.0,18.0,15.0,30.5,75.0,91.0,10.0,6.0,Trickster,challenger,B_ungoverned,0,0.05,1,allow
93.0,51.0,10.0,27.5,75.0,76.0,16.0,70.0,Pioneer,explorer,B_ungoverned,0,0.6,0,allow
86.0,20.0,5.0,30.5,75.0,58.0,50.0,0.0,Guardian,supporter,B_ungoverned,0,0.65,0,allow
86.0,35.0,65.0,29.5,75.0,76.0,54.0,62.0,Scholar,gentle,B_ungoverned,0,0.9,0,allow
100.0,54.0,30.0,30.5,75.0,76.0,0.0,30.0,Healer,gentle,B_ungoverned,0,0.05,1,allow
93.0,21.0,10.0,26.0,75.0,88.0,7.0,70.0,Trickster,challenger,B_ungoverned,0,0.6,0,allow
100.0,54.0,5.0,23.0,75.0,73.0,13.0,62.0,Pioneer,explorer,B_ungoverned,0,0.05,1,allow
79.0,23.0,40.0,26.0,75.0,55.0,47.0,0.0,Guardian,supporter,B_ungoverned,0,0.9,0,allow
79.0,38.0,60.0,60.0,75.0,100.0,51.0,54.0,Scholar,gentle,B_ungoverned,0,0.6,0,allow
100.0,57.0,25.0,26.0,75.0,73.0,0.0,22.0,Healer,gentle,B_ungoverned,0,0.05,1,allow
100.0,24.0,5.0,21.5,75.0,85.0,4.0,62.0,Trickster,challenger,B_ungoverned,0,0.05,1,allow
93.0,57.0,40.0,18.5,75.0,70.0,10.0,54.0,Pioneer,explorer,B_ungoverned,0,0.9,0,allow
72.0,26.0,35.0,21.5,75.0,52.0,44.0,70.0,Guardian,supporter,B_ungoverned,0,0.6,0,allow
100.0,41.0,55.0,55.5,75.0,97.0,48.0,46.0,Scholar,gentle,B_ungoverned,0,0.05,1,allow
100.0,60.0,20.0,21.5,75.0,70.0,0.0,14.0,Healer,gentle,B_ungoverned,0,0.05,1,allow
93.0,27.0,40.0,17.0,75.0,82.0,1.0,54.0,Trickster,challenger,B_ungoverned,0,0.9,0,allow
100.0,60.0,35.0,14.0,75.0,67.0,7.0,46.0,Pioneer,explorer,B_ungoverned,0,0.05,1,allow
100.0,29.0,30.0,17.0,75.0,49.0,41.0,62.0,Guardian,supporter,B_ungoverned,0,0.05,1,allow
93.0,44.0,50.0,51.0,75.0,94.0,45.0,100.0,Scholar,gentle,B_ungoverned,0,0.6,0,allow
100.0,63.0,15.0,17.0,75.0,67.0,0.0,6.0,Healer,gentle,B_ungoverned,0,0.05,1,allow
86.0,30.0,35.0,12.5,75.0,79.0,50.0,46.0,Trickster,challenger,B_ungoverned,0,0.65,0,allow
100.0,63.0,30.0,9.5,75.0,64.0,4.0,38.0,Pioneer,explorer,B_ungoverned,0,0.05,1,allow
100.0,32.0,25.0,12.5,75.0,46.0,38.0,54.0,Guardian,supporter,B_ungoverned,0,0.05,1,allow
100.0,47.0,45.0,46.5,75.0,91.0,42.0,92.0,Scholar,gentle,B_ungoverned,0,0.05,1,allow
100.0,66.0,10.0,12.5,75.0,64.0,0.0,0.0,Healer,gentle,B_ungoverned,0,0.05,1,allow
100.0,33.0,30.0,8.0,75.0,76.0,47.0,38.0,Trickster,challenger,B_ungoverned,0,0.05,1,allow
100.0,66.0,25.0,5.0,75.0,61.0,1.0,30.0,Pioneer,explorer,B_ungoverned,0,0.05,1,allow
100.0,28.0,20.0,8.0,75.0,43.0,35.0,46.0,Guardian,supporter,B_ungoverned,0,0.05,1,allow
100.0,43.0,40.0,42.0,75.0,88.0,39.0,84.0,Scholar,gentle,B_ungoverned,0,0.05,1,allow
100.0,62.0,5.0,8.0,75.0,61.0,0.0,0.0,Healer,gentle,B_ungoverned,0,0.05,1,allow
100.0,29.0,25.0,3.5,75.0,73.0,44.0,30.0,Trickster,challenger,B_ungoverned,0,0.05,1,allow
100.0,62.0,20.0,0.5,75.0,58.0,0.0,22.0,Pioneer,explorer,B_ungoverned,0,0.05,1,allow
93.0,24.0,15.0,38.5,75.0,70.0,32.0,38.0,Guardian,supporter,B_ungoverned,0,0.6,0,allow
93.0,39.0,75.0,37.5,75.0,85.0,36.0,76.0,Scholar,gentle,B_ungoverned,0,0.9,0,allow
93.0,58.0,40.0,3.5,75.0,58.0,0.0,0.0,Healer,gentle,B_ungoverned,0,0.9,0,allow
93.0,25.0,20.0,35.0,75.0,100.0,41.0,22.0,Trickster,challenger,B_ungoverned,0,0.6,0,allow
100.0,58.0,15.0,0.0,75.0,55.0,0.0,14.0,Pioneer,explorer,B_ungoverned,0,0.05,1,allow
86.0,20.0,50.0,34.0,75.0,67.0,29.0,30.0,Guardian,supporter,B_ungoverned,0,0.9,0,allow
86.0,35.0,70.0,68.0,75.0,100.0,33.0,68.0,Scholar,gentle,B_ungoverned,0,0.6,0,allow
100.0,54.0,35.0,0.0,75.0,55.0,0.0,0.0,Healer,gentle,B_ungoverned,0,0.05,1,allow
86.0,21.0,15.0,30.5,75.0,97.0,38.0,84.0,Trickster,challenger,B_ungoverned,0,0.6,0,allow
100.0,54.0,10.0,0.0,75.0,52.0,0.0,6.0,Pioneer,explorer,B_ungoverned,0,0.05,1,allow
100.0,16.0,45.0,29.5,75.0,64.0,26.0,22.0,Guardian,supporter,B_ungoverned,0,0.05,1,allow
100.0,31.0,65.0,63.5,75.0,97.0,30.0,60.0,Scholar,gentle,B_ungoverned,0,0.05,1,allow
100.0,50.0,30.0,0.0,75.0,52.0,0.0,0.0,Healer,gentle,B_ungoverned,0,0.05,1,allow
100.0,17.0,10.0,26.0,75.0,94.0,35.0,76.0,Trickster,challenger,B_ungoverned,0,0.05,1,allow
100.0,50.0,5.0,0.0,75.0,49.0,0.0,0.0,Pioneer,explorer,B_ungoverned,0,0.05,1,allow
100.0,12.0,40.0,25.0,75.0,61.0,23.0,14.0,Guardian,supporter,B_ungoverned,0,0.05,1,allow
100.0,27.0,60.0,59.0,75.0,94.0,27.0,52.0,Scholar,gentle,B_ungoverned,0,0.05,1,allow
100.0,46.0,25.0,0.0,75.0,49.0,0.0,0.0,Healer,gentle,B_ungoverned,0,0.05,1,allow
93.0,13.0,45.0,21.5,75.0,91.0,32.0,68.0,Trickster,challenger,B_ungoverned,0,0.9,0,allow
93.0,46.0,40.0,0.0,75.0,46.0,0.0,0.0,Pioneer,explorer,B_ungoverned,0,0.9,0,allow
93.0,8.0,35.0,20.5,75.0,58.0,20.0,76.0,Guardian,supporter,B_ungoverned,0,0.6,0,allow
100.0,23.0,55.0,54.5,75.0,91.0,24.0,44.0,Scholar,gentle,B_ungoverned,0,0.05,1,allow
100.0,42.0,20.0,0.0,75.0,46.0,0.0,0.0,Healer,gentle,B_ungoverned,0,0.05,1,allow
86.0,69.0,40.0,17.0,75.0,88.0,29.0,60.0,Trickster,challenger,B_ungoverned,0,0.7,0,allow
100.0,42.0,35.0,0.0,75.0,43.0,0.0,0.0,Pioneer,explorer,B_ungoverned,0,0.05,1,allow
100.0,4.0,30.0,16.0,75.0,55.0,17.0,68.0,Guardian,supporter,B_ungoverned,0,0.05,1,allow
93.0,79.0,50.0,50.0,75.0,88.0,21.0,36.0,Scholar,gentle,B_ungoverned,0,0.7,0,allow
100.0,38.0,15.0,0.0,75.0,43.0,0.0,0.0,Healer,gentle,B_ungoverned,0,0.05,1,allow
79.0,65.0,35.0,47.5,75.0,100.0,26.0,52.0,Trickster,challenger,B_ungoverned,0,0.6,0,allow
100.0,38.0,30.0,0.0,75.0,40.0,0.0,0.0,Pioneer,explorer,B_ungoverned,0,0.05,1,allow
100.0,0.0,25.0,11.5,75.0,52.0,14.0,60.0,Guardian,supporter,B_ungoverned,0,0.05,1,allow
86.0,75.0,45.0,45.5,75.0,85.0,68.0,28.0,Scholar,gentle,B_ungoverned,0,0.65,0,allow
93.0,34.0,10.0,35.0,75.0,70.0,0.0,0.0,Healer,gentle,B_ungoverned,0,0.6,0,allow
72.0,61.0,30.0,43.0,75.0,97.0,73.0,44.0,Trickster,challenger,B_ungoverned,0,0.65,0,allow
100.0,34.0,25.0,0.0,75.0,37.0,0.0,0.0,Pioneer,explorer,B_ungoverned,0,0.05,1,allow
93.0,60.0,20.0,7.0,75.0,49.0,11.0,52.0,Guardian,supporter,B_ungoverned,0,0.7,0,allow
100.0,71.0,40.0,41.0,75.0,82.0,65.0,20.0,Scholar,gentle,B_ungoverned,0,0.05,1,allow
100.0,30.0,5.0,30.5,75.0,67.0,0.0,0.0,Healer,gentle,B_ungoverned,0,0.05,1,allow
65.0,57.0,65.0,38.5,75.0,94.0,70.0,36.0,Trickster,challenger,B_ungoverned,0,0.9,0,allow
100.0,30.0,20.0,0.0,75.0,34.0,0.0,0.0,Pioneer,explorer,B_ungoverned,0,0.05,1,allow
86.0,56.0,15.0,37.5,75.0,76.0,8.0,44.0,Guardian,supporter,B_ungoverned,0,0.6,0,allow
93.0,67.0,35.0,36.5,75.0,79.0,62.0,82.0,Scholar,gentle,B_ungoverned,0,0.6,0,allow
93.0,26.0,40.0,26.0,75.0,64.0,0.0,0.0,Healer,gentle,B_ungoverned,0,0.9,0,allow
100.0,53.0,60.0,34.0,75.0,91.0,67.0,28.0,Trickster,challenger,B_ungoverned,0,0.05,1,allow
100.0,26.0,15.0,0.0,75.0,31.0,0.0,0.0,Pioneer,explorer,B_ungoverned,0,0.05,1,allow
79.0,52.0,10.0,33.0,75.0,73.0,55.0,36.0,Guardian,supporter,B_ungoverned,0,0.65,0,allow
86.0,63.0,70.0,32.0,75.0,76.0,59.0,74.0,Scholar,gentle,B_ungoverned,0,0.9,0,allow
86.0,22.0,35.0,21.5,75.0,61.0,50.0,0.0,Healer,gentle,B_ungoverned,0,0.65,0,allow
100.0,49.0,55.0,29.5,75.0,88.0,64.0,20.0,Trickster,challenger,B_ungoverned,0,0.05,1,allow
100.0,22.0,10.0,0.0,75.0,28.0,0.0,0.0,Pioneer,explorer,B_ungoverned,0,0.05,1,allow
72.0,48.0,45.0,28.5,75.0,70.0,52.0,28.0,Guardian,supporter,B_ungoverned,0,0.9,0,allow
79.0,59.0,65.0,62.5,75.0,100.0,56.0,66.0,Scholar,gentle,B_ungoverned,0,0.6,0,allow
100.0,18.0,30.0,17.0,75.0,58.0,47.0,0.0,Healer,gentle,B_ungoverned,0,0.05,1,allow
100.0,45.0,50.0,25.0,75.0,85.0,61.0,12.0,Trickster,challenger,B_ungoverned,0,0.05,1,allow
100.0,18.0,5.0,0.0,75.0,25.0,0.0,0.0,Pioneer,explorer,B_ungoverned,0,0.05,1,allow
65.0,44.0,40.0,24.0,75.0,67.0,49.0,90.0,Guardian,supporter,B_ungoverned,0,0.6,0,allow
100.0,55.0,60.0,58.0,75.0,97.0,53.0,58.0,Scholar,gentle,B_ungoverned,0,0.05,1,allow
100.0,14.0,25.0,12.5,75.0,55.0,44.0,0.0,Healer,gentle,B_ungoverned,0,0.05,1,allow
100.0,41.0,45.0,20.5,75.0,82.0,58.0,4.0,Trickster,challenger,B_ungoverned,0,0.05,1,allow
100.0,14.0,0.0,0.0,75.0,22.0,0.0,0.0,Pioneer,explorer,B_ungoverned,0,0.05,1,allow
100.0,40.0,35.0,19.5,75.0,64.0,46.0,82.0,Guardian,supporter,B_ungoverned,0,0.05,1,allow
100.0,51.0,55.0,53.5,75.0,94.0,50.0,50.0,Scholar,gentle,B_ungoverned,0,0.05,1,allow
93.0,10.0,20.0,8.0,75.0,52.0,41.0,70.0,Healer,gentle,B_ungoverned,0,0.6,0,allow
100.0,37.0,40.0,16.0,75.0,79.0,55.0,0.0,Trickster,challenger,B_ungoverned,0,0.05,1,allow
100.0,10.0,0.0,0.0,75.0,19.0,0.0,0.0,Pioneer,explorer,B_ungoverned,0,0.05,1,allow
100.0,36.0,30.0,15.0,75.0,61.0,43.0,74.0,Guardian,supporter,B_ungoverned,0,0.05,1,allow
93.0,47.0,50.0,49.0,75.0,91.0,47.0,100.0,Scholar,gentle,B_ungoverned,0,0.6,0,allow
100.0,6.0,15.0,3.5,75.0,49.0,38.0,62.0,Healer,gentle,B_ungoverned,0,0.05,1,allow
100.0,33.0,35.0,11.5,75.0,76.0,52.0,0.0,Trickster,challenger,B_ungoverned,0,0.05,1,allow
93.0,6.0,40.0,0.0,75.0,16.0,0.0,0.0,Pioneer,explorer,B_ungoverned,0,0.9,0,allow
100.0,32.0,25.0,10.5,75.0,58.0,40.0,66.0,Guardian,supporter,B_ungoverned,0,0.05,1,allow
100.0,43.0,45.0,44.5,75.0,88.0,44.0,92.0,Scholar,gentle,B_ungoverned,0,0.05,1,allow
100.0,2.0,10.0,0.0,75.0,46.0,35.0,54.0,Healer,gentle,B_ungoverned,0,0.05,1,allow
100.0,29.0,30.0,7.0,75.0,73.0,49.0,0.0,Trickster,challenger,B_ungoverned,0,0.05,1,allow
100.0,2.0,35.0,0.0,75.0,13.0,0.0,0.0,Pioneer,explorer,B_ungoverned,0,0.05,1,allow
93.0,28.0,20.0,41.0,75.0,85.0,37.0,58.0,Guardian,supporter,B_ungoverned,0,0.6,0,allow
100.0,39.0,40.0,40.0,75.0,85.0,41.0,84.0,Scholar,gentle,B_ungoverned,0,0.05,1,allow
93.0,60.0,5.0,0.0,75.0,43.0,32.0,46.0,Healer,gentle,B_ungoverned,0,0.7,0,allow
93.0,25.0,25.0,2.5,75.0,70.0,46.0,70.0,Trickster,challenger,B_ungoverned,0,0.6,0,allow
93.0,60.0,30.0,0.0,75.0,10.0,0.0,0.0,Pioneer,explorer,B_ungoverned,0,0.7,0,allow
86.0,31.0,55.0,36.5,75.0,82.0,34.0,50.0,Guardian,supporter,B_ungoverned,0,0.9,0,allow
100.0,42.0,35.0,35.5,75.0,82.0,38.0,76.0,Scholar,gentle,B_ungoverned,0,0.05,1,allow
100.0,63.0,0.0,0.0,75.0,40.0,29.0,38.0,Healer,gentle,B_ungoverned,0,0.05,1,allow
100.0,28.0,20.0,0.0,75.0,67.0,43.0,62.0,Trickster,challenger,B_ungoverned,0,0.05,1,allow
100.0,63.0,25.0,0.0,75.0,7.0,0.0,0.0,Pioneer,explorer,B_ungoverned,0,0.05,1,allow
100.0,34.0,50.0,32.0,75.0,79.0,31.0,42.0,Guardian,supporter,B_ungoverned,0,0.05,1,allow
93.0,45.0,70.0,31.0,75.0,79.0,35.0,68.0,Scholar,gentle,B_ungoverned,0,0.9,0,allow
100.0,66.0,0.0,0.0,75.0,37.0,26.0,30.0,Healer,gentle,B_ungoverned,0,0.05,1,allow
100.0,31.0,15.0,0.0,75.0,64.0,40.0,54.0,Trickster,challenger,B_ungoverned,0,0.05,1,allow
100.0,66.0,20.0,0.0,75.0,4.0,0.0,0.0,Pioneer,explorer,B_ungoverned,0,0.05,1,allow
100.0,37.0,45.0,27.5,75.0,76.0,28.0,34.0,Guardian,supporter,B_ungoverned,0,0.05,1,allow
86.0,48.0,65.0,61.5,75.0,100.0,32.0,60.0,Scholar,gentle,B_ungoverned,0,0.6,0,allow
100.0,69.0,0.0,0.0,75.0,34.0,23.0,22.0,Healer,gentle,B_ungoverned,0,0.05,1,allow
100.0,34.0,10.0,0.0,75.0,61.0,37.0,46.0,Trickster,challenger,B_ungoverned,0,0.05,1,allow
100.0,69.0,15.0,0.0,75.0,1.0,0.0,0.0,Pioneer,explorer,B_ungoverned,0,0.05,1,allow
93.0,40.0,40.0,58.0,75.0,100.0,25.0,26.0,Guardian,supporter,B_ungoverned,0,0.6,0,allow
79.0,51.0,60.0,57.0,75.0,97.0,79.0,52.0,Scholar,gentle,B_ungoverned,0,0.65,0,allow
100.0,72.0,0.0,0.0,75.0,31.0,20.0,14.0,Healer,gentle,B_ungoverned,0,0.05,1,allow
93.0,37.0,5.0,35.0,75.0,88.0,34.0,38.0,Trickster,challenger,B_ungoverned,0,0.6,0,allow
100.0,72.0,10.0,0.0,75.0,0.0,0.0,0.0,Pioneer,explorer,B_ungoverned,0,0.05,1,allow
100.0,43.0,35.0,53.5,75.0,97.0,22.0,18.0,Guardian,supporter,B_ungoverned,0,0.05,1,allow
100.0,54.0,55.0,52.5,75.0,94.0,76.0,44.0,Scholar,gentle,B_ungoverned,0,0.05,1,allow
93.0,75.0,40.0,0.0,75.0,28.0,17.0,6.0,Healer,gentle,B_ungoverned,0,0.9,0,allow
100.0,40.0,0.0,30.5,75.0,85.0,31.0,30.0,Trickster,challenger,B_ungoverned,0,0.05,1,allow
100.0,75.0,5.0,0.0,75.0,0.0,0.0,0.0,Pioneer,explorer,B_ungoverned,0,0.05,1,allow
93.0,46.0,30.0,49.0,75.0,94.0,19.0,80.0,Guardian,supporter,B_ungoverned,0,0.6,0,allow
100.0,57.0,50.0,48.0,75.0,91.0,73.0,36.0,Scholar,gentle,B_ungoverned,0,0.05,1,allow
100.0,78.0,35.0,0.0,75.0,25.0,14.0,0.0,Healer,gentle,B_ungoverned,0,0.05,1,allow
100.0,43.0,0.0,26.0,75.0,82.0,28.0,22.0,Trickster,challenger,B_ungoverned,0,0.05,1,allow
100.0,78.0,0.0,0.0,75.0,0.0,0.0,0.0,Pioneer,explorer,B_ungoverned,0,0.05,1,allow
86.0,49.0,25.0,44.5,75.0,91.0,66.0,72.0,Guardian,supporter,B_ungoverned,0,0.65,0,allow
93.0,60.0,45.0,43.5,75.0,88.0,70.0,98.0,Scholar,gentle,B_ungoverned,0,0.6,0,allow
100.0,81.0,30.0,0.0,75.0,22.0,11.0,0.0,Healer,gentle,B_ungoverned,0,0.05,1,allow
100.0,46.0,0.0,21.5,75.0,79.0,25.0,14.0,Trickster,challenger,B_ungoverned,0,0.05,1,allow
100.0,81.0,0.0,0.0,75.0,0.0,0.0,0.0,Pioneer,explorer,B_ungoverned,0,0.05,1,allow
100.0,45.0,20.0,40.0,75.0,88.0,63.0,64.0,Guardian,supporter,B_ungoverned,0,0.05,1,allow
86.0,56.0,40.0,74.0,75.0,100.0,67.0,90.0,Scholar,gentle,B_ungoverned,0,0.6,0,allow
93.0,77.0,25.0,35.0,75.0,49.0,8.0,0.0,Healer,gentle,B_ungoverned,0,0.6,0,allow
100.0,42.0,0.0,17.0,75.0,76.0,22.0,6.0,Trickster,challenger,B_ungoverned,0,0.05,1,allow
100.0,77.0,0.0,0.0,75.0,0.0,0.0,0.0,Pioneer,explorer,B_ungoverned,0,0.05,1,allow
100.0,41.0,15.0,35.5,75.0,85.0,60.0,56.0,Guardian,supporter,B_ungoverned,0,0.05,1,allow
79.0,52.0,75.0,69.5,75.0,97.0,64.0,82.0,Scholar,gentle,B_ungoverned,0,0.9,0,allow
100.0,73.0,20.0,30.5,75.0,46.0,5.0,0.0,Healer,gentle,B_ungoverned,0,0.05,1,allow
100.0,38.0,0.0,12.5,75.0,73.0,19.0,0.0,Trickster,challenger,B_ungoverned,0,0.05,1,allow
93.0,73.0,40.0,0.0,75.0,0.0,0.0,0.0,Pioneer,explorer,B_ungoverned,0,0.9,0,allow
100.0,37.0,10.0,31.0,75.0,82.0,57.0,48.0,Guardian,supporter,B_ungoverned,0,0.05,1,allow
100.0,48.0,70.0,65.0,75.0,94.0,61.0,74.0,Scholar,gentle,B_ungoverned,0,0.05,1,allow
100.0,69.0,15.0,26.0,75.0,43.0,2.0,0.0,Healer,gentle,B_ungoverned,0,0.05,1,allow
100.0,34.0,0.0,8.0,75.0,70.0,16.0,0.0,Trickster,challenger,B_ungoverned,0,0.05,1,allow
86.0,69.0,35.0,35.0,75.0,30.0,0.0,0.0,Pioneer,explorer,B_ungoverned,0,0.6,0,allow
93.0,33.0,45.0,26.5,75.0,79.0,54.0,40.0,Guardian,supporter,B_ungoverned,0,0.9,0,allow
93.0,100.0,65.0,60.5,75.0,91.0,58.0,66.0,Scholar,gentle,B_ungoverned,0,0.7,0,allow
100.0,65.0,10.0,21.5,75.0,40.0,0.0,0.0,Healer,gentle,B_ungoverned,0,0.05,1,allow
100.0,30.0,0.0,3.5,75.0,67.0,13.0,0.0,Trickster,challenger,B_ungoverned,0,0.05,1,allow
79.0,65.0,30.0,30.5,75.0,27.0,50.0,0.0,Pioneer,explorer,B_ungoverned,0,0.65,0,allow
86.0,29.0,40.0,57.0,75.0,100.0,51.0,32.0,Guardian,supporter,B_ungoverned,0,0.6,0,allow
100.0,96.0,60.0,56.0,75.0,88.0,55.0,58.0,Scholar,gentle,B_ungoverned,0,0.05,1,allow
100.0,61.0,5.0,17.0,75.0,37.0,0.0,0.0,Healer,gentle,B_ungoverned,0,0.05,1,allow
100.0,26.0,0.0,0.0,75.0,64.0,10.0,0.0,Trickster,challenger,B_ungoverned,0,0.05,1,allow
72.0,61.0,25.0,26.0,75.0,24.0,47.0,70.0,Pioneer,explorer,B_ungoverned,0,0.6,0,allow
79.0,25.0,35.0,52.5,75.0,97.0,48.0,94.0,Guardian,supporter,B_ungoverned,0,0.6,0,allow
93.0,86.0,55.0,51.5,75.0,85.0,52.0,50.0,Scholar,gentle,B_ungoverned,0,0.85,0,allow
100.0,57.0,0.0,12.5,75.0,34.0,0.0,0.0,Healer,gentle,B_ungoverned,0,0.05,1,allow
93.0,22.0,40.0,0.0,75.0,61.0,7.0,0.0,Trickster,challenger,B_ungoverned,0,0.9,0,allow
100.0,57.0,20.0,21.5,75.0,21.0,44.0,62.0,Pioneer,explorer,B_ungoverned,0,0.05,1,allow
100.0,21.0,30.0,48.0,75.0,94.0,45.0,86.0,Guardian,supporter,B_ungoverned,0,0.05,1,allow
86.0,82.0,50.0,47.0,75.0,82.0,49.0,100.0,Scholar,gentle,B_ungoverned,0,0.6,0,allow
100.0,53.0,0.0,8.0,75.0,31.0,0.0,0.0,Healer,gentle,B_ungoverned,0,0.05,1,allow
100.0,18.0,35.0,0.0,75.0,58.0,4.0,0.0,Trickster,challenger,B_ungoverned,0,0.05,1,allow
100.0,53.0,15.0,17.0,75.0,18.0,41.0,54.0,Pioneer,explorer,B_ungoverned,0,0.05,1,allow
100.0,17.0,25.0,43.5,75.0,91.0,42.0,78.0,Guardian,supporter,B_ungoverned,0,0.05,1,allow
79.0,78.0,45.0,77.5,75.0,100.0,46.0,92.0,Scholar,gentle,B_ungoverned,0,0.6,0,allow
100.0,49.0,0.0,3.5,75.0,28.0,0.0,0.0,Healer,gentle,B_ungoverned,0,0.05,1,allow
93.0,14.0,30.0,35.0,75.0,85.0,1.0,0.0,Trickster,challenger,B_ungoverned,0,0.6,0,allow
93.0,49.0,50.0,12.5,75.0,15.0,38.0,46.0,Pioneer,explorer,B_ungoverned,0,0.9,0,allow
93.0,73.0,20.0,39.0,75.0,88.0,39.0,70.0,Guardian,supporter,B_ungoverned,0,0.7,0,allow
72.0,74.0,80.0,73.0,75.0,97.0,43.0,84.0,Scholar,gentle,B_ungoverned,0,0.9,0,allow
100.0,45.0,0.0,0.0,75.0,25.0,0.0,0.0,Healer,gentle,B_ungoverned,0,0.05,1,allow
100.0,10.0,25.0,30.5,75.0,82.0,0.0,0.0,Trickster,challenger,B_ungoverned,0,0.05,1,allow
100.0,45.0,45.0,8.0,75.0,12.0,35.0,38.0,Pioneer,explorer,B_ungoverned,0,0.05,1,allow
100.0,69.0,15.0,34.5,75.0,85.0,36.0,62.0,Guardian,supporter,B_ungoverned,0,0.05,1,allow
65.0,70.0,75.0,68.5,75.0,94.0,90.0,76.0,Scholar,gentle,B_ungoverned,0,0.65,0,allow
100.0,41.0,0.0,0.0,75.0,22.0,0.0,0.0,Healer,gentle,B_ungoverned,0,0.05,1,allow
100.0,6.0,20.0,26.0,75.0,79.0,0.0,0.0,Trickster,challenger,B_ungoverned,0,0.05,1,allow
100.0,41.0,40.0,3.5,75.0,9.0,32.0,30.0,Pioneer,explorer,B_ungoverned,0,0.05,1,allow
93.0,65.0,50.0,30.0,75.0,82.0,33.0,54.0,Guardian,supporter,B_ungoverned,0,0.9,0,allow
58.0,60.0,70.0,64.0,75.0,91.0,87.0,68.0,Scholar,gentle,B_ungoverned,0,0.85,0,allow
93.0,37.0,40.0,0.0,75.0,19.0,0.0,0.0,Healer,gentle,B_ungoverned,0,0.9,0,allow
100.0,2.0,15.0,21.5,75.0,76.0,0.0,0.0,Trickster,challenger,B_ungoverned,0,0.05,1,allow
100.0,37.0,35.0,0.0,75.0,6.0,29.0,22.0,Pioneer,explorer,B_ungoverned,0,0.05,1,allow
86.0,61.0,45.0,60.5,75.0,100.0,30.0,46.0,Guardian,supporter,B_ungoverned,0,0.6,0,allow
100.0,56.0,65.0,59.5,75.0,88.0,84.0,60.0,Scholar,gentle,B_ungoverned,0,0.7,0,allow
100.0,33.0,35.0,0.0,75.0,16.0,0.0,0.0,Healer,gentle,B_ungoverned,0,0.05,1,allow
100.0,0.0,10.0,17.0,75.0,73.0,0.0,0.0,Trickster,challenger,B_ungoverned,0,0.05,1,allow
93.0,33.0,30.0,35.0,75.0,33.0,26.0,14.0,Pioneer,explorer,B_ungoverned,0,0.6,0,allow
79.0,57.0,40.0,56.0,75.0,97.0,77.0,38.0,Guardian,supporter,B_ungoverned,0,0.65,0,allow
100.0,52.0,60.0,55.0,75.0,85.0,81.0,52.0,Scholar,gentle,B_ungoverned,0,0.05,1,allow
93.0,29.0,30.0,35.0,75.0,43.0,0.0,0.0,Healer,gentle,B_ungoverned,0,0.6,0,allow
93.0,60.0,5.0,12.5,75.0,70.0,0.0,0.0,Trickster,challenger,B_ungoverned,0,0.7,0,allow
100.0,29.0,25.0,30.5,75.0,30.0,23.0,6.0,Pioneer,explorer,B_ungoverned,0,0.05,1,allow
72.0,53.0,35.0,51.5,75.0,94.0,74.0,100.0,Guardian,supporter,B_ungoverned,0,0.6,0,allow
93.0,48.0,55.0,50.5,75.0,82.0,78.0,100.0,Scholar,gentle,B_ungoverned,0,0.6,0,allow
86.0,25.0,25.0,30.5,75.0,40.0,50.0,0.0,Healer,gentle,B_ungoverned,0,0.65,0,allow
100.0,56.0,0.0,8.0,75.0,67.0,0.0,0.0,Trickster,challenger,B_ungoverned,0,0.05,1,allow
100.0,25.0,20.0,26.0,75.0,27.0,20.0,0.0,Pioneer,explorer,B_ungoverned,0,0.05,1,allow
65.0,49.0,70.0,47.0,75.0,91.0,71.0,92.0,Guardian,supporter,B_ungoverned,0,0.9,0,allow
100.0,44.0,50.0,46.0,75.0,79.0,75.0,92.0,Scholar,gentle,B_ungoverned,0,0.05,1,allow
100.0,21.0,20.0,26.0,75.0,37.0,47.0,0.0,Healer,gentle,B_ungoverned,0,0.05,1,allow
100.0,52.0,0.0,3.5,75.0,64.0,0.0,0.0,Trickster,challenger,B_ungoverned,0,0.05,1,allow
100.0,21.0,15.0,21.5,75.0,24.0,17.0,0.0,Pioneer,explorer,B_ungoverned,0,0.05,1,allow
100.0,45.0,65.0,42.5,75.0,88.0,68.0,84.0,Guardian,supporter,B_ungoverned,0,0.05,1,allow
93.0,100.0,45.0,41.5,75.0,76.0,72.0,84.0,Scholar,gentle,B_ungoverned,0,0.7,0,allow
100.0,17.0,15.0,21.5,75.0,34.0,44.0,0.0,Healer,gentle,B_ungoverned,0,0.05,1,allow
93.0,48.0,40.0,0.0,75.0,61.0,0.0,0.0,Trickster,challenger,B_ungoverned,0,0.9,0,allow
100.0,17.0,10.0,17.0,75.0,21.0,14.0,0.0,Pioneer,explorer,B_ungoverned,0,0.05,1,allow
93.0,41.0,60.0,73.0,75.0,100.0,65.0,76.0,Guardian,supporter,B_ungoverned,0,0.6,0,allow
100.0,96.0,40.0,37.0,75.0,73.0,69.0,76.0,Scholar,gentle,B_ungoverned,0,0.05,1,allow
93.0,13.0,10.0,17.0,75.0,31.0,41.0,70.0,Healer,gentle,B_ungoverned,0,0.6,0,allow
100.0,44.0,35.0,0.0,75.0,58.0,0.0,0.0,Trickster,challenger,B_ungoverned,0,0.05,1,allow
93.0,13.0,5.0,12.5,75.0,18.0,11.0,70.0,Pioneer,explorer,B_ungoverned,0,0.6,0,allow
100.0,44.0,55.0,68.5,75.0,97.0,62.0,68.0,Guardian,supporter,B_ungoverned,0,0.05,1,allow
100.0,99.0,35.0,32.5,75.0,70.0,66.0,68.0,Scholar,gentle,B_ungoverned,0,0.05,1,allow
86.0,16.0,45.0,12.5,75.0,28.0,38.0,62.0,Healer,gentle,B_ungoverned,0,0.9,0,allow
100.0,47.0,30.0,0.0,75.0,55.0,0.0,0.0,Trickster,challenger,B_ungoverned,0,0.05,1,allow
86.0,16.0,40.0,8.0,75.0,15.0,8.0,62.0,Pioneer,explorer,B_ungoverned,0,0.9,0,allow
100.0,47.0,50.0,64.0,75.0,94.0,59.0,60.0,Guardian,supporter,B_ungoverned,0,0.05,1,allow
100.0,100.0,30.0,28.0,75.0,67.0,63.0,60.0,Scholar,gentle,B_ungoverned,0,0.05,1,allow
100.0,19.0,40.0,8.0,75.0,25.0,35.0,54.0,Healer,gentle,B_ungoverned,0,0.05,1,allow
100.0,50.0,25.0,0.0,75.0,52.0,0.0,0.0,Trickster,challenger,B_ungoverned,0,0.05,1,allow
79.0,19.0,35.0,38.5,75.0,42.0,5.0,54.0,Pioneer,explorer,B_ungoverned,0,0.6,0,allow
93.0,50.0,85.0,59.5,75.0,91.0,56.0,52.0,Guardian,supporter,B_ungoverned,0,0.9,0,allow
100.0,100.0,25.0,23.5,75.0,64.0,60.0,52.0,Scholar,gentle,B_ungoverned,0,0.05,1,allow
93.0,22.0,35.0,38.5,75.0,52.0,32.0,46.0,Healer,gentle,B_ungoverned,0,0.6,0,allow
93.0,53.0,20.0,35.0,75.0,79.0,0.0,0.0,Trickster,challenger,B_ungoverned,0,0.6,0,allow
100.0,22.0,30.0,34.0,75.0,39.0,2.0,46.0,Pioneer,explorer,B_ungoverned,0,0.05,1,allow
86.0,53.0,80.0,55.0,75.0,88.0,53.0,100.0,Guardian,supporter,B_ungoverned,0,0.6,0,allow
100.0,100.0,20.0,19.0,75.0,61.0,57.0,44.0,Scholar,gentle,B_ungoverned,0,0.05,1,allow
86.0,85.0,30.0,34.0,75.0,49.0,29.0,38.0,Healer,gentle,B_ungoverned,0,0.7,0,allow
100.0,56.0,15.0,30.5,75.0,76.0,0.0,0.0,Trickster,challenger,B_ungoverned,0,0.05,1,allow
93.0,25.0,25.0,29.5,75.0,36.0,50.0,38.0,Pioneer,explorer,B_ungoverned,0,0.65,0,allow
100.0,56.0,75.0,50.5,75.0,85.0,50.0,92.0,Guardian,supporter,B_ungoverned,0,0.05,1,allow
93.0,100.0,15.0,49.5,75.0,88.0,54.0,36.0,Scholar,gentle,B_ungoverned,0,0.6,0,allow
100.0,88.0,25.0,29.5,75.0,46.0,26.0,30.0,Healer,gentle,B_ungoverned,0,0.05,1,allow
100.0,59.0,10.0,26.0,75.0,73.0,0.0,0.0,Trickster,challenger,B_ungoverned,0,0.05,1,allow
100.0,28.0,20.0,25.0,75.0,33.0,47.0,30.0,Pioneer,explorer,B_ungoverned,0,0.05,1,allow
93.0,59.0,70.0,81.0,75.0,100.0,47.0,84.0,Guardian,supporter,B_ungoverned,0,0.6,0,allow
100.0,100.0,10.0,45.0,75.0,85.0,51.0,28.0,Scholar,gentle,B_ungoverned,0,0.05,1,allow
100.0,91.0,20.0,25.0,75.0,43.0,23.0,22.0,Healer,gentle,B_ungoverned,0,0.05,1,allow
100.0,62.0,5.0,21.5,75.0,70.0,0.0,0.0,Trickster,challenger,B_ungoverned,0,0.05,1,allow
100.0,31.0,15.0,20.5,75.0,30.0,44.0,22.0,Pioneer,explorer,B_ungoverned,0,0.05,1,allow
100.0,62.0,65.0,76.5,75.0,97.0,44.0,76.0,Guardian,supporter,B_ungoverned,0,0.05,1,allow
100.0,100.0,5.0,40.5,75.0,82.0,48.0,20.0,Scholar,gentle,B_ungoverned,0,0.05,1,allow
93.0,94.0,15.0,20.5,75.0,40.0,20.0,84.0,Healer,gentle,B_ungoverned,0,0.6,0,allow
93.0,65.0,40.0,17.0,75.0,67.0,0.0,0.0,Trickster,challenger,B_ungoverned,0,0.9,0,allow
100.0,34.0,10.0,16.0,75.0,27.0,41.0,14.0,Pioneer,explorer,B_ungoverned,0,0.05,1,allow
93.0,58.0,60.0,72.0,75.0,94.0,91.0,68.0,Guardian,supporter,B_ungoverned,0,0.65,0,allow
100.0,96.0,0.0,36.0,75.0,79.0,45.0,12.0,Scholar,gentle,B_ungoverned,0,0.05,1,allow
100.0,90.0,10.0,16.0,75.0,37.0,17.0,76.0,Healer,gentle,B_ungoverned,0,0.05,1,allow
100.0,61.0,35.0,12.5,75.0,64.0,0.0,0.0,Trickster,challenger,B_ungoverned,0,0.05,1,allow
100.0,30.0,5.0,11.5,75.0,24.0,38.0,6.0,Pioneer,explorer,B_ungoverned,0,0.05,1,allow
100.0,54.0,55.0,67.5,75.0,91.0,88.0,60.0,Guardian,supporter,B_ungoverned,0,0.05,1,allow
100.0,92.0,0.0,31.5,75.0,76.0,42.0,4.0,Scholar,gentle,B_ungoverned,0,0.05,1,allow
100.0,86.0,5.0,11.5,75.0,34.0,14.0,68.0,Healer,gentle,B_ungoverned,0,0.05,1,allow
100.0,57.0,30.0,8.0,75.0,61.0,0.0,0.0,Trickster,challenger,B_ungoverned,0,0.05,1,allow
100.0,26.0,0.0,7.0,75.0,21.0,35.0,0.0,Pioneer,explorer,B_ungoverned,0,0.05,1,allow
93.0,44.0,50.0,63.0,75.0,88.0,85.0,52.0,Guardian,supporter,B_ungoverned,0,0.85,0,allow
93.0,88.0,40.0,27.0,75.0,73.0,39.0,0.0,Scholar,gentle,B_ungoverned,0,0.9,0,allow
100.0,82.0,0.0,7.0,75.0,31.0,11.0,60.0,Healer,gentle,B_ungoverned,0,0.05,1,allow
100.0,53.0,25.0,3.5,75.0,58.0,0.0,0.0,Trickster,challenger,B_ungoverned,0,0.05,1,allow
93.0,22.0,40.0,2.5,75.0,18.0,32.0,0.0,Pioneer,explorer,B_ungoverned,0,0.9,0,allow
100.0,40.0,45.0,58.5,75.0,85.0,82.0,44.0,Guardian,supporter,B_ungoverned,0,0.05,1,allow
86.0,84.0,35.0,22.5,75.0,70.0,36.0,70.0,Scholar,gentle,B_ungoverned,0,0.6,0,allow
93.0,78.0,40.0,2.5,75.0,28.0,8.0,52.0,Healer,gentle,B_ungoverned,0,0.9,0,allow
93.0,49.0,20.0,35.0,75.0,85.0,0.0,0.0,Trickster,challenger,B_ungoverned,0,0.6,0,allow
100.0,18.0,35.0,0.0,75.0,15.0,29.0,0.0,Pioneer,explorer,B_ungoverned,0,0.05,1,allow
100.0,36.0,40.0,54.0,75.0,82.0,79.0,36.0,Guardian,supporter,B_ungoverned,0,0.05,1,allow
79.0,80.0,30.0,53.0,75.0,97.0,33.0,62.0,Scholar,gentle,B_ungoverned,0,0.6,0,allow
100.0,74.0,35.0,0.0,75.0,25.0,5.0,44.0,Healer,gentle,B_ungoverned,0,0.05,1,allow
100.0,45.0,15.0,30.5,75.0,82.0,0.0,0.0,Trickster,challenger,B_ungoverned,0,0.05,1,allow
93.0,14.0,30.0,35.0,75.0,42.0,26.0,0.0,Pioneer,explorer,B_ungoverned,0,0.6,0,allow
100.0,32.0,35.0,49.5,75.0,79.0,76.0,28.0,Guardian,supporter,B_ungoverned,0,0.05,1,allow
72.0,76.0,65.0,48.5,75.0,94.0,30.0,54.0,Scholar,gentle,B_ungoverned,0,0.9,0,allow
93.0,70.0,30.0,35.0,75.0,52.0,2.0,36.0,Healer,gentle,B_ungoverned,0,0.6,0,allow
93.0,41.0,10.0,26.0,75.0,79.0,50.0,0.0,Trickster,challenger,B_ungoverned,0,0.65,0,allow
100.0,10.0,25.0,30.5,75.0,39.0,23.0,0.0,Pioneer,explorer,B_ungoverned,0,0.05,1,allow
100.0,28.0,30.0,45.0,75.0,76.0,73.0,20.0,Guardian,supporter,B_ungoverned,0,0.05,1,allow
100.0,72.0,60.0,44.0,75.0,91.0,27.0,46.0,Scholar,gentle,B_ungoverned,0,0.05,1,allow
86.0,66.0,25.0,30.5,75.0,49.0,50.0,28.0,Healer,gentle,B_ungoverned,0,0.65,0,allow
86.0,37.0,5.0,21.5,75.0,76.0,47.0,70.0,Trickster,challenger,B_ungoverned,0,0.6,0,allow
100.0,6.0,20.0,26.0,75.0,36.0,20.0,0.0,Pioneer,explorer,B_ungoverned,0,0.05,1,allow
100.0,24.0,25.0,40.5,75.0,73.0,70.0,12.0,Guardian,supporter,B_ungoverned,0,0.05,1,allow
100.0,68.0,55.0,39.5,75.0,88.0,24.0,38.0,Scholar,gentle,B_ungoverned,0,0.05,1,allow
100.0,62.0,20.0,26.0,75.0,46.0,47.0,20.0,Healer,gentle,B_ungoverned,0,0.05,1,allow
100.0,33.0,0.0,17.0,75.0,73.0,44.0,62.0,Trickster,challenger,B_ungoverned,0,0.05,1,allow
93.0,2.0,15.0,21.5,75.0,33.0,17.0,70.0,Pioneer,explorer,B_ungoverned,0,0.6,0,allow
93.0,20.0,20.0,36.0,75.0,70.0,67.0,74.0,Guardian,supporter,B_ungoverned,0,0.6,0,allow
93.0,64.0,50.0,35.0,75.0,85.0,71.0,30.0,Scholar,gentle,B_ungoverned,0,0.65,0,allow
100.0,58.0,15.0,21.5,75.0,43.0,44.0,12.0,Healer,gentle,B_ungoverned,0,0.05,1,allow
93.0,29.0,40.0,12.5,75.0,70.0,41.0,54.0,Trickster,challenger,B_ungoverned,0,0.9,0,allow
100.0,0.0,10.0,17.0,75.0,30.0,14.0,62.0,Pioneer,explorer,B_ungoverned,0,0.05,1,allow
86.0,16.0,55.0,31.5,75.0,67.0,64.0,66.0,Guardian,supporter,B_ungoverned,0,0.9,0,allow
100.0,60.0,45.0,30.5,75.0,82.0,68.0,22.0,Scholar,gentle,B_ungoverned,0,0.05,1,allow
93.0,54.0,10.0,17.0,75.0,40.0,41.0,74.0,Healer,gentle,B_ungoverned,0,0.6,0,allow
86.0,25.0,35.0,43.0,75.0,97.0,38.0,46.0,Trickster,challenger,B_ungoverned,0,0.6,0,allow
93.0,60.0,5.0,12.5,75.0,27.0,11.0,54.0,Pioneer,explorer,B_ungoverned,0,0.7,0,allow
79.0,72.0,50.0,27.0,75.0,64.0,61.0,58.0,Guardian,supporter,B_ungoverned,0,0.7,0,allow
93.0,56.0,40.0,26.0,75.0,79.0,65.0,84.0,Scholar,gentle,B_ungoverned,0,0.6,0,allow
100.0,50.0,5.0,12.5,75.0,37.0,38.0,66.0,Healer,gentle,B_ungoverned,0,0.05,1,allow
100.0,21.0,30.0,38.5,75.0,94.0,35.0,38.0,Trickster,challenger,B_ungoverned,0,0.05,1,allow
100.0,56.0,0.0,8.0,75.0,24.0,8.0,46.0,Pioneer,explorer,B_ungoverned,0,0.05,1,allow
100.0,68.0,45.0,22.5,75.0,61.0,58.0,50.0,Guardian,supporter,B_ungoverned,0,0.05,1,allow
100.0,52.0,35.0,21.5,75.0,76.0,62.0,76.0,Scholar,gentle,B_ungoverned,0,0.05,1,allow
100.0,46.0,0.0,8.0,75.0,34.0,35.0,58.0,Healer,gentle,B_ungoverned,0,0.05,1,allow
100.0,17.0,25.0,34.0,75.0,91.0,32.0,30.0,Trickster,challenger,B_ungoverned,0,0.05,1,allow
93.0,52.0,40.0,3.5,75.0,21.0,5.0,38.0,Pioneer,explorer,B_ungoverned,0,0.9,0,allow
93.0,64.0,40.0,53.0,75.0,88.0,55.0,42.0,Guardian,supporter,B_ungoverned,0,0.6,0,allow
93.0,48.0,30.0,52.0,75.0,100.0,59.0,68.0,Scholar,gentle,B_ungoverned,0,0.6,0,allow
100.0,42.0,0.0,3.5,75.0,31.0,32.0,50.0,Healer,gentle,B_ungoverned,0,0.05,1,allow
100.0,13.0,20.0,29.5,75.0,88.0,29.0,22.0,Trickster,challenger,B_ungoverned,0,0.05,1,allow
86.0,48.0,35.0,35.0,75.0,48.0,2.0,30.0,Pioneer,explorer,B_ungoverned,0,0.6,0,allow
86.0,60.0,35.0,48.5,75.0,85.0,52.0,100.0,Guardian,supporter,B_ungoverned,0,0.6,0,allow
86.0,44.0,65.0,47.5,75.0,97.0,56.0,60.0,Scholar,gentle,B_ungoverned,0,0.9,0,allow
93.0,38.0,40.0,0.0,75.0,28.0,29.0,42.0,Healer,gentle,B_ungoverned,0,0.9,0,allow
100.0,9.0,15.0,25.0,75.0,85.0,26.0,14.0,Trickster,challenger,B_ungoverned,0,0.05,1,allow
79.0,44.0,30.0,30.5,75.0,45.0,50.0,22.0,Pioneer,explorer,B_ungoverned,0,0.65,0,allow
100.0,56.0,30.0,44.0,75.0,82.0,49.0,92.0,Guardian,supporter,B_ungoverned,0,0.05,1,allow
79.0,100.0,60.0,43.0,75.0,94.0,53.0,52.0,Scholar,gentle,B_ungoverned,0,0.7,0,allow
86.0,34.0,35.0,35.0,75.0,55.0,26.0,34.0,Healer,gentle,B_ungoverned,0,0.6,0,allow
100.0,5.0,10.0,20.5,75.0,82.0,23.0,6.0,Trickster,challenger,B_ungoverned,0,0.05,1,allow
72.0,40.0,25.0,26.0,75.0,42.0,47.0,84.0,Pioneer,explorer,B_ungoverned,0,0.6,0,allow
100.0,52.0,25.0,39.5,75.0,79.0,46.0,84.0,Guardian,supporter,B_ungoverned,0,0.05,1,allow
100.0,96.0,55.0,38.5,75.0,91.0,50.0,44.0,Scholar,gentle,B_ungoverned,0,0.05,1,allow
100.0,30.0,30.0,30.5,75.0,52.0,23.0,26.0,Healer,gentle,B_ungoverned,0,0.05,1,allow
100.0,1.0,5.0,16.0,75.0,79.0,20.0,0.0,Trickster,challenger,B_ungoverned,0,0.05,1,allow
100.0,36.0,20.0,21.5,75.0,39.0,44.0,76.0,Pioneer,explorer,B_ungoverned,0,0.05,1,allow
93.0,48.0,60.0,35.0,75.0,76.0,43.0,76.0,Guardian,supporter,B_ungoverned,0,0.9,0,allow
93.0,92.0,50.0,69.0,75.0,100.0,47.0,36.0,Scholar,gentle,B_ungoverned,0,0.6,0,allow
100.0,26.0,25.0,26.0,75.0,49.0,20.0,18.0,Healer,gentle,B_ungoverned,0,0.05,1,allow
93.0,60.0,0.0,11.5,75.0,76.0,17.0,0.0,Trickster,challenger,B_ungoverned,0,0.7,0,allow
93.0,32.0,55.0,17.0,75.0,36.0,41.0,68.0,Pioneer,explorer,B_ungoverned,0,0.9,0,allow
86.0,51.0,55.0,65.5,75.0,100.0,40.0,68.0,Guardian,supporter,B_ungoverned,0,0.6,0,allow
86.0,95.0,45.0,64.5,75.0,97.0,44.0,98.0,Scholar,gentle,B_ungoverned,0,0.6,0,allow
100.0,29.0,20.0,21.5,75.0,46.0,17.0,10.0,Healer,gentle,B_ungoverned,0,0.05,1,allow
100.0,63.0,0.0,7.0,75.0,73.0,14.0,0.0,Trickster,challenger,B_ungoverned,0,0.05,1,allow
86.0,35.0,50.0,47.5,75.0,63.0,38.0,60.0,Pioneer,explorer,B_ungoverned,0,0.6,0,allow
100.0,54.0,50.0,61.0,75.0,97.0,37.0,60.0,Guardian,supporter,B_ungoverned,0,0.05,1,allow
100.0,98.0,40.0,60.0,75.0,94.0,41.0,90.0,Scholar,gentle,B_ungoverned,0,0.05,1,allow
93.0,32.0,15.0,17.0,75.0,43.0,14.0,72.0,Healer,gentle,B_ungoverned,0,0.6,0,allow
100.0,66.0,0.0,2.5,75.0,70.0,11.0,0.0,Trickster,challenger,B_ungoverned,0,0.05,1,allow
100.0,38.0,45.0,43.0,75.0,60.0,35.0,52.0,Pioneer,explorer,B_ungoverned,0,0.05,1,allow
100.0,57.0,45.0,56.5,75.0,94.0,34.0,52.0,Guardian,supporter,B_ungoverned,0,0.05,1,allow
93.0,100.0,75.0,55.5,75.0,91.0,38.0,82.0,Scholar,gentle,B_ungoverned,0,0.9,0,allow
100.0,35.0,10.0,12.5,75.0,40.0,11.0,64.0,Healer,gentle,B_ungoverned,0,0.05,1,allow
100.0,69.0,0.0,0.0,75.0,67.0,8.0,0.0,Trickster,challenger,B_ungoverned,0,0.05,1,allow
93.0,41.0,40.0,38.5,75.0,57.0,82.0,44.0,Pioneer,explorer,B_ungoverned,0,0.65,0,allow
93.0,60.0,40.0,52.0,75.0,91.0,81.0,44.0,Guardian,supporter,B_ungoverned,0,0.65,0,allow
100.0,100.0,70.0,51.0,75.0,88.0,35.0,74.0,Scholar,gentle,B_ungoverned,0,0.05,1,allow
100.0,38.0,5.0,8.0,75.0,37.0,8.0,56.0,Healer,gentle,B_ungoverned,0,0.05,1,allow
100.0,72.0,0.0,0.0,75.0,64.0,5.0,0.0,Trickster,challenger,B_ungoverned,0,0.05,1,allow
100.0,44.0,35.0,34.0,75.0,54.0,79.0,36.0,Pioneer,explorer,B_ungoverned,0,0.05,1,allow
100.0,63.0,35.0,47.5,75.0,88.0,78.0,36.0,Guardian,supporter,B_ungoverned,0,0.05,1,allow
93.0,100.0,65.0,46.5,75.0,85.0,82.0,66.0,Scholar,gentle,B_ungoverned,0,0.65,0,allow
93.0,41.0,40.0,3.5,75.0,34.0,5.0,48.0,Healer,gentle,B_ungoverned,0,0.9,0,allow
100.0,75.0,0.0,0.0,75.0,61.0,2.0,0.0,Trickster,challenger,B_ungoverned,0,0.05,1,allow
100.0,47.0,30.0,29.5,75.0,51.0,76.0,28.0,Pioneer,explorer,B_ungoverned,0,0.05,1,allow
100.0,66.0,30.0,43.0,75.0,85.0,75.0,28.0,Guardian,supporter,B_ungoverned,0,0.05,1,allow
100.0,100.0,60.0,42.0,75.0,82.0,79.0,58.0,Scholar,gentle,B_ungoverned,0,0.05,1,allow
100.0,44.0,35.0,0.0,75.0,31.0,2.0,40.0,Healer,gentle,B_ungoverned,0,0.05,1,allow
100.0,78.0,0.0,0.0,75.0,58.0,0.0,0.0,Trickster,challenger,B_ungoverned,0,0.05,1,allow
100.0,50.0,25.0,25.0,75.0,48.0,73.0,20.0,Pioneer,explorer,B_ungoverned,0,0.05,1,allow
100.0,69.0,25.0,38.5,75.0,82.0,72.0,20.0,Guardian,supporter,B_ungoverned,0,0.05,1,allow
100.0,100.0,55.0,37.5,75.0,79.0,76.0,50.0,Scholar,gentle,B_ungoverned,0,0.05,1,allow
100.0,47.0,30.0,0.0,75.0,28.0,0.0,32.0,Healer,gentle,B_ungoverned,0,0.05,1,allow
100.0,81.0,0.0,0.0,75.0,55.0,0.0,0.0,Trickster,challenger,B_ungoverned,0,0.05,1,allow
100.0,53.0,20.0,20.5,75.0,45.0,70.0,12.0,Pioneer,explorer,B_ungoverned,0,0.05,1,allow
93.0,65.0,20.0,34.0,75.0,79.0,69.0,82.0,Guardian,supporter,B_ungoverned,0,0.6,0,allow
93.0,96.0,50.0,68.0,75.0,100.0,73.0,42.0,Scholar,gentle,B_ungoverned,0,0.6,0,allow
93.0,43.0,25.0,35.0,75.0,55.0,0.0,24.0,Healer,gentle,B_ungoverned,0,0.6,0,allow
100.0,77.0,0.0,0.0,75.0,52.0,0.0,0.0,Trickster,challenger,B_ungoverned,0,0.05,1,allow
93.0,49.0,15.0,16.0,75.0,42.0,67.0,74.0,Pioneer,explorer,B_ungoverned,0,0.6,0,allow
100.0,61.0,15.0,29.5,75.0,76.0,66.0,74.0,Guardian,supporter,B_ungoverned,0,0.05,1,allow
100.0,92.0,45.0,63.5,75.0,97.0,70.0,34.0,Scholar,gentle,B_ungoverned,0,0.05,1,allow
100.0,39.0,20.0,30.5,75.0,52.0,0.0,16.0,Healer,gentle,B_ungoverned,0,0.05,1,allow
93.0,73.0,40.0,0.0,75.0,49.0,0.0,0.0,Trickster,challenger,B_ungoverned,0,0.9,0,allow
86.0,45.0,50.0,11.5,75.0,39.0,64.0,66.0,Pioneer,explorer,B_ungoverned,0,0.9,0,allow
100.0,57.0,10.0,25.0,75.0,73.0,63.0,66.0,Guardian,supporter,B_ungoverned,0,0.05,1,allow
100.0,88.0,40.0,59.0,75.0,94.0,67.0,26.0,Scholar,gentle,B_ungoverned,0,0.05,1,allow
100.0,35.0,15.0,26.0,75.0,49.0,0.0,8.0,Healer,gentle,B_ungoverned,0,0.05,1,allow
100.0,69.0,35.0,0.0,75.0,46.0,0.0,0.0,Trickster,challenger,B_ungoverned,0,0.05,1,allow
79.0,41.0,45.0,42.0,75.0,66.0,61.0,58.0,Pioneer,explorer,B_ungoverned,0,0.6,0,allow
100.0,53.0,5.0,20.5,75.0,70.0,60.0,58.0,Guardian,supporter,B_ungoverned,0,0.05,1,allow
100.0,84.0,35.0,54.5,75.0,91.0,64.0,18.0,Scholar,gentle,B_ungoverned,0,0.05,1,allow
100.0,31.0,10.0,21.5,75.0,46.0,0.0,0.0,Healer,gentle,B_ungoverned,0,0.05,1,allow
100.0,65.0,30.0,0.0,75.0,43.0,0.0,0.0,Trickster,challenger,B_ungoverned,0,0.05,1,allow
72.0,97.0,40.0,37.5,75.0,63.0,58.0,50.0,Pioneer,explorer,B_ungoverned,0,0.7,0,allow
93.0,49.0,40.0,16.0,75.0,67.0,57.0,50.0,Guardian,supporter,B_ungoverned,0,0.9,0,allow
93.0,80.0,30.0,50.0,75.0,88.0,61.0,80.0,Scholar,gentle,B_ungoverned,0,0.6,0,allow
100.0,27.0,5.0,17.0,75.0,43.0,0.0,0.0,Healer,gentle,B_ungoverned,0,0.05,1,allow
100.0,61.0,25.0,0.0,75.0,40.0,0.0,0.0,Trickster,challenger,B_ungoverned,0,0.05,1,allow
100.0,93.0,35.0,33.0,75.0,60.0,55.0,42.0,Pioneer,explorer,B_ungoverned,0,0.05,1,allow
100.0,45.0,35.0,11.5,75.0,64.0,54.0,42.0,Guardian,supporter,B_ungoverned,0,0.05,1,allow
100.0,76.0,25.0,45.5,75.0,85.0,58.0,72.0,Scholar,gentle,B_ungoverned,0,0.05,1,allow
100.0,23.0,0.0,12.5,75.0,40.0,0.0,0.0,Healer,gentle,B_ungoverned,0,0.05,1,allow
93.0,57.0,20.0,35.0,75.0,67.0,0.0,0.0,Trickster,challenger,B_ungoverned,0,0.6,0,allow
93.0,89.0,30.0,63.5,75.0,87.0,52.0,34.0,Pioneer,explorer,B_ungoverned,0,0.6,0,allow
100.0,41.0,30.0,7.0,75.0,61.0,51.0,34.0,Guardian,supporter,B_ungoverned,0,0.05,1,allow
93.0,72.0,60.0,41.0,75.0,82.0,55.0,64.0,Scholar,gentle,B_ungoverned,0,0.9,0,allow
100.0,19.0,0.0,8.0,75.0,37.0,0.0,0.0,Healer,gentle,B_ungoverned,0,0.05,1,allow
86.0,53.0,15.0,30.5,75.0,64.0,50.0,0.0,Trickster,challenger,B_ungoverned,0,0.65,0,allow
100.0,85.0,25.0,59.0,75.0,84.0,49.0,26.0,Pioneer,explorer,B_ungoverned,0,0.05,1,allow
93.0,37.0,25.0,37.5,75.0,88.0,48.0,26.0,Guardian,supporter,B_ungoverned,0,0.6,0,allow
100.0,68.0,55.0,36.5,75.0,79.0,52.0,56.0,Scholar,gentle,B_ungoverned,0,0.05,1,allow
100.0,15.0,0.0,3.5,75.0,34.0,0.0,0.0,Healer,gentle,B_ungoverned,0,0.05,1,allow
100.0,49.0,10.0,26.0,75.0,61.0,47.0,0.0,Trickster,challenger,B_ungoverned,0,0.05,1,allow
93.0,81.0,20.0,54.5,75.0,81.0,46.0,88.0,Pioneer,explorer,B_ungoverned,0,0.6,0,allow
100.0,33.0,20.0,33.0,75.0,85.0,45.0,18.0,Guardian,supporter,B_ungoverned,0,0.05,1,allow
100.0,64.0,50.0,32.0,75.0,76.0,49.0,48.0,Scholar,gentle,B_ungoverned,0,0.05,1,allow
100.0,11.0,0.0,0.0,75.0,31.0,0.0,0.0,Healer,gentle,B_ungoverned,0,0.05,1,allow
100.0,45.0,5.0,21.5,75.0,58.0,44.0,0.0,Trickster,challenger,B_ungoverned,0,0.05,1,allow
100.0,77.0,15.0,50.0,75.0,78.0,43.0,80.0,Pioneer,explorer,B_ungoverned,0,0.05,1,allow
93.0,29.0,15.0,28.5,75.0,82.0,42.0,80.0,Guardian,supporter,B_ungoverned,0,0.6,0,allow
100.0,60.0,45.0,27.5,75.0,73.0,46.0,40.0,Scholar,gentle,B_ungoverned,0,0.05,1,allow
93.0,7.0,40.0,0.0,75.0,28.0,0.0,0.0,Healer,gentle,B_ungoverned,0,0.9,0,allow
100.0,41.0,0.0,17.0,75.0,55.0,41.0,0.0,Trickster,challenger,B_ungoverned,0,0.05,1,allow
93.0,73.0,50.0,45.5,75.0,75.0,40.0,72.0,Pioneer,explorer,B_ungoverned,0,0.9,0,allow
100.0,25.0,10.0,24.0,75.0,79.0,39.0,72.0,Guardian,supporter,B_ungoverned,0,0.05,1,allow
100.0,56.0,40.0,23.0,75.0,70.0,43.0,32.0,Scholar,gentle,B_ungoverned,0,0.05,1,allow
100.0,3.0,35.0,0.0,75.0,25.0,0.0,0.0,Healer,gentle,B_ungoverned,0,0.05,1,allow
100.0,37.0,0.0,12.5,75.0,52.0,38.0,0.0,Trickster,challenger,B_ungoverned,0,0.05,1,allow
86.0,69.0,45.0,41.0,75.0,72.0,87.0,64.0,Pioneer,explorer,B_ungoverned,0,0.65,0,allow
93.0,21.0,45.0,19.5,75.0,76.0,36.0,64.0,Guardian,supporter,B_ungoverned,0,0.9,0,allow
100.0,52.0,35.0,18.5,75.0,67.0,40.0,24.0,Scholar,gentle,B_ungoverned,0,0.05,1,allow
93.0,60.0,30.0,0.0,75.0,22.0,0.0,0.0,Healer,gentle,B_ungoverned,0,0.7,0,allow
93.0,33.0,40.0,8.0,75.0,49.0,35.0,0.0,Trickster,challenger,B_ungoverned,0,0.9,0,allow
100.0,65.0,40.0,36.5,75.0,69.0,84.0,56.0,Pioneer,explorer,B_ungoverned,0,0.05,1,allow
100.0,17.0,40.0,15.0,75.0,73.0,33.0,56.0,Guardian,supporter,B_ungoverned,0,0.05,1,allow
93.0,48.0,30.0,49.0,75.0,94.0,37.0,16.0,Scholar,gentle,B_ungoverned,0,0.6,0,allow
100.0,56.0,25.0,0.0,75.0,19.0,0.0,0.0,Healer,gentle,B_ungoverned,0,0.05,1,allow
86.0,29.0,35.0,3.5,75.0,46.0,32.0,70.0,Trickster,challenger,B_ungoverned,0,0.6,0,allow
93.0,61.0,35.0,67.0,75.0,96.0,81.0,48.0,Pioneer,explorer,B_ungoverned,0,0.6,0,allow
100.0,13.0,35.0,10.5,75.0,70.0,30.0,48.0,Guardian,supporter,B_ungoverned,0,0.05,1,allow
100.0,44.0,25.0,44.5,75.0,91.0,34.0,8.0,Scholar,gentle,B_ungoverned,0,0.05,1,allow
93.0,52.0,20.0,35.0,75.0,46.0,0.0,0.0,Healer,gentle,B_ungoverned,0,0.6,0,allow
100.0,25.0,30.0,0.0,75.0,43.0,29.0,62.0,Trickster,challenger,B_ungoverned,0,0.05,1,allow
100.0,57.0,30.0,62.5,75.0,93.0,78.0,40.0,Pioneer,explorer,B_ungoverned,0,0.05,1,allow
100.0,9.0,30.0,6.0,75.0,67.0,27.0,40.0,Guardian,supporter,B_ungoverned,0,0.05,1,allow
93.0,40.0,20.0,40.0,75.0,88.0,31.0,70.0,Scholar,gentle,B_ungoverned,0,0.6,0,allow
100.0,48.0,15.0,30.5,75.0,43.0,0.0,0.0,Healer,gentle,B_ungoverned,0,0.05,1,allow
100.0,21.0,25.0,0.0,75.0,40.0,26.0,54.0,Trickster,challenger,B_ungoverned,0,0.05,1,allow
100.0,53.0,25.0,58.0,75.0,90.0,75.0,32.0,Pioneer,explorer,B_ungoverned,0,0.05,1,allow
100.0,5.0,25.0,1.5,75.0,64.0,24.0,32.0,Guardian,supporter,B_ungoverned,0,0.05,1,allow
86.0,36.0,55.0,35.5,75.0,85.0,28.0,62.0,Scholar,gentle,B_ungoverned,0,0.9,0,allow
100.0,44.0,10.0,26.0,75.0,40.0,0.0,0.0,Healer,gentle,B_ungoverned,0,0.05,1,allow
93.0,17.0,20.0,35.0,75.0,67.0,23.0,46.0,Trickster,challenger,B_ungoverned,0,0.6,0,allow
93.0,49.0,60.0,53.5,75.0,87.0,72.0,24.0,Pioneer,explorer,B_ungoverned,0,0.9,0,allow
100.0,1.0,20.0,0.0,75.0,61.0,21.0,24.0,Guardian,supporter,B_ungoverned,0,0.05,1,allow
79.0,32.0,50.0,31.0,75.0,82.0,75.0,54.0,Scholar,gentle,B_ungoverned,0,0.65,0,allow
100.0,40.0,5.0,21.5,75.0,37.0,0.0,0.0,Healer,gentle,B_ungoverned,0,0.05,1,allow
86.0,73.0,15.0,30.5,75.0,64.0,20.0,38.0,Trickster,challenger,B_ungoverned,0,0.7,0,allow
100.0,45.0,55.0,49.0,75.0,84.0,69.0,16.0,Pioneer,explorer,B_ungoverned,0,0.05,1,allow
100.0,7.0,15.0,0.0,75.0,58.0,18.0,16.0,Guardian,supporter,B_ungoverned,0,0.05,1,allow
100.0,35.0,45.0,26.5,75.0,79.0,72.0,46.0,Scholar,gentle,B_ungoverned,0,0.05,1,allow
100.0,43.0,0.0,17.0,75.0,34.0,0.0,0.0,Healer,gentle,B_ungoverned,0,0.05,1,allow
100.0,76.0,10.0,26.0,75.0,61.0,17.0,30.0,Trickster,challenger,B_ungoverned,0,0.05,1,allow
93.0,48.0,50.0,44.5,75.0,81.0,66.0,78.0,Pioneer,explorer,B_ungoverned,0,0.6,0,allow
