name,package,description,tier,price_gbp_monthly,sectors,registry_url,endpoint,github_url,install_command,mcp_run_command
a2a-governance-bridge-mcp,a2a-governance-bridge-mcp,A2A Governance Bridge — CSOAI / MEOK AI Labs Layer 0 compliance MCP server. Tier: Low-Value Pack (£9/mo). Sectors: general. EU AI Act / NIST AI RMF / ISO 42001 cross-framework support. HMAC-signed attestations via proofof.ai.,lvp,9,general,https://pypi.org/project/a2a-governance-bridge-mcp/,https://csoai.org/mcp/a2a-governance-bridge-mcp,https://github.com/CSOAI-ORG/a2a-governance-bridge-mcp,pip install a2a-governance-bridge-mcp,python -m a2a_governance_bridge_mcp
accessibility-ai-mcp,accessibility-ai-mcp,Accessibility Ai — CSOAI / MEOK AI Labs Layer 0 compliance MCP server. Tier: Low-Value Pack (£9/mo). Sectors: general. EU AI Act / NIST AI RMF / ISO 42001 cross-framework support. HMAC-signed attestations via proofof.ai.,lvp,9,general,https://pypi.org/project/accessibility-ai-mcp/,https://csoai.org/mcp/accessibility-ai-mcp,https://github.com/CSOAI-ORG/accessibility-ai-mcp,pip install accessibility-ai-mcp,python -m accessibility_ai_mcp
accounting-ai-mcp,accounting-ai-mcp,Accounting Ai — CSOAI / MEOK AI Labs Layer 0 compliance MCP server. Tier: Low-Value Pack (£9/mo). Sectors: general. EU AI Act / NIST AI RMF / ISO 42001 cross-framework support. HMAC-signed attestations via proofof.ai.,lvp,9,general,https://pypi.org/project/accounting-ai-mcp/,https://csoai.org/mcp/accounting-ai-mcp,https://github.com/CSOAI-ORG/accounting-ai-mcp,pip install accounting-ai-mcp,python -m accounting_ai_mcp
ad-copy-ai-mcp,ad-copy-ai-mcp,Ad Copy Ai — CSOAI / MEOK AI Labs Layer 0 compliance MCP server. Tier: Low-Value Pack (£9/mo). Sectors: general. EU AI Act / NIST AI RMF / ISO 42001 cross-framework support. HMAC-signed attestations via proofof.ai.,lvp,9,general,https://pypi.org/project/ad-copy-ai-mcp/,https://csoai.org/mcp/ad-copy-ai-mcp,https://github.com/CSOAI-ORG/ad-copy-ai-mcp,pip install ad-copy-ai-mcp,python -m ad_copy_ai_mcp
agent-audit-logger-mcp,agent-audit-logger-mcp,Agent Audit Logger — CSOAI / MEOK AI Labs Layer 0 compliance MCP server. Tier: High-Value Pack (£99/mo). Sectors: legal. EU AI Act / NIST AI RMF / ISO 42001 cross-framework support. HMAC-signed attestations via proofof.ai.,hvp,79,legal,https://pypi.org/project/agent-audit-logger-mcp/,https://csoai.org/mcp/agent-audit-logger-mcp,https://github.com/CSOAI-ORG/agent-audit-logger-mcp,pip install agent-audit-logger-mcp,python -m agent_audit_logger_mcp
agent-commerce-payments-mcp,agent-commerce-payments-mcp,Agent Commerce Payments — CSOAI / MEOK AI Labs Layer 0 compliance MCP server. Tier: Mid-Value Pack (£29/mo). Sectors: finance. EU AI Act / NIST AI RMF / ISO 42001 cross-framework support. HMAC-signed attestations via proofof.ai.,mvp,29,finance,https://pypi.org/project/agent-commerce-payments-mcp/,https://csoai.org/mcp/agent-commerce-payments-mcp,https://github.com/CSOAI-ORG/agent-commerce-payments-mcp,pip install agent-commerce-payments-mcp,python -m agent_commerce_payments_mcp
agent-commerce-protocol-mcp,agent-commerce-protocol-mcp,Agent Commerce Protocol — CSOAI / MEOK AI Labs Layer 0 compliance MCP server. Tier: Mid-Value Pack (£29/mo). Sectors: general. EU AI Act / NIST AI RMF / ISO 42001 cross-framework support. HMAC-signed attestations via proofof.ai.,mvp,29,general,https://pypi.org/project/agent-commerce-protocol-mcp/,https://csoai.org/mcp/agent-commerce-protocol-mcp,https://github.com/CSOAI-ORG/agent-commerce-protocol-mcp,pip install agent-commerce-protocol-mcp,python -m agent_commerce_protocol_mcp
agent-content-watermark-mcp,agent-content-watermark-mcp,Agent Content Watermark — CSOAI / MEOK AI Labs Layer 0 compliance MCP server. Tier: Mid-Value Pack (£29/mo). Sectors: media. EU AI Act / NIST AI RMF / ISO 42001 cross-framework support. HMAC-signed attestations via proofof.ai.,mvp,29,media,https://pypi.org/project/agent-content-watermark-mcp/,https://csoai.org/mcp/agent-content-watermark-mcp,https://github.com/CSOAI-ORG/agent-content-watermark-mcp,pip install agent-content-watermark-mcp,python -m agent_content_watermark_mcp
agent-cost-allocator-mcp,agent-cost-allocator-mcp,Agent Cost Allocator — CSOAI / MEOK AI Labs Layer 0 compliance MCP server. Tier: Mid-Value Pack (£29/mo). Sectors: general. EU AI Act / NIST AI RMF / ISO 42001 cross-framework support. HMAC-signed attestations via proofof.ai.,mvp,29,general,https://pypi.org/project/agent-cost-allocator-mcp/,https://csoai.org/mcp/agent-cost-allocator-mcp,https://github.com/CSOAI-ORG/agent-cost-allocator-mcp,pip install agent-cost-allocator-mcp,python -m agent_cost_allocator_mcp
agent-data-residency-mcp,agent-data-residency-mcp,Agent Data Residency — CSOAI / MEOK AI Labs Layer 0 compliance MCP server. Tier: Mid-Value Pack (£29/mo). Sectors: general. EU AI Act / NIST AI RMF / ISO 42001 cross-framework support. HMAC-signed attestations via proofof.ai.,mvp,29,general,https://pypi.org/project/agent-data-residency-mcp/,https://csoai.org/mcp/agent-data-residency-mcp,https://github.com/CSOAI-ORG/agent-data-residency-mcp,pip install agent-data-residency-mcp,python -m agent_data_residency_mcp
agent-delegation-mcp,agent-delegation-mcp,Agent Delegation — CSOAI / MEOK AI Labs Layer 0 compliance MCP server. Tier: Mid-Value Pack (£29/mo). Sectors: general. EU AI Act / NIST AI RMF / ISO 42001 cross-framework support. HMAC-signed attestations via proofof.ai.,mvp,29,general,https://pypi.org/project/agent-delegation-mcp/,https://csoai.org/mcp/agent-delegation-mcp,https://github.com/CSOAI-ORG/agent-delegation-mcp,pip install agent-delegation-mcp,python -m agent_delegation_mcp
agent-handoff-certified-mcp,agent-handoff-certified-mcp,Agent Handoff Certified — CSOAI / MEOK AI Labs Layer 0 compliance MCP server. Tier: Mid-Value Pack (£29/mo). Sectors: general. EU AI Act / NIST AI RMF / ISO 42001 cross-framework support. HMAC-signed attestations via proofof.ai.,mvp,29,general,https://pypi.org/project/agent-handoff-certified-mcp/,https://csoai.org/mcp/agent-handoff-certified-mcp,https://github.com/CSOAI-ORG/agent-handoff-certified-mcp,pip install agent-handoff-certified-mcp,python -m agent_handoff_certified_mcp
agent-identity-trust-mcp,agent-identity-trust-mcp,Agent Identity Trust — CSOAI / MEOK AI Labs Layer 0 compliance MCP server. Tier: Mid-Value Pack (£29/mo). Sectors: general. EU AI Act / NIST AI RMF / ISO 42001 cross-framework support. HMAC-signed attestations via proofof.ai.,mvp,29,general,https://pypi.org/project/agent-identity-trust-mcp/,https://csoai.org/mcp/agent-identity-trust-mcp,https://github.com/CSOAI-ORG/agent-identity-trust-mcp,pip install agent-identity-trust-mcp,python -m agent_identity_trust_mcp
agent-incident-relay-mcp,agent-incident-relay-mcp,Agent Incident Relay — CSOAI / MEOK AI Labs Layer 0 compliance MCP server. Tier: Mid-Value Pack (£29/mo). Sectors: general. EU AI Act / NIST AI RMF / ISO 42001 cross-framework support. HMAC-signed attestations via proofof.ai.,mvp,29,general,https://pypi.org/project/agent-incident-relay-mcp/,https://csoai.org/mcp/agent-incident-relay-mcp,https://github.com/CSOAI-ORG/agent-incident-relay-mcp,pip install agent-incident-relay-mcp,python -m agent_incident_relay_mcp
agent-incident-reporter-mcp,agent-incident-reporter-mcp,Agent Incident Reporter — CSOAI / MEOK AI Labs Layer 0 compliance MCP server. Tier: Mid-Value Pack (£29/mo). Sectors: general. EU AI Act / NIST AI RMF / ISO 42001 cross-framework support. HMAC-signed attestations via proofof.ai.,mvp,29,general,https://pypi.org/project/agent-incident-reporter-mcp/,https://csoai.org/mcp/agent-incident-reporter-mcp,https://github.com/CSOAI-ORG/agent-incident-reporter-mcp,pip install agent-incident-reporter-mcp,python -m agent_incident_reporter_mcp
agent-mcp-router-mcp,agent-mcp-router-mcp,Agent Router — CSOAI / MEOK AI Labs Layer 0 compliance MCP server. Tier: Mid-Value Pack (£29/mo). Sectors: general. EU AI Act / NIST AI RMF / ISO 42001 cross-framework support. HMAC-signed attestations via proofof.ai.,mvp,29,general,https://pypi.org/project/agent-mcp-router-mcp/,https://csoai.org/mcp/agent-mcp-router-mcp,https://github.com/CSOAI-ORG/agent-mcp-router-mcp,pip install agent-mcp-router-mcp,python -m agent_mcp_router_mcp
agent-negotiation-mcp,agent-negotiation-mcp,Agent Negotiation — CSOAI / MEOK AI Labs Layer 0 compliance MCP server. Tier: Mid-Value Pack (£29/mo). Sectors: general. EU AI Act / NIST AI RMF / ISO 42001 cross-framework support. HMAC-signed attestations via proofof.ai.,mvp,29,general,https://pypi.org/project/agent-negotiation-mcp/,https://csoai.org/mcp/agent-negotiation-mcp,https://github.com/CSOAI-ORG/agent-negotiation-mcp,pip install agent-negotiation-mcp,python -m agent_negotiation_mcp
agent-orchestrator-mcp,agent-orchestrator-mcp,Agent Orchestrator — CSOAI / MEOK AI Labs Layer 0 compliance MCP server. Tier: Mid-Value Pack (£29/mo). Sectors: general. EU AI Act / NIST AI RMF / ISO 42001 cross-framework support. HMAC-signed attestations via proofof.ai.,mvp,29,general,https://pypi.org/project/agent-orchestrator-mcp/,https://csoai.org/mcp/agent-orchestrator-mcp,https://github.com/CSOAI-ORG/agent-orchestrator-mcp,pip install agent-orchestrator-mcp,python -m agent_orchestrator_mcp
agent-policy-enforcement-mcp,agent-policy-enforcement-mcp,Agent Policy Enforcement — CSOAI / MEOK AI Labs Layer 0 compliance MCP server. Tier: Mid-Value Pack (£29/mo). Sectors: government. EU AI Act / NIST AI RMF / ISO 42001 cross-framework support. HMAC-signed attestations via proofof.ai.,mvp,29,government,https://pypi.org/project/agent-policy-enforcement-mcp/,https://csoai.org/mcp/agent-policy-enforcement-mcp,https://github.com/CSOAI-ORG/agent-policy-enforcement-mcp,pip install agent-policy-enforcement-mcp,python -m agent_policy_enforcement_mcp
agent-prompt-injection-firewall-mcp,agent-prompt-injection-firewall-mcp,Agent Prompt Injection Firewall — CSOAI / MEOK AI Labs Layer 0 compliance MCP server. Tier: Mid-Value Pack (£29/mo). Sectors: general. EU AI Act / NIST AI RMF / ISO 42001 cross-framework support. HMAC-signed attestations via proofof.ai.,mvp,29,general,https://pypi.org/project/agent-prompt-injection-firewall-mcp/,https://csoai.org/mcp/agent-prompt-injection-firewall-mcp,https://github.com/CSOAI-ORG/agent-prompt-injection-firewall-mcp,pip install agent-prompt-injection-firewall-mcp,python -m agent_prompt_injection_firewall_mcp
agent-rate-limiter-mcp,agent-rate-limiter-mcp,Agent Rate Limiter — CSOAI / MEOK AI Labs Layer 0 compliance MCP server. Tier: Mid-Value Pack (£29/mo). Sectors: general. EU AI Act / NIST AI RMF / ISO 42001 cross-framework support. HMAC-signed attestations via proofof.ai.,mvp,29,general,https://pypi.org/project/agent-rate-limiter-mcp/,https://csoai.org/mcp/agent-rate-limiter-mcp,https://github.com/CSOAI-ORG/agent-rate-limiter-mcp,pip install agent-rate-limiter-mcp,python -m agent_rate_limiter_mcp
agent-replay-debugger-mcp,agent-replay-debugger-mcp,Agent Replay Debugger — CSOAI / MEOK AI Labs Layer 0 compliance MCP server. Tier: Mid-Value Pack (£29/mo). Sectors: general. EU AI Act / NIST AI RMF / ISO 42001 cross-framework support. HMAC-signed attestations via proofof.ai.,mvp,29,general,https://pypi.org/project/agent-replay-debugger-mcp/,https://csoai.org/mcp/agent-replay-debugger-mcp,https://github.com/CSOAI-ORG/agent-replay-debugger-mcp,pip install agent-replay-debugger-mcp,python -m agent_replay_debugger_mcp
agent-token-budget-mcp,agent-token-budget-mcp,Agent Token Budget — CSOAI / MEOK AI Labs Layer 0 compliance MCP server. Tier: Mid-Value Pack (£29/mo). Sectors: general. EU AI Act / NIST AI RMF / ISO 42001 cross-framework support. HMAC-signed attestations via proofof.ai.,mvp,29,general,https://pypi.org/project/agent-token-budget-mcp/,https://csoai.org/mcp/agent-token-budget-mcp,https://github.com/CSOAI-ORG/agent-token-budget-mcp,pip install agent-token-budget-mcp,python -m agent_token_budget_mcp
agent-x402-paywall-mcp,agent-x402-paywall-mcp,Agent X402 Paywall — CSOAI / MEOK AI Labs Layer 0 compliance MCP server. Tier: Mid-Value Pack (£29/mo). Sectors: finance. EU AI Act / NIST AI RMF / ISO 42001 cross-framework support. HMAC-signed attestations via proofof.ai.,mvp,29,finance,https://pypi.org/project/agent-x402-paywall-mcp/,https://csoai.org/mcp/agent-x402-paywall-mcp,https://github.com/CSOAI-ORG/agent-x402-paywall-mcp,pip install agent-x402-paywall-mcp,python -m agent_x402_paywall_mcp
agriculture-robotics-mcp,agriculture-robotics-mcp,Agriculture Robotics — CSOAI / MEOK AI Labs Layer 0 compliance MCP server. Tier: Low-Value Pack (£9/mo). Sectors: general. EU AI Act / NIST AI RMF / ISO 42001 cross-framework support. HMAC-signed attestations via proofof.ai.,lvp,9,general,https://pypi.org/project/agriculture-robotics-mcp/,https://csoai.org/mcp/agriculture-robotics-mcp,https://github.com/CSOAI-ORG/agriculture-robotics-mcp,pip install agriculture-robotics-mcp,python -m agriculture_robotics_mcp
ai-bom-mcp,ai-bom-mcp,Ai Bom — CSOAI / MEOK AI Labs Layer 0 compliance MCP server. Tier: Low-Value Pack (£9/mo). Sectors: general. EU AI Act / NIST AI RMF / ISO 42001 cross-framework support. HMAC-signed attestations via proofof.ai.,lvp,9,general,https://pypi.org/project/ai-bom-mcp/,https://csoai.org/mcp/ai-bom-mcp,https://github.com/CSOAI-ORG/ai-bom-mcp,pip install ai-bom-mcp,python -m ai_bom_mcp
ai-gateway-mcp,ai-gateway-mcp,Ai Gateway — CSOAI / MEOK AI Labs Layer 0 compliance MCP server. Tier: Low-Value Pack (£9/mo). Sectors: general. EU AI Act / NIST AI RMF / ISO 42001 cross-framework support. HMAC-signed attestations via proofof.ai.,lvp,9,general,https://pypi.org/project/ai-gateway-mcp/,https://csoai.org/mcp/ai-gateway-mcp,https://github.com/CSOAI-ORG/ai-gateway-mcp,pip install ai-gateway-mcp,python -m ai_gateway_mcp
ai-incident-reporting-mcp,ai-incident-reporting-mcp,Ai Incident Reporting — CSOAI / MEOK AI Labs Layer 0 compliance MCP server. Tier: Low-Value Pack (£9/mo). Sectors: general. EU AI Act / NIST AI RMF / ISO 42001 cross-framework support. HMAC-signed attestations via proofof.ai.,lvp,9,general,https://pypi.org/project/ai-incident-reporting-mcp/,https://csoai.org/mcp/ai-incident-reporting-mcp,https://github.com/CSOAI-ORG/ai-incident-reporting-mcp,pip install ai-incident-reporting-mcp,python -m ai_incident_reporting_mcp
ai-ops-mcp,ai-ops-mcp,Ai Ops — CSOAI / MEOK AI Labs Layer 0 compliance MCP server. Tier: Low-Value Pack (£9/mo). Sectors: general. EU AI Act / NIST AI RMF / ISO 42001 cross-framework support. HMAC-signed attestations via proofof.ai.,lvp,9,general,https://pypi.org/project/ai-ops-mcp/,https://csoai.org/mcp/ai-ops-mcp,https://github.com/CSOAI-ORG/ai-ops-mcp,pip install ai-ops-mcp,python -m ai_ops_mcp
ai-reflection-mcp,ai-reflection-mcp,Ai Reflection — CSOAI / MEOK AI Labs Layer 0 compliance MCP server. Tier: Low-Value Pack (£9/mo). Sectors: general. EU AI Act / NIST AI RMF / ISO 42001 cross-framework support. HMAC-signed attestations via proofof.ai.,lvp,9,general,https://pypi.org/project/ai-reflection-mcp/,https://csoai.org/mcp/ai-reflection-mcp,https://github.com/CSOAI-ORG/ai-reflection-mcp,pip install ai-reflection-mcp,python -m ai_reflection_mcp
ai-self-audit-mcp,ai-self-audit-mcp,Ai Self Audit — CSOAI / MEOK AI Labs Layer 0 compliance MCP server. Tier: High-Value Pack (£99/mo). Sectors: legal. EU AI Act / NIST AI RMF / ISO 42001 cross-framework support. HMAC-signed attestations via proofof.ai.,hvp,79,legal,https://pypi.org/project/ai-self-audit-mcp/,https://csoai.org/mcp/ai-self-audit-mcp,https://github.com/CSOAI-ORG/ai-self-audit-mcp,pip install ai-self-audit-mcp,python -m ai_self_audit_mcp
airspace-monitor-mcp,airspace-monitor-mcp,Airspace Monitor — CSOAI / MEOK AI Labs Layer 0 compliance MCP server. Tier: Low-Value Pack (£9/mo). Sectors: general. EU AI Act / NIST AI RMF / ISO 42001 cross-framework support. HMAC-signed attestations via proofof.ai.,lvp,9,general,https://pypi.org/project/airspace-monitor-mcp/,https://csoai.org/mcp/airspace-monitor-mcp,https://github.com/CSOAI-ORG/airspace-monitor-mcp,pip install airspace-monitor-mcp,python -m airspace_monitor_mcp
aml-ai-mcp,aml-ai-mcp,Aml Ai — CSOAI / MEOK AI Labs Layer 0 compliance MCP server. Tier: Low-Value Pack (£9/mo). Sectors: finance. EU AI Act / NIST AI RMF / ISO 42001 cross-framework support. HMAC-signed attestations via proofof.ai.,lvp,9,finance,https://pypi.org/project/aml-ai-mcp/,https://csoai.org/mcp/aml-ai-mcp,https://github.com/CSOAI-ORG/aml-ai-mcp,pip install aml-ai-mcp,python -m aml_ai_mcp
api-docs-generator-ai-mcp,api-docs-generator-ai-mcp,Api Docs Generator Ai — CSOAI / MEOK AI Labs Layer 0 compliance MCP server. Tier: Low-Value Pack (£9/mo). Sectors: general. EU AI Act / NIST AI RMF / ISO 42001 cross-framework support. HMAC-signed attestations via proofof.ai.,lvp,9,general,https://pypi.org/project/api-docs-generator-ai-mcp/,https://csoai.org/mcp/api-docs-generator-ai-mcp,https://github.com/CSOAI-ORG/api-docs-generator-ai-mcp,pip install api-docs-generator-ai-mcp,python -m api_docs_generator_ai_mcp
api-tester-ai-mcp,api-tester-ai-mcp,Api Tester Ai — CSOAI / MEOK AI Labs Layer 0 compliance MCP server. Tier: Mid-Value Pack (£29/mo). Sectors: general. EU AI Act / NIST AI RMF / ISO 42001 cross-framework support. HMAC-signed attestations via proofof.ai.,mvp,29,general,https://pypi.org/project/api-tester-ai-mcp/,https://csoai.org/mcp/api-tester-ai-mcp,https://github.com/CSOAI-ORG/api-tester-ai-mcp,pip install api-tester-ai-mcp,python -m api_tester_ai_mcp
ascii-art-ai-mcp,ascii-art-ai-mcp,Ascii Art Ai — CSOAI / MEOK AI Labs Layer 0 compliance MCP server. Tier: Low-Value Pack (£9/mo). Sectors: general. EU AI Act / NIST AI RMF / ISO 42001 cross-framework support. HMAC-signed attestations via proofof.ai.,lvp,9,general,https://pypi.org/project/ascii-art-ai-mcp/,https://csoai.org/mcp/ascii-art-ai-mcp,https://github.com/CSOAI-ORG/ascii-art-ai-mcp,pip install ascii-art-ai-mcp,python -m ascii_art_ai_mcp
backup-ai-mcp,backup-ai-mcp,Backup Ai — CSOAI / MEOK AI Labs Layer 0 compliance MCP server. Tier: Low-Value Pack (£9/mo). Sectors: general. EU AI Act / NIST AI RMF / ISO 42001 cross-framework support. HMAC-signed attestations via proofof.ai.,lvp,9,general,https://pypi.org/project/backup-ai-mcp/,https://csoai.org/mcp/backup-ai-mcp,https://github.com/CSOAI-ORG/backup-ai-mcp,pip install backup-ai-mcp,python -m backup_ai_mcp
basel-ai-overlay-mcp,basel-ai-overlay-mcp,Basel Ai Overlay — CSOAI / MEOK AI Labs Layer 0 compliance MCP server. Tier: Low-Value Pack (£9/mo). Sectors: general. EU AI Act / NIST AI RMF / ISO 42001 cross-framework support. HMAC-signed attestations via proofof.ai.,lvp,9,general,https://pypi.org/project/basel-ai-overlay-mcp/,https://csoai.org/mcp/basel-ai-overlay-mcp,https://github.com/CSOAI-ORG/basel-ai-overlay-mcp,pip install basel-ai-overlay-mcp,python -m basel_ai_overlay_mcp
bft-governance-mcp,bft-governance-mcp,Bft Governance — CSOAI / MEOK AI Labs Layer 0 compliance MCP server. Tier: Low-Value Pack (£9/mo). Sectors: general. EU AI Act / NIST AI RMF / ISO 42001 cross-framework support. HMAC-signed attestations via proofof.ai.,lvp,9,general,https://pypi.org/project/bft-governance-mcp/,https://csoai.org/mcp/bft-governance-mcp,https://github.com/CSOAI-ORG/bft-governance-mcp,pip install bft-governance-mcp,python -m bft_governance_mcp
bft-progress-council-mcp,bft-progress-council-mcp,Bft Progress Council — CSOAI / MEOK AI Labs Layer 0 compliance MCP server. Tier: Low-Value Pack (£9/mo). Sectors: general. EU AI Act / NIST AI RMF / ISO 42001 cross-framework support. HMAC-signed attestations via proofof.ai.,lvp,9,general,https://pypi.org/project/bft-progress-council-mcp/,https://csoai.org/mcp/bft-progress-council-mcp,https://github.com/CSOAI-ORG/bft-progress-council-mcp,pip install bft-progress-council-mcp,python -m bft_progress_council_mcp
bias-detection-mcp,bias-detection-mcp,Bias Detection — CSOAI / MEOK AI Labs Layer 0 compliance MCP server. Tier: Low-Value Pack (£9/mo). Sectors: general. EU AI Act / NIST AI RMF / ISO 42001 cross-framework support. HMAC-signed attestations via proofof.ai.,lvp,9,general,https://pypi.org/project/bias-detection-mcp/,https://csoai.org/mcp/bias-detection-mcp,https://github.com/CSOAI-ORG/bias-detection-mcp,pip install bias-detection-mcp,python -m bias_detection_mcp
blockchain-ai-mcp,blockchain-ai-mcp,Blockchain Ai — CSOAI / MEOK AI Labs Layer 0 compliance MCP server. Tier: Low-Value Pack (£9/mo). Sectors: general. EU AI Act / NIST AI RMF / ISO 42001 cross-framework support. HMAC-signed attestations via proofof.ai.,lvp,9,general,https://pypi.org/project/blockchain-ai-mcp/,https://csoai.org/mcp/blockchain-ai-mcp,https://github.com/CSOAI-ORG/blockchain-ai-mcp,pip install blockchain-ai-mcp,python -m blockchain_ai_mcp
blockchain-verification-mcp,blockchain-verification-mcp,Blockchain Verification — CSOAI / MEOK AI Labs Layer 0 compliance MCP server. Tier: Low-Value Pack (£9/mo). Sectors: general. EU AI Act / NIST AI RMF / ISO 42001 cross-framework support. HMAC-signed attestations via proofof.ai.,lvp,9,general,https://pypi.org/project/blockchain-verification-mcp/,https://csoai.org/mcp/blockchain-verification-mcp,https://github.com/CSOAI-ORG/blockchain-verification-mcp,pip install blockchain-verification-mcp,python -m blockchain_verification_mcp
budget-planner-ai-mcp,budget-planner-ai-mcp,Budget Planner Ai — CSOAI / MEOK AI Labs Layer 0 compliance MCP server. Tier: Low-Value Pack (£9/mo). Sectors: general. EU AI Act / NIST AI RMF / ISO 42001 cross-framework support. HMAC-signed attestations via proofof.ai.,lvp,9,general,https://pypi.org/project/budget-planner-ai-mcp/,https://csoai.org/mcp/budget-planner-ai-mcp,https://github.com/CSOAI-ORG/budget-planner-ai-mcp,pip install budget-planner-ai-mcp,python -m budget_planner_ai_mcp
c2pa-watermark-mcp,c2pa-watermark-mcp,C2Pa Watermark — CSOAI / MEOK AI Labs Layer 0 compliance MCP server. Tier: Low-Value Pack (£9/mo). Sectors: general. EU AI Act / NIST AI RMF / ISO 42001 cross-framework support. HMAC-signed attestations via proofof.ai.,lvp,9,general,https://pypi.org/project/c2pa-watermark-mcp/,https://csoai.org/mcp/c2pa-watermark-mcp,https://github.com/CSOAI-ORG/c2pa-watermark-mcp,pip install c2pa-watermark-mcp,python -m c2pa_watermark_mcp
calendar-ai-mcp,calendar-ai-mcp,Calendar Ai — CSOAI / MEOK AI Labs Layer 0 compliance MCP server. Tier: Low-Value Pack (£9/mo). Sectors: general. EU AI Act / NIST AI RMF / ISO 42001 cross-framework support. HMAC-signed attestations via proofof.ai.,lvp,9,general,https://pypi.org/project/calendar-ai-mcp/,https://csoai.org/mcp/calendar-ai-mcp,https://github.com/CSOAI-ORG/calendar-ai-mcp,pip install calendar-ai-mcp,python -m calendar_ai_mcp
canada-aida-ai-mcp,canada-aida-ai-mcp,Canada Aida Ai — CSOAI / MEOK AI Labs Layer 0 compliance MCP server. Tier: Low-Value Pack (£9/mo). Sectors: general. EU AI Act / NIST AI RMF / ISO 42001 cross-framework support. HMAC-signed attestations via proofof.ai.,lvp,9,general,https://pypi.org/project/canada-aida-ai-mcp/,https://csoai.org/mcp/canada-aida-ai-mcp,https://github.com/CSOAI-ORG/canada-aida-ai-mcp,pip install canada-aida-ai-mcp,python -m canada_aida_ai_mcp
care-home-cqc-mcp,care-home-cqc-mcp,Care Home Cqc — CSOAI / MEOK AI Labs Layer 0 compliance MCP server. Tier: Low-Value Pack (£9/mo). Sectors: healthcare. EU AI Act / NIST AI RMF / ISO 42001 cross-framework support. HMAC-signed attestations via proofof.ai.,lvp,9,healthcare,https://pypi.org/project/care-home-cqc-mcp/,https://csoai.org/mcp/care-home-cqc-mcp,https://github.com/CSOAI-ORG/care-home-cqc-mcp,pip install care-home-cqc-mcp,python -m care_home_cqc_mcp
care-home-scheduling-mcp,care-home-scheduling-mcp,Care Home Scheduling — CSOAI / MEOK AI Labs Layer 0 compliance MCP server. Tier: Low-Value Pack (£9/mo). Sectors: healthcare. EU AI Act / NIST AI RMF / ISO 42001 cross-framework support. HMAC-signed attestations via proofof.ai.,lvp,9,healthcare,https://pypi.org/project/care-home-scheduling-mcp/,https://csoai.org/mcp/care-home-scheduling-mcp,https://github.com/CSOAI-ORG/care-home-scheduling-mcp,pip install care-home-scheduling-mcp,python -m care_home_scheduling_mcp
care-membrane-mcp,care-membrane-mcp,Care Membrane — CSOAI / MEOK AI Labs Layer 0 compliance MCP server. Tier: Low-Value Pack (£9/mo). Sectors: healthcare. EU AI Act / NIST AI RMF / ISO 42001 cross-framework support. HMAC-signed attestations via proofof.ai.,lvp,9,healthcare,https://pypi.org/project/care-membrane-mcp/,https://csoai.org/mcp/care-membrane-mcp,https://github.com/CSOAI-ORG/care-membrane-mcp,pip install care-membrane-mcp,python -m care_membrane_mcp
changelog-ai-mcp,changelog-ai-mcp,Changelog Ai — CSOAI / MEOK AI Labs Layer 0 compliance MCP server. Tier: Low-Value Pack (£9/mo). Sectors: general. EU AI Act / NIST AI RMF / ISO 42001 cross-framework support. HMAC-signed attestations via proofof.ai.,lvp,9,general,https://pypi.org/project/changelog-ai-mcp/,https://csoai.org/mcp/changelog-ai-mcp,https://github.com/CSOAI-ORG/changelog-ai-mcp,pip install changelog-ai-mcp,python -m changelog_ai_mcp
chas-elite-prep-mcp,chas-elite-prep-mcp,Chas Elite Prep — CSOAI / MEOK AI Labs Layer 0 compliance MCP server. Tier: Low-Value Pack (£9/mo). Sectors: general. EU AI Act / NIST AI RMF / ISO 42001 cross-framework support. HMAC-signed attestations via proofof.ai.,lvp,9,general,https://pypi.org/project/chas-elite-prep-mcp/,https://csoai.org/mcp/chas-elite-prep-mcp,https://github.com/CSOAI-ORG/chas-elite-prep-mcp,pip install chas-elite-prep-mcp,python -m chas_elite_prep_mcp
churn-predictor-ai-mcp,churn-predictor-ai-mcp,Churn Predictor Ai — CSOAI / MEOK AI Labs Layer 0 compliance MCP server. Tier: Low-Value Pack (£9/mo). Sectors: general. EU AI Act / NIST AI RMF / ISO 42001 cross-framework support. HMAC-signed attestations via proofof.ai.,lvp,9,general,https://pypi.org/project/churn-predictor-ai-mcp/,https://csoai.org/mcp/churn-predictor-ai-mcp,https://github.com/CSOAI-ORG/churn-predictor-ai-mcp,pip install churn-predictor-ai-mcp,python -m churn_predictor_ai_mcp
ci-cd-generator-ai-mcp,ci-cd-generator-ai-mcp,Ci Cd Generator Ai — CSOAI / MEOK AI Labs Layer 0 compliance MCP server. Tier: Low-Value Pack (£9/mo). Sectors: general. EU AI Act / NIST AI RMF / ISO 42001 cross-framework support. HMAC-signed attestations via proofof.ai.,lvp,9,general,https://pypi.org/project/ci-cd-generator-ai-mcp/,https://csoai.org/mcp/ci-cd-generator-ai-mcp,https://github.com/CSOAI-ORG/ci-cd-generator-ai-mcp,pip install ci-cd-generator-ai-mcp,python -m ci_cd_generator_ai_mcp
cisa-kev-mcp,cisa-kev-mcp,Cisa Kev — CSOAI / MEOK AI Labs Layer 0 compliance MCP server. Tier: Low-Value Pack (£9/mo). Sectors: general. EU AI Act / NIST AI RMF / ISO 42001 cross-framework support. HMAC-signed attestations via proofof.ai.,lvp,9,general,https://pypi.org/project/cisa-kev-mcp/,https://csoai.org/mcp/cisa-kev-mcp,https://github.com/CSOAI-ORG/cisa-kev-mcp,pip install cisa-kev-mcp,python -m cisa_kev_mcp
citation-finder-ai-mcp,citation-finder-ai-mcp,Citation Finder Ai — CSOAI / MEOK AI Labs Layer 0 compliance MCP server. Tier: Low-Value Pack (£9/mo). Sectors: general. EU AI Act / NIST AI RMF / ISO 42001 cross-framework support. HMAC-signed attestations via proofof.ai.,lvp,9,general,https://pypi.org/project/citation-finder-ai-mcp/,https://csoai.org/mcp/citation-finder-ai-mcp,https://github.com/CSOAI-ORG/citation-finder-ai-mcp,pip install citation-finder-ai-mcp,python -m citation_finder_ai_mcp
cli-builder-ai-mcp,cli-builder-ai-mcp,Cli Builder Ai — CSOAI / MEOK AI Labs Layer 0 compliance MCP server. Tier: Low-Value Pack (£9/mo). Sectors: general. EU AI Act / NIST AI RMF / ISO 42001 cross-framework support. HMAC-signed attestations via proofof.ai.,lvp,9,general,https://pypi.org/project/cli-builder-ai-mcp/,https://csoai.org/mcp/cli-builder-ai-mcp,https://github.com/CSOAI-ORG/cli-builder-ai-mcp,pip install cli-builder-ai-mcp,python -m cli_builder_ai_mcp
clinical-trials-ai-mcp,clinical-trials-ai-mcp,Clinical Trials Ai — CSOAI / MEOK AI Labs Layer 0 compliance MCP server. Tier: Low-Value Pack (£9/mo). Sectors: healthcare. EU AI Act / NIST AI RMF / ISO 42001 cross-framework support. HMAC-signed attestations via proofof.ai.,lvp,9,healthcare,https://pypi.org/project/clinical-trials-ai-mcp/,https://csoai.org/mcp/clinical-trials-ai-mcp,https://github.com/CSOAI-ORG/clinical-trials-ai-mcp,pip install clinical-trials-ai-mcp,python -m clinical_trials_ai_mcp
clipboard-ai-mcp,clipboard-ai-mcp,Clipboard Ai — CSOAI / MEOK AI Labs Layer 0 compliance MCP server. Tier: Low-Value Pack (£9/mo). Sectors: general. EU AI Act / NIST AI RMF / ISO 42001 cross-framework support. HMAC-signed attestations via proofof.ai.,lvp,9,general,https://pypi.org/project/clipboard-ai-mcp/,https://csoai.org/mcp/clipboard-ai-mcp,https://github.com/CSOAI-ORG/clipboard-ai-mcp,pip install clipboard-ai-mcp,python -m clipboard_ai_mcp
cobol-bridge-mcp,cobol-bridge-mcp,Cobol Bridge — CSOAI / MEOK AI Labs Layer 0 compliance MCP server. Tier: Low-Value Pack (£9/mo). Sectors: general. EU AI Act / NIST AI RMF / ISO 42001 cross-framework support. HMAC-signed attestations via proofof.ai.,lvp,9,general,https://pypi.org/project/cobol-bridge-mcp/,https://csoai.org/mcp/cobol-bridge-mcp,https://github.com/CSOAI-ORG/cobol-bridge-mcp,pip install cobol-bridge-mcp,python -m cobol_bridge_mcp
code-executor-mcp,code-executor-mcp,Code Executor — CSOAI / MEOK AI Labs Layer 0 compliance MCP server. Tier: Mid-Value Pack (£29/mo). Sectors: general. EU AI Act / NIST AI RMF / ISO 42001 cross-framework support. HMAC-signed attestations via proofof.ai.,mvp,29,general,https://pypi.org/project/code-executor-mcp/,https://csoai.org/mcp/code-executor-mcp,https://github.com/CSOAI-ORG/code-executor-mcp,pip install code-executor-mcp,python -m code_executor_mcp
code-reviewer-ai-mcp,code-reviewer-ai-mcp,Code Reviewer Ai — CSOAI / MEOK AI Labs Layer 0 compliance MCP server. Tier: Mid-Value Pack (£29/mo). Sectors: general. EU AI Act / NIST AI RMF / ISO 42001 cross-framework support. HMAC-signed attestations via proofof.ai.,mvp,29,general,https://pypi.org/project/code-reviewer-ai-mcp/,https://csoai.org/mcp/code-reviewer-ai-mcp,https://github.com/CSOAI-ORG/code-reviewer-ai-mcp,pip install code-reviewer-ai-mcp,python -m code_reviewer_ai_mcp
color-ai-mcp,color-ai-mcp,Color Ai — CSOAI / MEOK AI Labs Layer 0 compliance MCP server. Tier: Low-Value Pack (£9/mo). Sectors: general. EU AI Act / NIST AI RMF / ISO 42001 cross-framework support. HMAC-signed attestations via proofof.ai.,lvp,9,general,https://pypi.org/project/color-ai-mcp/,https://csoai.org/mcp/color-ai-mcp,https://github.com/CSOAI-ORG/color-ai-mcp,pip install color-ai-mcp,python -m color_ai_mcp
commit-message-ai-mcp,commit-message-ai-mcp,Commit Message Ai — CSOAI / MEOK AI Labs Layer 0 compliance MCP server. Tier: Low-Value Pack (£9/mo). Sectors: general. EU AI Act / NIST AI RMF / ISO 42001 cross-framework support. HMAC-signed attestations via proofof.ai.,lvp,9,general,https://pypi.org/project/commit-message-ai-mcp/,https://csoai.org/mcp/commit-message-ai-mcp,https://github.com/CSOAI-ORG/commit-message-ai-mcp,pip install commit-message-ai-mcp,python -m commit_message_ai_mcp
competitor-monitor-ai-mcp,competitor-monitor-ai-mcp,Competitor Monitor Ai — CSOAI / MEOK AI Labs Layer 0 compliance MCP server. Tier: Low-Value Pack (£9/mo). Sectors: general. EU AI Act / NIST AI RMF / ISO 42001 cross-framework support. HMAC-signed attestations via proofof.ai.,lvp,9,general,https://pypi.org/project/competitor-monitor-ai-mcp/,https://csoai.org/mcp/competitor-monitor-ai-mcp,https://github.com/CSOAI-ORG/competitor-monitor-ai-mcp,pip install competitor-monitor-ai-mcp,python -m competitor_monitor_ai_mcp
compression-ai-mcp,compression-ai-mcp,Compression Ai — CSOAI / MEOK AI Labs Layer 0 compliance MCP server. Tier: Low-Value Pack (£9/mo). Sectors: general. EU AI Act / NIST AI RMF / ISO 42001 cross-framework support. HMAC-signed attestations via proofof.ai.,lvp,9,general,https://pypi.org/project/compression-ai-mcp/,https://csoai.org/mcp/compression-ai-mcp,https://github.com/CSOAI-ORG/compression-ai-mcp,pip install compression-ai-mcp,python -m compression_ai_mcp
concrete-pump-cpa-mcp,concrete-pump-cpa-mcp,Concrete Pump Cpa — CSOAI / MEOK AI Labs Layer 0 compliance MCP server. Tier: Low-Value Pack (£9/mo). Sectors: general. EU AI Act / NIST AI RMF / ISO 42001 cross-framework support. HMAC-signed attestations via proofof.ai.,lvp,9,general,https://pypi.org/project/concrete-pump-cpa-mcp/,https://csoai.org/mcp/concrete-pump-cpa-mcp,https://github.com/CSOAI-ORG/concrete-pump-cpa-mcp,pip install concrete-pump-cpa-mcp,python -m concrete_pump_cpa_mcp
config-validator-ai-mcp,config-validator-ai-mcp,Config Validator Ai — CSOAI / MEOK AI Labs Layer 0 compliance MCP server. Tier: Low-Value Pack (£9/mo). Sectors: general. EU AI Act / NIST AI RMF / ISO 42001 cross-framework support. HMAC-signed attestations via proofof.ai.,lvp,9,general,https://pypi.org/project/config-validator-ai-mcp/,https://csoai.org/mcp/config-validator-ai-mcp,https://github.com/CSOAI-ORG/config-validator-ai-mcp,pip install config-validator-ai-mcp,python -m config_validator_ai_mcp
consciousness-engine-mcp,consciousness-engine-mcp,Consciousness Engine — CSOAI / MEOK AI Labs Layer 0 compliance MCP server. Tier: Low-Value Pack (£9/mo). Sectors: general. EU AI Act / NIST AI RMF / ISO 42001 cross-framework support. HMAC-signed attestations via proofof.ai.,lvp,9,general,https://pypi.org/project/consciousness-engine-mcp/,https://csoai.org/mcp/consciousness-engine-mcp,https://github.com/CSOAI-ORG/consciousness-engine-mcp,pip install consciousness-engine-mcp,python -m consciousness_engine_mcp
construction-iso-19650-mcp,construction-iso-19650-mcp,Construction Iso 19650 — CSOAI / MEOK AI Labs Layer 0 compliance MCP server. Tier: High-Value Pack (£99/mo). Sectors: general. EU AI Act / NIST AI RMF / ISO 42001 cross-framework support. HMAC-signed attestations via proofof.ai.,hvp,79,general,https://pypi.org/project/construction-iso-19650-mcp/,https://csoai.org/mcp/construction-iso-19650-mcp,https://github.com/CSOAI-ORG/construction-iso-19650-mcp,pip install construction-iso-19650-mcp,python -m construction_iso_19650_mcp
content-calendar-ai-mcp,content-calendar-ai-mcp,Content Calendar Ai — CSOAI / MEOK AI Labs Layer 0 compliance MCP server. Tier: Low-Value Pack (£9/mo). Sectors: media. EU AI Act / NIST AI RMF / ISO 42001 cross-framework support. HMAC-signed attestations via proofof.ai.,lvp,9,media,https://pypi.org/project/content-calendar-ai-mcp/,https://csoai.org/mcp/content-calendar-ai-mcp,https://github.com/CSOAI-ORG/content-calendar-ai-mcp,pip install content-calendar-ai-mcp,python -m content_calendar_ai_mcp
content-registry-mcp,content-registry-mcp,Content Registry — CSOAI / MEOK AI Labs Layer 0 compliance MCP server. Tier: Low-Value Pack (£9/mo). Sectors: media. EU AI Act / NIST AI RMF / ISO 42001 cross-framework support. HMAC-signed attestations via proofof.ai.,lvp,9,media,https://pypi.org/project/content-registry-mcp/,https://csoai.org/mcp/content-registry-mcp,https://github.com/CSOAI-ORG/content-registry-mcp,pip install content-registry-mcp,python -m content_registry_mcp
contract-review-ai-mcp,contract-review-ai-mcp,Contract Review Ai — CSOAI / MEOK AI Labs Layer 0 compliance MCP server. Tier: Mid-Value Pack (£29/mo). Sectors: legal. EU AI Act / NIST AI RMF / ISO 42001 cross-framework support. HMAC-signed attestations via proofof.ai.,mvp,29,legal,https://pypi.org/project/contract-review-ai-mcp/,https://csoai.org/mcp/contract-review-ai-mcp,https://github.com/CSOAI-ORG/contract-review-ai-mcp,pip install contract-review-ai-mcp,python -m contract_review_ai_mcp
coppa-ferpa-mcp,coppa-ferpa-mcp,Coppa Ferpa — CSOAI / MEOK AI Labs Layer 0 compliance MCP server. Tier: Low-Value Pack (£9/mo). Sectors: general. EU AI Act / NIST AI RMF / ISO 42001 cross-framework support. HMAC-signed attestations via proofof.ai.,lvp,9,general,https://pypi.org/project/coppa-ferpa-mcp/,https://csoai.org/mcp/coppa-ferpa-mcp,https://github.com/CSOAI-ORG/coppa-ferpa-mcp,pip install coppa-ferpa-mcp,python -m coppa_ferpa_mcp
cqc-compliance-mcp,cqc-compliance-mcp,Cqc Compliance — CSOAI / MEOK AI Labs Layer 0 compliance MCP server. Tier: High-Value Pack (£99/mo). Sectors: legal. EU AI Act / NIST AI RMF / ISO 42001 cross-framework support. HMAC-signed attestations via proofof.ai.,hvp,79,legal,https://pypi.org/project/cqc-compliance-mcp/,https://csoai.org/mcp/cqc-compliance-mcp,https://github.com/CSOAI-ORG/cqc-compliance-mcp,pip install cqc-compliance-mcp,python -m cqc_compliance_mcp
cra-compliance-mcp,cra-compliance-mcp,Cra Compliance — CSOAI / MEOK AI Labs Layer 0 compliance MCP server. Tier: High-Value Pack (£99/mo). Sectors: legal. EU AI Act / NIST AI RMF / ISO 42001 cross-framework support. HMAC-signed attestations via proofof.ai.,hvp,79,legal,https://pypi.org/project/cra-compliance-mcp/,https://csoai.org/mcp/cra-compliance-mcp,https://github.com/CSOAI-ORG/cra-compliance-mcp,pip install cra-compliance-mcp,python -m cra_compliance_mcp
crane-hire-cpcs-mcp,crane-hire-cpcs-mcp,Crane Hire Cpcs — CSOAI / MEOK AI Labs Layer 0 compliance MCP server. Tier: Low-Value Pack (£9/mo). Sectors: general. EU AI Act / NIST AI RMF / ISO 42001 cross-framework support. HMAC-signed attestations via proofof.ai.,lvp,9,general,https://pypi.org/project/crane-hire-cpcs-mcp/,https://csoai.org/mcp/crane-hire-cpcs-mcp,https://github.com/CSOAI-ORG/crane-hire-cpcs-mcp,pip install crane-hire-cpcs-mcp,python -m crane_hire_cpcs_mcp
creativity-engine-mcp,creativity-engine-mcp,Creativity Engine — CSOAI / MEOK AI Labs Layer 0 compliance MCP server. Tier: Low-Value Pack (£9/mo). Sectors: general. EU AI Act / NIST AI RMF / ISO 42001 cross-framework support. HMAC-signed attestations via proofof.ai.,lvp,9,general,https://pypi.org/project/creativity-engine-mcp/,https://csoai.org/mcp/creativity-engine-mcp,https://github.com/CSOAI-ORG/creativity-engine-mcp,pip install creativity-engine-mcp,python -m creativity_engine_mcp
crm-ai-mcp,crm-ai-mcp,Crm Ai — CSOAI / MEOK AI Labs Layer 0 compliance MCP server. Tier: Low-Value Pack (£9/mo). Sectors: general. EU AI Act / NIST AI RMF / ISO 42001 cross-framework support. HMAC-signed attestations via proofof.ai.,lvp,9,general,https://pypi.org/project/crm-ai-mcp/,https://csoai.org/mcp/crm-ai-mcp,https://github.com/CSOAI-ORG/crm-ai-mcp,pip install crm-ai-mcp,python -m crm_ai_mcp
cron-ai-mcp,cron-ai-mcp,Cron Ai — CSOAI / MEOK AI Labs Layer 0 compliance MCP server. Tier: Low-Value Pack (£9/mo). Sectors: general. EU AI Act / NIST AI RMF / ISO 42001 cross-framework support. HMAC-signed attestations via proofof.ai.,lvp,9,general,https://pypi.org/project/cron-ai-mcp/,https://csoai.org/mcp/cron-ai-mcp,https://github.com/CSOAI-ORG/cron-ai-mcp,pip install cron-ai-mcp,python -m cron_ai_mcp
crypto-tracker-ai-mcp,crypto-tracker-ai-mcp,Crypto Tracker Ai — CSOAI / MEOK AI Labs Layer 0 compliance MCP server. Tier: Low-Value Pack (£9/mo). Sectors: general. EU AI Act / NIST AI RMF / ISO 42001 cross-framework support. HMAC-signed attestations via proofof.ai.,lvp,9,general,https://pypi.org/project/crypto-tracker-ai-mcp/,https://csoai.org/mcp/crypto-tracker-ai-mcp,https://github.com/CSOAI-ORG/crypto-tracker-ai-mcp,pip install crypto-tracker-ai-mcp,python -m crypto_tracker_ai_mcp
csoai-governance-crosswalk-mcp,csoai-governance-crosswalk-mcp,Csoai Governance Crosswalk — CSOAI / MEOK AI Labs Layer 0 compliance MCP server. Tier: Low-Value Pack (£9/mo). Sectors: general. EU AI Act / NIST AI RMF / ISO 42001 cross-framework support. HMAC-signed attestations via proofof.ai.,lvp,9,general,https://pypi.org/project/csoai-governance-crosswalk-mcp/,https://csoai.org/mcp/csoai-governance-crosswalk-mcp,https://github.com/CSOAI-ORG/csoai-governance-crosswalk-mcp,pip install csoai-governance-crosswalk-mcp,python -m csoai_governance_crosswalk_mcp
csrd-compliance-mcp,csrd-compliance-mcp,"Csrd Compliance — CSOAI / MEOK AI Labs Layer 0 compliance MCP server. Tier: High-Value Pack (£99/mo). Sectors: government, legal. EU AI Act / NIST AI RMF / ISO 42001 cross-framework support. HMAC-signed attestations via proofof.ai.",hvp,79,"government,legal",https://pypi.org/project/csrd-compliance-mcp/,https://csoai.org/mcp/csrd-compliance-mcp,https://github.com/CSOAI-ORG/csrd-compliance-mcp,pip install csrd-compliance-mcp,python -m csrd_compliance_mcp
csv-analytics-mcp,csv-analytics-mcp,Csv Analytics — CSOAI / MEOK AI Labs Layer 0 compliance MCP server. Tier: Low-Value Pack (£9/mo). Sectors: general. EU AI Act / NIST AI RMF / ISO 42001 cross-framework support. HMAC-signed attestations via proofof.ai.,lvp,9,general,https://pypi.org/project/csv-analytics-mcp/,https://csoai.org/mcp/csv-analytics-mcp,https://github.com/CSOAI-ORG/csv-analytics-mcp,pip install csv-analytics-mcp,python -m csv_analytics_mcp
csv-tools-ai-mcp,csv-tools-ai-mcp,Csv Tools Ai — CSOAI / MEOK AI Labs Layer 0 compliance MCP server. Tier: Low-Value Pack (£9/mo). Sectors: general. EU AI Act / NIST AI RMF / ISO 42001 cross-framework support. HMAC-signed attestations via proofof.ai.,lvp,9,general,https://pypi.org/project/csv-tools-ai-mcp/,https://csoai.org/mcp/csv-tools-ai-mcp,https://github.com/CSOAI-ORG/csv-tools-ai-mcp,pip install csv-tools-ai-mcp,python -m csv_tools_ai_mcp
currency-converter-ai-mcp,currency-converter-ai-mcp,Currency Converter Ai — CSOAI / MEOK AI Labs Layer 0 compliance MCP server. Tier: Low-Value Pack (£9/mo). Sectors: general. EU AI Act / NIST AI RMF / ISO 42001 cross-framework support. HMAC-signed attestations via proofof.ai.,lvp,9,general,https://pypi.org/project/currency-converter-ai-mcp/,https://csoai.org/mcp/currency-converter-ai-mcp,https://github.com/CSOAI-ORG/currency-converter-ai-mcp,pip install currency-converter-ai-mcp,python -m currency_converter_ai_mcp
customer-support-ai-mcp,customer-support-ai-mcp,Customer Support Ai — CSOAI / MEOK AI Labs Layer 0 compliance MCP server. Tier: Low-Value Pack (£9/mo). Sectors: general. EU AI Act / NIST AI RMF / ISO 42001 cross-framework support. HMAC-signed attestations via proofof.ai.,lvp,9,general,https://pypi.org/project/customer-support-ai-mcp/,https://csoai.org/mcp/customer-support-ai-mcp,https://github.com/CSOAI-ORG/customer-support-ai-mcp,pip install customer-support-ai-mcp,python -m customer_support_ai_mcp
cybersecurity-ai-mcp,cybersecurity-ai-mcp,Cybersecurity Ai — CSOAI / MEOK AI Labs Layer 0 compliance MCP server. Tier: High-Value Pack (£99/mo). Sectors: general. EU AI Act / NIST AI RMF / ISO 42001 cross-framework support. HMAC-signed attestations via proofof.ai.,hvp,79,general,https://pypi.org/project/cybersecurity-ai-mcp/,https://csoai.org/mcp/cybersecurity-ai-mcp,https://github.com/CSOAI-ORG/cybersecurity-ai-mcp,pip install cybersecurity-ai-mcp,python -m cybersecurity_ai_mcp
data-science-ai-mcp,data-science-ai-mcp,Data Science Ai — CSOAI / MEOK AI Labs Layer 0 compliance MCP server. Tier: Low-Value Pack (£9/mo). Sectors: general. EU AI Act / NIST AI RMF / ISO 42001 cross-framework support. HMAC-signed attestations via proofof.ai.,lvp,9,general,https://pypi.org/project/data-science-ai-mcp/,https://csoai.org/mcp/data-science-ai-mcp,https://github.com/CSOAI-ORG/data-science-ai-mcp,pip install data-science-ai-mcp,python -m data_science_ai_mcp
database-universal-mcp,database-universal-mcp,Database Universal — CSOAI / MEOK AI Labs Layer 0 compliance MCP server. Tier: Low-Value Pack (£9/mo). Sectors: general. EU AI Act / NIST AI RMF / ISO 42001 cross-framework support. HMAC-signed attestations via proofof.ai.,lvp,9,general,https://pypi.org/project/database-universal-mcp/,https://csoai.org/mcp/database-universal-mcp,https://github.com/CSOAI-ORG/database-universal-mcp,pip install database-universal-mcp,python -m database_universal_mcp
dataprivacy-ai-mcp,dataprivacy-ai-mcp,Dataprivacy Ai — CSOAI / MEOK AI Labs Layer 0 compliance MCP server. Tier: Low-Value Pack (£9/mo). Sectors: general. EU AI Act / NIST AI RMF / ISO 42001 cross-framework support. HMAC-signed attestations via proofof.ai.,lvp,9,general,https://pypi.org/project/dataprivacy-ai-mcp/,https://csoai.org/mcp/dataprivacy-ai-mcp,https://github.com/CSOAI-ORG/dataprivacy-ai-mcp,pip install dataprivacy-ai-mcp,python -m dataprivacy_ai_mcp
date-calculator-ai-mcp,date-calculator-ai-mcp,Date Calculator Ai — CSOAI / MEOK AI Labs Layer 0 compliance MCP server. Tier: Low-Value Pack (£9/mo). Sectors: general. EU AI Act / NIST AI RMF / ISO 42001 cross-framework support. HMAC-signed attestations via proofof.ai.,lvp,9,general,https://pypi.org/project/date-calculator-ai-mcp/,https://csoai.org/mcp/date-calculator-ai-mcp,https://github.com/CSOAI-ORG/date-calculator-ai-mcp,pip install date-calculator-ai-mcp,python -m date_calculator_ai_mcp
deepfake-detector-mcp,deepfake-detector-mcp,Deepfake Detector — CSOAI / MEOK AI Labs Layer 0 compliance MCP server. Tier: Low-Value Pack (£9/mo). Sectors: general. EU AI Act / NIST AI RMF / ISO 42001 cross-framework support. HMAC-signed attestations via proofof.ai.,lvp,9,general,https://pypi.org/project/deepfake-detector-mcp/,https://csoai.org/mcp/deepfake-detector-mcp,https://github.com/CSOAI-ORG/deepfake-detector-mcp,pip install deepfake-detector-mcp,python -m deepfake_detector_mcp
dependency-updater-ai-mcp,dependency-updater-ai-mcp,Dependency Updater Ai — CSOAI / MEOK AI Labs Layer 0 compliance MCP server. Tier: Low-Value Pack (£9/mo). Sectors: general. EU AI Act / NIST AI RMF / ISO 42001 cross-framework support. HMAC-signed attestations via proofof.ai.,lvp,9,general,https://pypi.org/project/dependency-updater-ai-mcp/,https://csoai.org/mcp/dependency-updater-ai-mcp,https://github.com/CSOAI-ORG/dependency-updater-ai-mcp,pip install dependency-updater-ai-mcp,python -m dependency_updater_ai_mcp
devops-ai-mcp,devops-ai-mcp,Devops Ai — CSOAI / MEOK AI Labs Layer 0 compliance MCP server. Tier: Low-Value Pack (£9/mo). Sectors: general. EU AI Act / NIST AI RMF / ISO 42001 cross-framework support. HMAC-signed attestations via proofof.ai.,lvp,9,general,https://pypi.org/project/devops-ai-mcp/,https://csoai.org/mcp/devops-ai-mcp,https://github.com/CSOAI-ORG/devops-ai-mcp,pip install devops-ai-mcp,python -m devops_ai_mcp
diff-ai-mcp,diff-ai-mcp,Diff Ai — CSOAI / MEOK AI Labs Layer 0 compliance MCP server. Tier: Low-Value Pack (£9/mo). Sectors: general. EU AI Act / NIST AI RMF / ISO 42001 cross-framework support. HMAC-signed attestations via proofof.ai.,lvp,9,general,https://pypi.org/project/diff-ai-mcp/,https://csoai.org/mcp/diff-ai-mcp,https://github.com/CSOAI-ORG/diff-ai-mcp,pip install diff-ai-mcp,python -m diff_ai_mcp
dispense-record-mcp,dispense-record-mcp,Dispense Record — CSOAI / MEOK AI Labs Layer 0 compliance MCP server. Tier: Low-Value Pack (£9/mo). Sectors: general. EU AI Act / NIST AI RMF / ISO 42001 cross-framework support. HMAC-signed attestations via proofof.ai.,lvp,9,general,https://pypi.org/project/dispense-record-mcp/,https://csoai.org/mcp/dispense-record-mcp,https://github.com/CSOAI-ORG/dispense-record-mcp,pip install dispense-record-mcp,python -m dispense_record_mcp
docker-helper-ai-mcp,docker-helper-ai-mcp,Docker Helper Ai — CSOAI / MEOK AI Labs Layer 0 compliance MCP server. Tier: Low-Value Pack (£9/mo). Sectors: general. EU AI Act / NIST AI RMF / ISO 42001 cross-framework support. HMAC-signed attestations via proofof.ai.,lvp,9,general,https://pypi.org/project/docker-helper-ai-mcp/,https://csoai.org/mcp/docker-helper-ai-mcp,https://github.com/CSOAI-ORG/docker-helper-ai-mcp,pip install docker-helper-ai-mcp,python -m docker_helper_ai_mcp
dockerfile-generator-ai-mcp,dockerfile-generator-ai-mcp,Dockerfile Generator Ai — CSOAI / MEOK AI Labs Layer 0 compliance MCP server. Tier: Low-Value Pack (£9/mo). Sectors: general. EU AI Act / NIST AI RMF / ISO 42001 cross-framework support. HMAC-signed attestations via proofof.ai.,lvp,9,general,https://pypi.org/project/dockerfile-generator-ai-mcp/,https://csoai.org/mcp/dockerfile-generator-ai-mcp,https://github.com/CSOAI-ORG/dockerfile-generator-ai-mcp,pip install dockerfile-generator-ai-mcp,python -m dockerfile_generator_ai_mcp
document-comparison-ai-mcp,document-comparison-ai-mcp,Document Comparison Ai — CSOAI / MEOK AI Labs Layer 0 compliance MCP server. Tier: High-Value Pack (£99/mo). Sectors: general. EU AI Act / NIST AI RMF / ISO 42001 cross-framework support. HMAC-signed attestations via proofof.ai.,hvp,79,general,https://pypi.org/project/document-comparison-ai-mcp/,https://csoai.org/mcp/document-comparison-ai-mcp,https://github.com/CSOAI-ORG/document-comparison-ai-mcp,pip install document-comparison-ai-mcp,python -m document_comparison_ai_mcp
domiciliary-care-mcp,domiciliary-care-mcp,Domiciliary Care — CSOAI / MEOK AI Labs Layer 0 compliance MCP server. Tier: Low-Value Pack (£9/mo). Sectors: healthcare. EU AI Act / NIST AI RMF / ISO 42001 cross-framework support. HMAC-signed attestations via proofof.ai.,lvp,9,healthcare,https://pypi.org/project/domiciliary-care-mcp/,https://csoai.org/mcp/domiciliary-care-mcp,https://github.com/CSOAI-ORG/domiciliary-care-mcp,pip install domiciliary-care-mcp,python -m domiciliary_care_mcp
dora-compliance-mcp,dora-compliance-mcp,Dora Compliance — CSOAI / MEOK AI Labs Layer 0 compliance MCP server. Tier: High-Value Pack (£99/mo). Sectors: legal. EU AI Act / NIST AI RMF / ISO 42001 cross-framework support. HMAC-signed attestations via proofof.ai.,hvp,79,legal,https://pypi.org/project/dora-compliance-mcp/,https://csoai.org/mcp/dora-compliance-mcp,https://github.com/CSOAI-ORG/dora-compliance-mcp,pip install dora-compliance-mcp,python -m dora_compliance_mcp
dora-nis2-crosswalk-mcp,dora-nis2-crosswalk-mcp,Dora Nis2 Crosswalk — CSOAI / MEOK AI Labs Layer 0 compliance MCP server. Tier: High-Value Pack (£99/mo). Sectors: general. EU AI Act / NIST AI RMF / ISO 42001 cross-framework support. HMAC-signed attestations via proofof.ai.,hvp,79,general,https://pypi.org/project/dora-nis2-crosswalk-mcp/,https://csoai.org/mcp/dora-nis2-crosswalk-mcp,https://github.com/CSOAI-ORG/dora-nis2-crosswalk-mcp,pip install dora-nis2-crosswalk-mcp,python -m dora_nis2_crosswalk_mcp
drone-airspace-governance-mcp,drone-airspace-governance-mcp,Drone Airspace Governance — CSOAI / MEOK AI Labs Layer 0 compliance MCP server. Tier: Low-Value Pack (£9/mo). Sectors: general. EU AI Act / NIST AI RMF / ISO 42001 cross-framework support. HMAC-signed attestations via proofof.ai.,lvp,9,general,https://pypi.org/project/drone-airspace-governance-mcp/,https://csoai.org/mcp/drone-airspace-governance-mcp,https://github.com/CSOAI-ORG/drone-airspace-governance-mcp,pip install drone-airspace-governance-mcp,python -m drone_airspace_governance_mcp
ecommerce-ai-mcp,ecommerce-ai-mcp,Ecommerce Ai — CSOAI / MEOK AI Labs Layer 0 compliance MCP server. Tier: Low-Value Pack (£9/mo). Sectors: retail. EU AI Act / NIST AI RMF / ISO 42001 cross-framework support. HMAC-signed attestations via proofof.ai.,lvp,9,retail,https://pypi.org/project/ecommerce-ai-mcp/,https://csoai.org/mcp/ecommerce-ai-mcp,https://github.com/CSOAI-ORG/ecommerce-ai-mcp,pip install ecommerce-ai-mcp,python -m ecommerce_ai_mcp
education-ai-mcp,education-ai-mcp,Education Ai — CSOAI / MEOK AI Labs Layer 0 compliance MCP server. Tier: Low-Value Pack (£9/mo). Sectors: education. EU AI Act / NIST AI RMF / ISO 42001 cross-framework support. HMAC-signed attestations via proofof.ai.,lvp,9,education,https://pypi.org/project/education-ai-mcp/,https://csoai.org/mcp/education-ai-mcp,https://github.com/CSOAI-ORG/education-ai-mcp,pip install education-ai-mcp,python -m education_ai_mcp
email-automation-mcp,email-automation-mcp,Email Automation — CSOAI / MEOK AI Labs Layer 0 compliance MCP server. Tier: Low-Value Pack (£9/mo). Sectors: general. EU AI Act / NIST AI RMF / ISO 42001 cross-framework support. HMAC-signed attestations via proofof.ai.,lvp,9,general,https://pypi.org/project/email-automation-mcp/,https://csoai.org/mcp/email-automation-mcp,https://github.com/CSOAI-ORG/email-automation-mcp,pip install email-automation-mcp,python -m email_automation_mcp
email-validator-ai-mcp,email-validator-ai-mcp,Email Validator Ai — CSOAI / MEOK AI Labs Layer 0 compliance MCP server. Tier: Low-Value Pack (£9/mo). Sectors: general. EU AI Act / NIST AI RMF / ISO 42001 cross-framework support. HMAC-signed attestations via proofof.ai.,lvp,9,general,https://pypi.org/project/email-validator-ai-mcp/,https://csoai.org/mcp/email-validator-ai-mcp,https://github.com/CSOAI-ORG/email-validator-ai-mcp,pip install email-validator-ai-mcp,python -m email_validator_ai_mcp
emoji-ai-mcp,emoji-ai-mcp,Emoji Ai — CSOAI / MEOK AI Labs Layer 0 compliance MCP server. Tier: Low-Value Pack (£9/mo). Sectors: general. EU AI Act / NIST AI RMF / ISO 42001 cross-framework support. HMAC-signed attestations via proofof.ai.,lvp,9,general,https://pypi.org/project/emoji-ai-mcp/,https://csoai.org/mcp/emoji-ai-mcp,https://github.com/CSOAI-ORG/emoji-ai-mcp,pip install emoji-ai-mcp,python -m emoji_ai_mcp
encoder-ai-mcp,encoder-ai-mcp,Encoder Ai — CSOAI / MEOK AI Labs Layer 0 compliance MCP server. Tier: Mid-Value Pack (£29/mo). Sectors: general. EU AI Act / NIST AI RMF / ISO 42001 cross-framework support. HMAC-signed attestations via proofof.ai.,mvp,29,general,https://pypi.org/project/encoder-ai-mcp/,https://csoai.org/mcp/encoder-ai-mcp,https://github.com/CSOAI-ORG/encoder-ai-mcp,pip install encoder-ai-mcp,python -m encoder_ai_mcp
env-manager-ai-mcp,env-manager-ai-mcp,Env Manager Ai — CSOAI / MEOK AI Labs Layer 0 compliance MCP server. Tier: Low-Value Pack (£9/mo). Sectors: general. EU AI Act / NIST AI RMF / ISO 42001 cross-framework support. HMAC-signed attestations via proofof.ai.,lvp,9,general,https://pypi.org/project/env-manager-ai-mcp/,https://csoai.org/mcp/env-manager-ai-mcp,https://github.com/CSOAI-ORG/env-manager-ai-mcp,pip install env-manager-ai-mcp,python -m env_manager_ai_mcp
eu-ai-act-compliance-mcp,eu-ai-act-compliance-mcp,"Eu Ai Act Compliance — CSOAI / MEOK AI Labs Layer 0 compliance MCP server. Tier: High-Value Pack (£99/mo). Sectors: government, legal. EU AI Act / NIST AI RMF / ISO 42001 cross-framework support. HMAC-signed attestations via proofof.ai.",hvp,79,"government,legal",https://pypi.org/project/eu-ai-act-compliance-mcp/,https://csoai.org/mcp/eu-ai-act-compliance-mcp,https://github.com/CSOAI-ORG/eu-ai-act-compliance-mcp,pip install eu-ai-act-compliance-mcp,python -m eu_ai_act_compliance_mcp
eudi-wallet-mcp,eudi-wallet-mcp,Eudi Wallet — CSOAI / MEOK AI Labs Layer 0 compliance MCP server. Tier: Low-Value Pack (£9/mo). Sectors: general. EU AI Act / NIST AI RMF / ISO 42001 cross-framework support. HMAC-signed attestations via proofof.ai.,lvp,9,general,https://pypi.org/project/eudi-wallet-mcp/,https://csoai.org/mcp/eudi-wallet-mcp,https://github.com/CSOAI-ORG/eudi-wallet-mcp,pip install eudi-wallet-mcp,python -m eudi_wallet_mcp
event-planning-ai-mcp,event-planning-ai-mcp,Event Planning Ai — CSOAI / MEOK AI Labs Layer 0 compliance MCP server. Tier: Low-Value Pack (£9/mo). Sectors: general. EU AI Act / NIST AI RMF / ISO 42001 cross-framework support. HMAC-signed attestations via proofof.ai.,lvp,9,general,https://pypi.org/project/event-planning-ai-mcp/,https://csoai.org/mcp/event-planning-ai-mcp,https://github.com/CSOAI-ORG/event-planning-ai-mcp,pip install event-planning-ai-mcp,python -m event_planning_ai_mcp
expense-tracker-ai-mcp,expense-tracker-ai-mcp,Expense Tracker Ai — CSOAI / MEOK AI Labs Layer 0 compliance MCP server. Tier: Low-Value Pack (£9/mo). Sectors: general. EU AI Act / NIST AI RMF / ISO 42001 cross-framework support. HMAC-signed attestations via proofof.ai.,lvp,9,general,https://pypi.org/project/expense-tracker-ai-mcp/,https://csoai.org/mcp/expense-tracker-ai-mcp,https://github.com/CSOAI-ORG/expense-tracker-ai-mcp,pip install expense-tracker-ai-mcp,python -m expense_tracker_ai_mcp
explainability-report-mcp,explainability-report-mcp,Explainability Report — CSOAI / MEOK AI Labs Layer 0 compliance MCP server. Tier: Low-Value Pack (£9/mo). Sectors: general. EU AI Act / NIST AI RMF / ISO 42001 cross-framework support. HMAC-signed attestations via proofof.ai.,lvp,9,general,https://pypi.org/project/explainability-report-mcp/,https://csoai.org/mcp/explainability-report-mcp,https://github.com/CSOAI-ORG/explainability-report-mcp,pip install explainability-report-mcp,python -m explainability_report_mcp
faker-ai-mcp,faker-ai-mcp,Faker Ai — CSOAI / MEOK AI Labs Layer 0 compliance MCP server. Tier: Low-Value Pack (£9/mo). Sectors: general. EU AI Act / NIST AI RMF / ISO 42001 cross-framework support. HMAC-signed attestations via proofof.ai.,lvp,9,general,https://pypi.org/project/faker-ai-mcp/,https://csoai.org/mcp/faker-ai-mcp,https://github.com/CSOAI-ORG/faker-ai-mcp,pip install faker-ai-mcp,python -m faker_ai_mcp
fda-samd-mcp,fda-samd-mcp,Fda Samd — CSOAI / MEOK AI Labs Layer 0 compliance MCP server. Tier: elite (£9/mo). Sectors: healthcare. EU AI Act / NIST AI RMF / ISO 42001 cross-framework support. HMAC-signed attestations via proofof.ai.,elite,199,healthcare,https://pypi.org/project/fda-samd-mcp/,https://csoai.org/mcp/fda-samd-mcp,https://github.com/CSOAI-ORG/fda-samd-mcp,pip install fda-samd-mcp,python -m fda_samd_mcp
feedback-analyzer-ai-mcp,feedback-analyzer-ai-mcp,Feedback Analyzer Ai — CSOAI / MEOK AI Labs Layer 0 compliance MCP server. Tier: Low-Value Pack (£9/mo). Sectors: general. EU AI Act / NIST AI RMF / ISO 42001 cross-framework support. HMAC-signed attestations via proofof.ai.,lvp,9,general,https://pypi.org/project/feedback-analyzer-ai-mcp/,https://csoai.org/mcp/feedback-analyzer-ai-mcp,https://github.com/CSOAI-ORG/feedback-analyzer-ai-mcp,pip install feedback-analyzer-ai-mcp,python -m feedback_analyzer_ai_mcp
file-organizer-ai-mcp,file-organizer-ai-mcp,File Organizer Ai — CSOAI / MEOK AI Labs Layer 0 compliance MCP server. Tier: Low-Value Pack (£9/mo). Sectors: general. EU AI Act / NIST AI RMF / ISO 42001 cross-framework support. HMAC-signed attestations via proofof.ai.,lvp,9,general,https://pypi.org/project/file-organizer-ai-mcp/,https://csoai.org/mcp/file-organizer-ai-mcp,https://github.com/CSOAI-ORG/file-organizer-ai-mcp,pip install file-organizer-ai-mcp,python -m file_organizer_ai_mcp
firmware-attestation-mcp,firmware-attestation-mcp,Firmware Attestation — CSOAI / MEOK AI Labs Layer 0 compliance MCP server. Tier: Mid-Value Pack (£29/mo). Sectors: general. EU AI Act / NIST AI RMF / ISO 42001 cross-framework support. HMAC-signed attestations via proofof.ai.,mvp,29,general,https://pypi.org/project/firmware-attestation-mcp/,https://csoai.org/mcp/firmware-attestation-mcp,https://github.com/CSOAI-ORG/firmware-attestation-mcp,pip install firmware-attestation-mcp,python -m firmware_attestation_mcp
fishkeeper-ai-mcp,fishkeeper-ai-mcp,Fishkeeper Ai — CSOAI / MEOK AI Labs Layer 0 compliance MCP server. Tier: Low-Value Pack (£9/mo). Sectors: general. EU AI Act / NIST AI RMF / ISO 42001 cross-framework support. HMAC-signed attestations via proofof.ai.,lvp,9,general,https://pypi.org/project/fishkeeper-ai-mcp/,https://csoai.org/mcp/fishkeeper-ai-mcp,https://github.com/CSOAI-ORG/fishkeeper-ai-mcp,pip install fishkeeper-ai-mcp,python -m fishkeeper_ai_mcp
fitness-ai-mcp,fitness-ai-mcp,Fitness Ai — CSOAI / MEOK AI Labs Layer 0 compliance MCP server. Tier: Low-Value Pack (£9/mo). Sectors: general. EU AI Act / NIST AI RMF / ISO 42001 cross-framework support. HMAC-signed attestations via proofof.ai.,lvp,9,general,https://pypi.org/project/fitness-ai-mcp/,https://csoai.org/mcp/fitness-ai-mcp,https://github.com/CSOAI-ORG/fitness-ai-mcp,pip install fitness-ai-mcp,python -m fitness_ai_mcp
flashcard-ai-mcp,flashcard-ai-mcp,Flashcard Ai — CSOAI / MEOK AI Labs Layer 0 compliance MCP server. Tier: Low-Value Pack (£9/mo). Sectors: general. EU AI Act / NIST AI RMF / ISO 42001 cross-framework support. HMAC-signed attestations via proofof.ai.,lvp,9,general,https://pypi.org/project/flashcard-ai-mcp/,https://csoai.org/mcp/flashcard-ai-mcp,https://github.com/CSOAI-ORG/flashcard-ai-mcp,pip install flashcard-ai-mcp,python -m flashcard_ai_mcp
flight-logger-mcp,flight-logger-mcp,Flight Logger — CSOAI / MEOK AI Labs Layer 0 compliance MCP server. Tier: Low-Value Pack (£9/mo). Sectors: general. EU AI Act / NIST AI RMF / ISO 42001 cross-framework support. HMAC-signed attestations via proofof.ai.,lvp,9,general,https://pypi.org/project/flight-logger-mcp/,https://csoai.org/mcp/flight-logger-mcp,https://github.com/CSOAI-ORG/flight-logger-mcp,pip install flight-logger-mcp,python -m flight_logger_mcp
focus-timer-ai-mcp,focus-timer-ai-mcp,Focus Timer Ai — CSOAI / MEOK AI Labs Layer 0 compliance MCP server. Tier: Low-Value Pack (£9/mo). Sectors: general. EU AI Act / NIST AI RMF / ISO 42001 cross-framework support. HMAC-signed attestations via proofof.ai.,lvp,9,general,https://pypi.org/project/focus-timer-ai-mcp/,https://csoai.org/mcp/focus-timer-ai-mcp,https://github.com/CSOAI-ORG/focus-timer-ai-mcp,pip install focus-timer-ai-mcp,python -m focus_timer_ai_mcp
fsa-food-safety-mcp,fsa-food-safety-mcp,Fsa Food Safety — CSOAI / MEOK AI Labs Layer 0 compliance MCP server. Tier: Low-Value Pack (£9/mo). Sectors: general. EU AI Act / NIST AI RMF / ISO 42001 cross-framework support. HMAC-signed attestations via proofof.ai.,lvp,9,general,https://pypi.org/project/fsa-food-safety-mcp/,https://csoai.org/mcp/fsa-food-safety-mcp,https://github.com/CSOAI-ORG/fsa-food-safety-mcp,pip install fsa-food-safety-mcp,python -m fsa_food_safety_mcp
gardening-ai-mcp,gardening-ai-mcp,Gardening Ai — CSOAI / MEOK AI Labs Layer 0 compliance MCP server. Tier: Low-Value Pack (£9/mo). Sectors: general. EU AI Act / NIST AI RMF / ISO 42001 cross-framework support. HMAC-signed attestations via proofof.ai.,lvp,9,general,https://pypi.org/project/gardening-ai-mcp/,https://csoai.org/mcp/gardening-ai-mcp,https://github.com/CSOAI-ORG/gardening-ai-mcp,pip install gardening-ai-mcp,python -m gardening_ai_mcp
gdpr-compliance-ai-mcp,gdpr-compliance-ai-mcp,Gdpr Compliance Ai — CSOAI / MEOK AI Labs Layer 0 compliance MCP server. Tier: High-Value Pack (£99/mo). Sectors: legal. EU AI Act / NIST AI RMF / ISO 42001 cross-framework support. HMAC-signed attestations via proofof.ai.,hvp,79,legal,https://pypi.org/project/gdpr-compliance-ai-mcp/,https://csoai.org/mcp/gdpr-compliance-ai-mcp,https://github.com/CSOAI-ORG/gdpr-compliance-ai-mcp,pip install gdpr-compliance-ai-mcp,python -m gdpr_compliance_ai_mcp
geolocation-ai-mcp,geolocation-ai-mcp,Geolocation Ai — CSOAI / MEOK AI Labs Layer 0 compliance MCP server. Tier: Low-Value Pack (£9/mo). Sectors: general. EU AI Act / NIST AI RMF / ISO 42001 cross-framework support. HMAC-signed attestations via proofof.ai.,lvp,9,general,https://pypi.org/project/geolocation-ai-mcp/,https://csoai.org/mcp/geolocation-ai-mcp,https://github.com/CSOAI-ORG/geolocation-ai-mcp,pip install geolocation-ai-mcp,python -m geolocation_ai_mcp
git-helper-ai-mcp,git-helper-ai-mcp,Git Helper Ai — CSOAI / MEOK AI Labs Layer 0 compliance MCP server. Tier: Low-Value Pack (£9/mo). Sectors: general. EU AI Act / NIST AI RMF / ISO 42001 cross-framework support. HMAC-signed attestations via proofof.ai.,lvp,9,general,https://pypi.org/project/git-helper-ai-mcp/,https://csoai.org/mcp/git-helper-ai-mcp,https://github.com/CSOAI-ORG/git-helper-ai-mcp,pip install git-helper-ai-mcp,python -m git_helper_ai_mcp
gods-eye-geospatial-mcp,gods-eye-geospatial-mcp,Gods Eye Geospatial — CSOAI / MEOK AI Labs Layer 0 compliance MCP server. Tier: Low-Value Pack (£9/mo). Sectors: general. EU AI Act / NIST AI RMF / ISO 42001 cross-framework support. HMAC-signed attestations via proofof.ai.,lvp,9,general,https://pypi.org/project/gods-eye-geospatial-mcp/,https://csoai.org/mcp/gods-eye-geospatial-mcp,https://github.com/CSOAI-ORG/gods-eye-geospatial-mcp,pip install gods-eye-geospatial-mcp,python -m gods_eye_geospatial_mcp
gos-claim-validator-mcp,gos-claim-validator-mcp,Gos Claim Validator — CSOAI / MEOK AI Labs Layer 0 compliance MCP server. Tier: Low-Value Pack (£9/mo). Sectors: general. EU AI Act / NIST AI RMF / ISO 42001 cross-framework support. HMAC-signed attestations via proofof.ai.,lvp,9,general,https://pypi.org/project/gos-claim-validator-mcp/,https://csoai.org/mcp/gos-claim-validator-mcp,https://github.com/CSOAI-ORG/gos-claim-validator-mcp,pip install gos-claim-validator-mcp,python -m gos_claim_validator_mcp
grammar-fix-ai-mcp,grammar-fix-ai-mcp,Grammar Fix Ai — CSOAI / MEOK AI Labs Layer 0 compliance MCP server. Tier: Low-Value Pack (£9/mo). Sectors: general. EU AI Act / NIST AI RMF / ISO 42001 cross-framework support. HMAC-signed attestations via proofof.ai.,lvp,9,general,https://pypi.org/project/grammar-fix-ai-mcp/,https://csoai.org/mcp/grammar-fix-ai-mcp,https://github.com/CSOAI-ORG/grammar-fix-ai-mcp,pip install grammar-fix-ai-mcp,python -m grammar_fix_ai_mcp
habit-tracker-ai-mcp,habit-tracker-ai-mcp,Habit Tracker Ai — CSOAI / MEOK AI Labs Layer 0 compliance MCP server. Tier: Low-Value Pack (£9/mo). Sectors: general. EU AI Act / NIST AI RMF / ISO 42001 cross-framework support. HMAC-signed attestations via proofof.ai.,lvp,9,general,https://pypi.org/project/habit-tracker-ai-mcp/,https://csoai.org/mcp/habit-tracker-ai-mcp,https://github.com/CSOAI-ORG/habit-tracker-ai-mcp,pip install habit-tracker-ai-mcp,python -m habit_tracker_ai_mcp
hash-utils-ai-mcp,hash-utils-ai-mcp,Hash Utils Ai — CSOAI / MEOK AI Labs Layer 0 compliance MCP server. Tier: Low-Value Pack (£9/mo). Sectors: general. EU AI Act / NIST AI RMF / ISO 42001 cross-framework support. HMAC-signed attestations via proofof.ai.,lvp,9,general,https://pypi.org/project/hash-utils-ai-mcp/,https://csoai.org/mcp/hash-utils-ai-mcp,https://github.com/CSOAI-ORG/hash-utils-ai-mcp,pip install hash-utils-ai-mcp,python -m hash_utils_ai_mcp
haulage-uk-compliance-mcp,haulage-uk-compliance-mcp,Haulage Uk Compliance — CSOAI / MEOK AI Labs Layer 0 compliance MCP server. Tier: High-Value Pack (£99/mo). Sectors: legal. EU AI Act / NIST AI RMF / ISO 42001 cross-framework support. HMAC-signed attestations via proofof.ai.,hvp,79,legal,https://pypi.org/project/haulage-uk-compliance-mcp/,https://csoai.org/mcp/haulage-uk-compliance-mcp,https://github.com/CSOAI-ORG/haulage-uk-compliance-mcp,pip install haulage-uk-compliance-mcp,python -m haulage_uk_compliance_mcp
health-check-ai-mcp,health-check-ai-mcp,Health Check Ai — CSOAI / MEOK AI Labs Layer 0 compliance MCP server. Tier: Low-Value Pack (£9/mo). Sectors: healthcare. EU AI Act / NIST AI RMF / ISO 42001 cross-framework support. HMAC-signed attestations via proofof.ai.,lvp,9,healthcare,https://pypi.org/project/health-check-ai-mcp/,https://csoai.org/mcp/health-check-ai-mcp,https://github.com/CSOAI-ORG/health-check-ai-mcp,pip install health-check-ai-mcp,python -m health_check_ai_mcp
healthcare-ai-governance-mcp,healthcare-ai-governance-mcp,Healthcare Ai Governance — CSOAI / MEOK AI Labs Layer 0 compliance MCP server. Tier: elite (£9/mo). Sectors: healthcare. EU AI Act / NIST AI RMF / ISO 42001 cross-framework support. HMAC-signed attestations via proofof.ai.,elite,199,healthcare,https://pypi.org/project/healthcare-ai-governance-mcp/,https://csoai.org/mcp/healthcare-ai-governance-mcp,https://github.com/CSOAI-ORG/healthcare-ai-governance-mcp,pip install healthcare-ai-governance-mcp,python -m healthcare_ai_governance_mcp
healthcare-fhir-mcp,healthcare-fhir-mcp,Healthcare Fhir — CSOAI / MEOK AI Labs Layer 0 compliance MCP server. Tier: elite (£9/mo). Sectors: healthcare. EU AI Act / NIST AI RMF / ISO 42001 cross-framework support. HMAC-signed attestations via proofof.ai.,elite,199,healthcare,https://pypi.org/project/healthcare-fhir-mcp/,https://csoai.org/mcp/healthcare-fhir-mcp,https://github.com/CSOAI-ORG/healthcare-fhir-mcp,pip install healthcare-fhir-mcp,python -m healthcare_fhir_mcp
hipaa-compliance-mcp,hipaa-compliance-mcp,"Hipaa Compliance — CSOAI / MEOK AI Labs Layer 0 compliance MCP server. Tier: High-Value Pack (£99/mo). Sectors: healthcare, legal. EU AI Act / NIST AI RMF / ISO 42001 cross-framework support. HMAC-signed attestations via proofof.ai.",hvp,79,"healthcare,legal",https://pypi.org/project/hipaa-compliance-mcp/,https://csoai.org/mcp/hipaa-compliance-mcp,https://github.com/CSOAI-ORG/hipaa-compliance-mcp,pip install hipaa-compliance-mcp,python -m hipaa_compliance_mcp
hr-management-ai-mcp,hr-management-ai-mcp,Hr Management Ai — CSOAI / MEOK AI Labs Layer 0 compliance MCP server. Tier: Low-Value Pack (£9/mo). Sectors: general. EU AI Act / NIST AI RMF / ISO 42001 cross-framework support. HMAC-signed attestations via proofof.ai.,lvp,9,general,https://pypi.org/project/hr-management-ai-mcp/,https://csoai.org/mcp/hr-management-ai-mcp,https://github.com/CSOAI-ORG/hr-management-ai-mcp,pip install hr-management-ai-mcp,python -m hr_management_ai_mcp
html-parser-ai-mcp,html-parser-ai-mcp,Html Parser Ai — CSOAI / MEOK AI Labs Layer 0 compliance MCP server. Tier: Low-Value Pack (£9/mo). Sectors: general. EU AI Act / NIST AI RMF / ISO 42001 cross-framework support. HMAC-signed attestations via proofof.ai.,lvp,9,general,https://pypi.org/project/html-parser-ai-mcp/,https://csoai.org/mcp/html-parser-ai-mcp,https://github.com/CSOAI-ORG/html-parser-ai-mcp,pip install html-parser-ai-mcp,python -m html_parser_ai_mcp
hydration-reminder-ai-mcp,hydration-reminder-ai-mcp,Hydration Reminder Ai — CSOAI / MEOK AI Labs Layer 0 compliance MCP server. Tier: Low-Value Pack (£9/mo). Sectors: general. EU AI Act / NIST AI RMF / ISO 42001 cross-framework support. HMAC-signed attestations via proofof.ai.,lvp,9,general,https://pypi.org/project/hydration-reminder-ai-mcp/,https://csoai.org/mcp/hydration-reminder-ai-mcp,https://github.com/CSOAI-ORG/hydration-reminder-ai-mcp,pip install hydration-reminder-ai-mcp,python -m hydration_reminder_ai_mcp
icon-generator-ai-mcp,icon-generator-ai-mcp,Icon Generator Ai — CSOAI / MEOK AI Labs Layer 0 compliance MCP server. Tier: Low-Value Pack (£9/mo). Sectors: government. EU AI Act / NIST AI RMF / ISO 42001 cross-framework support. HMAC-signed attestations via proofof.ai.,lvp,9,government,https://pypi.org/project/icon-generator-ai-mcp/,https://csoai.org/mcp/icon-generator-ai-mcp,https://github.com/CSOAI-ORG/icon-generator-ai-mcp,pip install icon-generator-ai-mcp,python -m icon_generator_ai_mcp
image-metadata-ai-mcp,image-metadata-ai-mcp,Image Metadata Ai — CSOAI / MEOK AI Labs Layer 0 compliance MCP server. Tier: Low-Value Pack (£9/mo). Sectors: general. EU AI Act / NIST AI RMF / ISO 42001 cross-framework support. HMAC-signed attestations via proofof.ai.,lvp,9,general,https://pypi.org/project/image-metadata-ai-mcp/,https://csoai.org/mcp/image-metadata-ai-mcp,https://github.com/CSOAI-ORG/image-metadata-ai-mcp,pip install image-metadata-ai-mcp,python -m image_metadata_ai_mcp
insurance-verification-mcp,insurance-verification-mcp,Insurance Verification — CSOAI / MEOK AI Labs Layer 0 compliance MCP server. Tier: Low-Value Pack (£9/mo). Sectors: insurance. EU AI Act / NIST AI RMF / ISO 42001 cross-framework support. HMAC-signed attestations via proofof.ai.,lvp,9,insurance,https://pypi.org/project/insurance-verification-mcp/,https://csoai.org/mcp/insurance-verification-mcp,https://github.com/CSOAI-ORG/insurance-verification-mcp,pip install insurance-verification-mcp,python -m insurance_verification_mcp
inventory-management-ai-mcp,inventory-management-ai-mcp,Inventory Management Ai — CSOAI / MEOK AI Labs Layer 0 compliance MCP server. Tier: Low-Value Pack (£9/mo). Sectors: retail. EU AI Act / NIST AI RMF / ISO 42001 cross-framework support. HMAC-signed attestations via proofof.ai.,lvp,9,retail,https://pypi.org/project/inventory-management-ai-mcp/,https://csoai.org/mcp/inventory-management-ai-mcp,https://github.com/CSOAI-ORG/inventory-management-ai-mcp,pip install inventory-management-ai-mcp,python -m inventory_management_ai_mcp
invoice-generator-ai-mcp,invoice-generator-ai-mcp,Invoice Generator Ai — CSOAI / MEOK AI Labs Layer 0 compliance MCP server. Tier: Low-Value Pack (£9/mo). Sectors: general. EU AI Act / NIST AI RMF / ISO 42001 cross-framework support. HMAC-signed attestations via proofof.ai.,lvp,9,general,https://pypi.org/project/invoice-generator-ai-mcp/,https://csoai.org/mcp/invoice-generator-ai-mcp,https://github.com/CSOAI-ORG/invoice-generator-ai-mcp,pip install invoice-generator-ai-mcp,python -m invoice_generator_ai_mcp
ip-network-ai-mcp,ip-network-ai-mcp,Ip Network Ai — CSOAI / MEOK AI Labs Layer 0 compliance MCP server. Tier: Low-Value Pack (£9/mo). Sectors: general. EU AI Act / NIST AI RMF / ISO 42001 cross-framework support. HMAC-signed attestations via proofof.ai.,lvp,9,general,https://pypi.org/project/ip-network-ai-mcp/,https://csoai.org/mcp/ip-network-ai-mcp,https://github.com/CSOAI-ORG/ip-network-ai-mcp,pip install ip-network-ai-mcp,python -m ip_network_ai_mcp
iso-27001-ai-mcp,iso-27001-ai-mcp,Iso 27001 Ai — CSOAI / MEOK AI Labs Layer 0 compliance MCP server. Tier: High-Value Pack (£99/mo). Sectors: general. EU AI Act / NIST AI RMF / ISO 42001 cross-framework support. HMAC-signed attestations via proofof.ai.,hvp,79,general,https://pypi.org/project/iso-27001-ai-mcp/,https://csoai.org/mcp/iso-27001-ai-mcp,https://github.com/CSOAI-ORG/iso-27001-ai-mcp,pip install iso-27001-ai-mcp,python -m iso_27001_ai_mcp
iso-42001-ai-mcp,iso-42001-ai-mcp,Iso 42001 Ai — CSOAI / MEOK AI Labs Layer 0 compliance MCP server. Tier: High-Value Pack (£99/mo). Sectors: general. EU AI Act / NIST AI RMF / ISO 42001 cross-framework support. HMAC-signed attestations via proofof.ai.,hvp,79,general,https://pypi.org/project/iso-42001-ai-mcp/,https://csoai.org/mcp/iso-42001-ai-mcp,https://github.com/CSOAI-ORG/iso-42001-ai-mcp,pip install iso-42001-ai-mcp,python -m iso_42001_ai_mcp
iso-42005-impact-mcp,iso-42005-impact-mcp,Iso 42005 Impact — CSOAI / MEOK AI Labs Layer 0 compliance MCP server. Tier: High-Value Pack (£99/mo). Sectors: general. EU AI Act / NIST AI RMF / ISO 42001 cross-framework support. HMAC-signed attestations via proofof.ai.,hvp,79,general,https://pypi.org/project/iso-42005-impact-mcp/,https://csoai.org/mcp/iso-42005-impact-mcp,https://github.com/CSOAI-ORG/iso-42005-impact-mcp,pip install iso-42005-impact-mcp,python -m iso_42005_impact_mcp
job-description-ai-mcp,job-description-ai-mcp,Job Description Ai — CSOAI / MEOK AI Labs Layer 0 compliance MCP server. Tier: Low-Value Pack (£9/mo). Sectors: general. EU AI Act / NIST AI RMF / ISO 42001 cross-framework support. HMAC-signed attestations via proofof.ai.,lvp,9,general,https://pypi.org/project/job-description-ai-mcp/,https://csoai.org/mcp/job-description-ai-mcp,https://github.com/CSOAI-ORG/job-description-ai-mcp,pip install job-description-ai-mcp,python -m job_description_ai_mcp
json-ai-mcp,json-ai-mcp,Json Ai — CSOAI / MEOK AI Labs Layer 0 compliance MCP server. Tier: Low-Value Pack (£9/mo). Sectors: general. EU AI Act / NIST AI RMF / ISO 42001 cross-framework support. HMAC-signed attestations via proofof.ai.,lvp,9,general,https://pypi.org/project/json-ai-mcp/,https://csoai.org/mcp/json-ai-mcp,https://github.com/CSOAI-ORG/json-ai-mcp,pip install json-ai-mcp,python -m json_ai_mcp
jwt-ai-mcp,jwt-ai-mcp,Jwt Ai — CSOAI / MEOK AI Labs Layer 0 compliance MCP server. Tier: Low-Value Pack (£9/mo). Sectors: general. EU AI Act / NIST AI RMF / ISO 42001 cross-framework support. HMAC-signed attestations via proofof.ai.,lvp,9,general,https://pypi.org/project/jwt-ai-mcp/,https://csoai.org/mcp/jwt-ai-mcp,https://github.com/CSOAI-ORG/jwt-ai-mcp,pip install jwt-ai-mcp,python -m jwt_ai_mcp
keystone-catalogue-mcp,keystone-catalogue-mcp,Keystone Catalogue — CSOAI / MEOK AI Labs Layer 0 compliance MCP server. Tier: Low-Value Pack (£9/mo). Sectors: general. EU AI Act / NIST AI RMF / ISO 42001 cross-framework support. HMAC-signed attestations via proofof.ai.,lvp,9,general,https://pypi.org/project/keystone-catalogue-mcp/,https://csoai.org/mcp/keystone-catalogue-mcp,https://github.com/CSOAI-ORG/keystone-catalogue-mcp,pip install keystone-catalogue-mcp,python -m keystone_catalogue_mcp
keystone-verify-proxy-mcp,keystone-verify-proxy-mcp,Keystone Verify Proxy — CSOAI / MEOK AI Labs Layer 0 compliance MCP server. Tier: Low-Value Pack (£9/mo). Sectors: general. EU AI Act / NIST AI RMF / ISO 42001 cross-framework support. HMAC-signed attestations via proofof.ai.,lvp,9,general,https://pypi.org/project/keystone-verify-proxy-mcp/,https://csoai.org/mcp/keystone-verify-proxy-mcp,https://github.com/CSOAI-ORG/keystone-verify-proxy-mcp,pip install keystone-verify-proxy-mcp,python -m keystone_verify_proxy_mcp
keyword-extractor-ai-mcp,keyword-extractor-ai-mcp,Keyword Extractor Ai — CSOAI / MEOK AI Labs Layer 0 compliance MCP server. Tier: Low-Value Pack (£9/mo). Sectors: general. EU AI Act / NIST AI RMF / ISO 42001 cross-framework support. HMAC-signed attestations via proofof.ai.,lvp,9,general,https://pypi.org/project/keyword-extractor-ai-mcp/,https://csoai.org/mcp/keyword-extractor-ai-mcp,https://github.com/CSOAI-ORG/keyword-extractor-ai-mcp,pip install keyword-extractor-ai-mcp,python -m keyword_extractor_ai_mcp
korea-ai-basic-act-mcp,korea-ai-basic-act-mcp,Korea Ai Basic Act — CSOAI / MEOK AI Labs Layer 0 compliance MCP server. Tier: Low-Value Pack (£9/mo). Sectors: general. EU AI Act / NIST AI RMF / ISO 42001 cross-framework support. HMAC-signed attestations via proofof.ai.,lvp,9,general,https://pypi.org/project/korea-ai-basic-act-mcp/,https://csoai.org/mcp/korea-ai-basic-act-mcp,https://github.com/CSOAI-ORG/korea-ai-basic-act-mcp,pip install korea-ai-basic-act-mcp,python -m korea_ai_basic_act_mcp
landlaw-ai-mcp,landlaw-ai-mcp,Landlaw Ai — CSOAI / MEOK AI Labs Layer 0 compliance MCP server. Tier: Low-Value Pack (£9/mo). Sectors: legal. EU AI Act / NIST AI RMF / ISO 42001 cross-framework support. HMAC-signed attestations via proofof.ai.,lvp,9,legal,https://pypi.org/project/landlaw-ai-mcp/,https://csoai.org/mcp/landlaw-ai-mcp,https://github.com/CSOAI-ORG/landlaw-ai-mcp,pip install landlaw-ai-mcp,python -m landlaw_ai_mcp
lead-scoring-ai-mcp,lead-scoring-ai-mcp,Lead Scoring Ai — CSOAI / MEOK AI Labs Layer 0 compliance MCP server. Tier: Low-Value Pack (£9/mo). Sectors: general. EU AI Act / NIST AI RMF / ISO 42001 cross-framework support. HMAC-signed attestations via proofof.ai.,lvp,9,general,https://pypi.org/project/lead-scoring-ai-mcp/,https://csoai.org/mcp/lead-scoring-ai-mcp,https://github.com/CSOAI-ORG/lead-scoring-ai-mcp,pip install lead-scoring-ai-mcp,python -m lead_scoring_ai_mcp
legal-document-ai-mcp,legal-document-ai-mcp,Legal Document Ai — CSOAI / MEOK AI Labs Layer 0 compliance MCP server. Tier: elite (£9/mo). Sectors: legal. EU AI Act / NIST AI RMF / ISO 42001 cross-framework support. HMAC-signed attestations via proofof.ai.,elite,199,legal,https://pypi.org/project/legal-document-ai-mcp/,https://csoai.org/mcp/legal-document-ai-mcp,https://github.com/CSOAI-ORG/legal-document-ai-mcp,pip install legal-document-ai-mcp,python -m legal_document_ai_mcp
license-checker-ai-mcp,license-checker-ai-mcp,License Checker Ai — CSOAI / MEOK AI Labs Layer 0 compliance MCP server. Tier: Low-Value Pack (£9/mo). Sectors: general. EU AI Act / NIST AI RMF / ISO 42001 cross-framework support. HMAC-signed attestations via proofof.ai.,lvp,9,general,https://pypi.org/project/license-checker-ai-mcp/,https://csoai.org/mcp/license-checker-ai-mcp,https://github.com/CSOAI-ORG/license-checker-ai-mcp,pip install license-checker-ai-mcp,python -m license_checker_ai_mcp
linkedin-outreach-mcp,linkedin-outreach-mcp,Linkedin Outreach — CSOAI / MEOK AI Labs Layer 0 compliance MCP server. Tier: Low-Value Pack (£9/mo). Sectors: general. EU AI Act / NIST AI RMF / ISO 42001 cross-framework support. HMAC-signed attestations via proofof.ai.,lvp,9,general,https://pypi.org/project/linkedin-outreach-mcp/,https://csoai.org/mcp/linkedin-outreach-mcp,https://github.com/CSOAI-ORG/linkedin-outreach-mcp,pip install linkedin-outreach-mcp,python -m linkedin_outreach_mcp
llm-compliance-comparison-mcp,llm-compliance-comparison-mcp,Llm Compliance Comparison — CSOAI / MEOK AI Labs Layer 0 compliance MCP server. Tier: High-Value Pack (£99/mo). Sectors: legal. EU AI Act / NIST AI RMF / ISO 42001 cross-framework support. HMAC-signed attestations via proofof.ai.,hvp,79,legal,https://pypi.org/project/llm-compliance-comparison-mcp/,https://csoai.org/mcp/llm-compliance-comparison-mcp,https://github.com/CSOAI-ORG/llm-compliance-comparison-mcp,pip install llm-compliance-comparison-mcp,python -m llm_compliance_comparison_mcp
logistics-ai-mcp,logistics-ai-mcp,"Logistics Ai — CSOAI / MEOK AI Labs Layer 0 compliance MCP server. Tier: Low-Value Pack (£9/mo). Sectors: manufacturing, transportation. EU AI Act / NIST AI RMF / ISO 42001 cross-framework support. HMAC-signed attestations via proofof.ai.",lvp,9,"manufacturing,transportation",https://pypi.org/project/logistics-ai-mcp/,https://csoai.org/mcp/logistics-ai-mcp,https://github.com/CSOAI-ORG/logistics-ai-mcp,pip install logistics-ai-mcp,python -m logistics_ai_mcp
lorem-ipsum-ai-mcp,lorem-ipsum-ai-mcp,Lorem Ipsum Ai — CSOAI / MEOK AI Labs Layer 0 compliance MCP server. Tier: Low-Value Pack (£9/mo). Sectors: general. EU AI Act / NIST AI RMF / ISO 42001 cross-framework support. HMAC-signed attestations via proofof.ai.,lvp,9,general,https://pypi.org/project/lorem-ipsum-ai-mcp/,https://csoai.org/mcp/lorem-ipsum-ai-mcp,https://github.com/CSOAI-ORG/lorem-ipsum-ai-mcp,pip install lorem-ipsum-ai-mcp,python -m lorem_ipsum_ai_mcp
markdown-ai-mcp,markdown-ai-mcp,Markdown Ai — CSOAI / MEOK AI Labs Layer 0 compliance MCP server. Tier: Low-Value Pack (£9/mo). Sectors: general. EU AI Act / NIST AI RMF / ISO 42001 cross-framework support. HMAC-signed attestations via proofof.ai.,lvp,9,general,https://pypi.org/project/markdown-ai-mcp/,https://csoai.org/mcp/markdown-ai-mcp,https://github.com/CSOAI-ORG/markdown-ai-mcp,pip install markdown-ai-mcp,python -m markdown_ai_mcp
marketing-analytics-ai-mcp,marketing-analytics-ai-mcp,Marketing Analytics Ai — CSOAI / MEOK AI Labs Layer 0 compliance MCP server. Tier: Low-Value Pack (£9/mo). Sectors: general. EU AI Act / NIST AI RMF / ISO 42001 cross-framework support. HMAC-signed attestations via proofof.ai.,lvp,9,general,https://pypi.org/project/marketing-analytics-ai-mcp/,https://csoai.org/mcp/marketing-analytics-ai-mcp,https://github.com/CSOAI-ORG/marketing-analytics-ai-mcp,pip install marketing-analytics-ai-mcp,python -m marketing_analytics_ai_mcp
math-solver-ai-mcp,math-solver-ai-mcp,Math Solver Ai — CSOAI / MEOK AI Labs Layer 0 compliance MCP server. Tier: Low-Value Pack (£9/mo). Sectors: general. EU AI Act / NIST AI RMF / ISO 42001 cross-framework support. HMAC-signed attestations via proofof.ai.,lvp,9,general,https://pypi.org/project/math-solver-ai-mcp/,https://csoai.org/mcp/math-solver-ai-mcp,https://github.com/CSOAI-ORG/math-solver-ai-mcp,pip install math-solver-ai-mcp,python -m math_solver_ai_mcp
mcp-scorecard-mcp,mcp-scorecard-mcp,Mcp Scorecard — CSOAI / MEOK AI Labs Layer 0 compliance MCP server. Tier: Low-Value Pack (£9/mo). Sectors: general. EU AI Act / NIST AI RMF / ISO 42001 cross-framework support. HMAC-signed attestations via proofof.ai.,lvp,9,general,https://pypi.org/project/mcp-scorecard-mcp/,https://csoai.org/mcp/mcp-scorecard-mcp,https://github.com/CSOAI-ORG/mcp-scorecard-mcp,pip install mcp-scorecard-mcp,python -m mcp_scorecard_mcp
mcp-spec-compliance-mcp,mcp-spec-compliance-mcp,Mcp Spec Compliance — CSOAI / MEOK AI Labs Layer 0 compliance MCP server. Tier: High-Value Pack (£99/mo). Sectors: legal. EU AI Act / NIST AI RMF / ISO 42001 cross-framework support. HMAC-signed attestations via proofof.ai.,hvp,79,legal,https://pypi.org/project/mcp-spec-compliance-mcp/,https://csoai.org/mcp/mcp-spec-compliance-mcp,https://github.com/CSOAI-ORG/mcp-spec-compliance-mcp,pip install mcp-spec-compliance-mcp,python -m mcp_spec_compliance_mcp
mdr-medical-device-mcp,mdr-medical-device-mcp,Mdr Medical Device — CSOAI / MEOK AI Labs Layer 0 compliance MCP server. Tier: Low-Value Pack (£9/mo). Sectors: healthcare. EU AI Act / NIST AI RMF / ISO 42001 cross-framework support. HMAC-signed attestations via proofof.ai.,lvp,9,healthcare,https://pypi.org/project/mdr-medical-device-mcp/,https://csoai.org/mcp/mdr-medical-device-mcp,https://github.com/CSOAI-ORG/mdr-medical-device-mcp,pip install mdr-medical-device-mcp,python -m mdr_medical_device_mcp
meal-planner-ai-mcp,meal-planner-ai-mcp,Meal Planner Ai — CSOAI / MEOK AI Labs Layer 0 compliance MCP server. Tier: Low-Value Pack (£9/mo). Sectors: general. EU AI Act / NIST AI RMF / ISO 42001 cross-framework support. HMAC-signed attestations via proofof.ai.,lvp,9,general,https://pypi.org/project/meal-planner-ai-mcp/,https://csoai.org/mcp/meal-planner-ai-mcp,https://github.com/CSOAI-ORG/meal-planner-ai-mcp,pip install meal-planner-ai-mcp,python -m meal_planner_ai_mcp
meditation-guide-ai-mcp,meditation-guide-ai-mcp,Meditation Guide Ai — CSOAI / MEOK AI Labs Layer 0 compliance MCP server. Tier: Low-Value Pack (£9/mo). Sectors: general. EU AI Act / NIST AI RMF / ISO 42001 cross-framework support. HMAC-signed attestations via proofof.ai.,lvp,9,general,https://pypi.org/project/meditation-guide-ai-mcp/,https://csoai.org/mcp/meditation-guide-ai-mcp,https://github.com/CSOAI-ORG/meditation-guide-ai-mcp,pip install meditation-guide-ai-mcp,python -m meditation_guide_ai_mcp
meeting-summarizer-ai-mcp,meeting-summarizer-ai-mcp,Meeting Summarizer Ai — CSOAI / MEOK AI Labs Layer 0 compliance MCP server. Tier: Low-Value Pack (£9/mo). Sectors: general. EU AI Act / NIST AI RMF / ISO 42001 cross-framework support. HMAC-signed attestations via proofof.ai.,lvp,9,general,https://pypi.org/project/meeting-summarizer-ai-mcp/,https://csoai.org/mcp/meeting-summarizer-ai-mcp,https://github.com/CSOAI-ORG/meeting-summarizer-ai-mcp,pip install meeting-summarizer-ai-mcp,python -m meeting_summarizer_ai_mcp
memory-search-mcp,memory-search-mcp,Memory Search — CSOAI / MEOK AI Labs Layer 0 compliance MCP server. Tier: Low-Value Pack (£9/mo). Sectors: general. EU AI Act / NIST AI RMF / ISO 42001 cross-framework support. HMAC-signed attestations via proofof.ai.,lvp,9,general,https://pypi.org/project/memory-search-mcp/,https://csoai.org/mcp/memory-search-mcp,https://github.com/CSOAI-ORG/memory-search-mcp,pip install memory-search-mcp,python -m memory_search_mcp
meok-aaif-agent-card-mcp,meok-aaif-agent-card-mcp,Meok Aaif Agent Card — CSOAI / MEOK AI Labs Layer 0 compliance MCP server. Tier: Mid-Value Pack (£29/mo). Sectors: general. EU AI Act / NIST AI RMF / ISO 42001 cross-framework support. HMAC-signed attestations via proofof.ai.,mvp,29,general,https://pypi.org/project/meok-aaif-agent-card-mcp/,https://csoai.org/mcp/meok-aaif-agent-card-mcp,https://github.com/CSOAI-ORG/meok-aaif-agent-card-mcp,pip install meok-aaif-agent-card-mcp,python -m meok_aaif_agent_card_mcp
meok-abci-bridge-mcp,meok-abci-bridge-mcp,Meok Abci Bridge — CSOAI / MEOK AI Labs Layer 0 compliance MCP server. Tier: Low-Value Pack (£9/mo). Sectors: general. EU AI Act / NIST AI RMF / ISO 42001 cross-framework support. HMAC-signed attestations via proofof.ai.,lvp,9,general,https://pypi.org/project/meok-abci-bridge-mcp/,https://csoai.org/mcp/meok-abci-bridge-mcp,https://github.com/CSOAI-ORG/meok-abci-bridge-mcp,pip install meok-abci-bridge-mcp,python -m meok_abci_bridge_mcp
meok-agents-md-lint-mcp,meok-agents-md-lint-mcp,Meok Agents Md Lint — CSOAI / MEOK AI Labs Layer 0 compliance MCP server. Tier: Mid-Value Pack (£29/mo). Sectors: general. EU AI Act / NIST AI RMF / ISO 42001 cross-framework support. HMAC-signed attestations via proofof.ai.,mvp,29,general,https://pypi.org/project/meok-agents-md-lint-mcp/,https://csoai.org/mcp/meok-agents-md-lint-mcp,https://github.com/CSOAI-ORG/meok-agents-md-lint-mcp,pip install meok-agents-md-lint-mcp,python -m meok_agents_md_lint_mcp
meok-ai-treaty-mcp,meok-ai-treaty-mcp,Meok Ai Treaty — CSOAI / MEOK AI Labs Layer 0 compliance MCP server. Tier: Low-Value Pack (£9/mo). Sectors: general. EU AI Act / NIST AI RMF / ISO 42001 cross-framework support. HMAC-signed attestations via proofof.ai.,lvp,9,general,https://pypi.org/project/meok-ai-treaty-mcp/,https://csoai.org/mcp/meok-ai-treaty-mcp,https://github.com/CSOAI-ORG/meok-ai-treaty-mcp,pip install meok-ai-treaty-mcp,python -m meok_ai_treaty_mcp
meok-allmi-hiab-mcp,meok-allmi-hiab-mcp,Meok Allmi Hiab — CSOAI / MEOK AI Labs Layer 0 compliance MCP server. Tier: Low-Value Pack (£9/mo). Sectors: general. EU AI Act / NIST AI RMF / ISO 42001 cross-framework support. HMAC-signed attestations via proofof.ai.,lvp,9,general,https://pypi.org/project/meok-allmi-hiab-mcp/,https://csoai.org/mcp/meok-allmi-hiab-mcp,https://github.com/CSOAI-ORG/meok-allmi-hiab-mcp,pip install meok-allmi-hiab-mcp,python -m meok_allmi_hiab_mcp
meok-ap2-mandate-mcp,meok-ap2-mandate-mcp,Meok Ap2 Mandate — CSOAI / MEOK AI Labs Layer 0 compliance MCP server. Tier: Low-Value Pack (£9/mo). Sectors: finance. EU AI Act / NIST AI RMF / ISO 42001 cross-framework support. HMAC-signed attestations via proofof.ai.,lvp,9,finance,https://pypi.org/project/meok-ap2-mandate-mcp/,https://csoai.org/mcp/meok-ap2-mandate-mcp,https://github.com/CSOAI-ORG/meok-ap2-mandate-mcp,pip install meok-ap2-mandate-mcp,python -m meok_ap2_mandate_mcp
meok-aquaponics-monitor-mcp,meok-aquaponics-monitor-mcp,Meok Aquaponics Monitor — CSOAI / MEOK AI Labs Layer 0 compliance MCP server. Tier: Low-Value Pack (£9/mo). Sectors: general. EU AI Act / NIST AI RMF / ISO 42001 cross-framework support. HMAC-signed attestations via proofof.ai.,lvp,9,general,https://pypi.org/project/meok-aquaponics-monitor-mcp/,https://csoai.org/mcp/meok-aquaponics-monitor-mcp,https://github.com/CSOAI-ORG/meok-aquaponics-monitor-mcp,pip install meok-aquaponics-monitor-mcp,python -m meok_aquaponics_monitor_mcp
meok-article-50-kit-mcp,meok-article-50-kit-mcp,Meok Article 50 Kit — CSOAI / MEOK AI Labs Layer 0 compliance MCP server. Tier: Low-Value Pack (£9/mo). Sectors: general. EU AI Act / NIST AI RMF / ISO 42001 cross-framework support. HMAC-signed attestations via proofof.ai.,lvp,9,general,https://pypi.org/project/meok-article-50-kit-mcp/,https://csoai.org/mcp/meok-article-50-kit-mcp,https://github.com/CSOAI-ORG/meok-article-50-kit-mcp,pip install meok-article-50-kit-mcp,python -m meok_article_50_kit_mcp
meok-asc-rspca-crosswalk-mcp,meok-asc-rspca-crosswalk-mcp,Meok Asc Rspca Crosswalk — CSOAI / MEOK AI Labs Layer 0 compliance MCP server. Tier: Low-Value Pack (£9/mo). Sectors: general. EU AI Act / NIST AI RMF / ISO 42001 cross-framework support. HMAC-signed attestations via proofof.ai.,lvp,9,general,https://pypi.org/project/meok-asc-rspca-crosswalk-mcp/,https://csoai.org/mcp/meok-asc-rspca-crosswalk-mcp,https://github.com/CSOAI-ORG/meok-asc-rspca-crosswalk-mcp,pip install meok-asc-rspca-crosswalk-mcp,python -m meok_asc_rspca_crosswalk_mcp
meok-bs7121-mcp,meok-bs7121-mcp,Meok Bs7121 — CSOAI / MEOK AI Labs Layer 0 compliance MCP server. Tier: Low-Value Pack (£9/mo). Sectors: general. EU AI Act / NIST AI RMF / ISO 42001 cross-framework support. HMAC-signed attestations via proofof.ai.,lvp,9,general,https://pypi.org/project/meok-bs7121-mcp/,https://csoai.org/mcp/meok-bs7121-mcp,https://github.com/CSOAI-ORG/meok-bs7121-mcp,pip install meok-bs7121-mcp,python -m meok_bs7121_mcp
meok-c2pa-durable-mcp,meok-c2pa-durable-mcp,Meok C2Pa Durable — CSOAI / MEOK AI Labs Layer 0 compliance MCP server. Tier: Low-Value Pack (£9/mo). Sectors: general. EU AI Act / NIST AI RMF / ISO 42001 cross-framework support. HMAC-signed attestations via proofof.ai.,lvp,9,general,https://pypi.org/project/meok-c2pa-durable-mcp/,https://csoai.org/mcp/meok-c2pa-durable-mcp,https://github.com/CSOAI-ORG/meok-c2pa-durable-mcp,pip install meok-c2pa-durable-mcp,python -m meok_c2pa_durable_mcp
meok-c2pa-watermark-mcp,meok-c2pa-watermark-mcp,Meok C2Pa Watermark — CSOAI / MEOK AI Labs Layer 0 compliance MCP server. Tier: Low-Value Pack (£9/mo). Sectors: general. EU AI Act / NIST AI RMF / ISO 42001 cross-framework support. HMAC-signed attestations via proofof.ai.,lvp,9,general,https://pypi.org/project/meok-c2pa-watermark-mcp/,https://csoai.org/mcp/meok-c2pa-watermark-mcp,https://github.com/CSOAI-ORG/meok-c2pa-watermark-mcp,pip install meok-c2pa-watermark-mcp,python -m meok_c2pa_watermark_mcp
meok-coinbase-x402-receipt-mcp,meok-coinbase-x402-receipt-mcp,Meok Coinbase X402 Receipt — CSOAI / MEOK AI Labs Layer 0 compliance MCP server. Tier: Low-Value Pack (£9/mo). Sectors: finance. EU AI Act / NIST AI RMF / ISO 42001 cross-framework support. HMAC-signed attestations via proofof.ai.,lvp,9,finance,https://pypi.org/project/meok-coinbase-x402-receipt-mcp/,https://csoai.org/mcp/meok-coinbase-x402-receipt-mcp,https://github.com/CSOAI-ORG/meok-coinbase-x402-receipt-mcp,pip install meok-coinbase-x402-receipt-mcp,python -m meok_coinbase_x402_receipt_mcp
meok-cold-chain-pharma-mcp,meok-cold-chain-pharma-mcp,Meok Cold Chain Pharma — CSOAI / MEOK AI Labs Layer 0 compliance MCP server. Tier: elite (£9/mo). Sectors: healthcare. EU AI Act / NIST AI RMF / ISO 42001 cross-framework support. HMAC-signed attestations via proofof.ai.,elite,199,healthcare,https://pypi.org/project/meok-cold-chain-pharma-mcp/,https://csoai.org/mcp/meok-cold-chain-pharma-mcp,https://github.com/CSOAI-ORG/meok-cold-chain-pharma-mcp,pip install meok-cold-chain-pharma-mcp,python -m meok_cold_chain_pharma_mcp
meok-cpa-contract-lift-mcp,meok-cpa-contract-lift-mcp,Meok Cpa Contract Lift — CSOAI / MEOK AI Labs Layer 0 compliance MCP server. Tier: Low-Value Pack (£9/mo). Sectors: legal. EU AI Act / NIST AI RMF / ISO 42001 cross-framework support. HMAC-signed attestations via proofof.ai.,lvp,9,legal,https://pypi.org/project/meok-cpa-contract-lift-mcp/,https://csoai.org/mcp/meok-cpa-contract-lift-mcp,https://github.com/CSOAI-ORG/meok-cpa-contract-lift-mcp,pip install meok-cpa-contract-lift-mcp,python -m meok_cpa_contract_lift_mcp
meok-cra-annex-iv-classifier-mcp,meok-cra-annex-iv-classifier-mcp,Meok Cra Annex Iv Classifier — CSOAI / MEOK AI Labs Layer 0 compliance MCP server. Tier: Low-Value Pack (£9/mo). Sectors: general. EU AI Act / NIST AI RMF / ISO 42001 cross-framework support. HMAC-signed attestations via proofof.ai.,lvp,9,general,https://pypi.org/project/meok-cra-annex-iv-classifier-mcp/,https://csoai.org/mcp/meok-cra-annex-iv-classifier-mcp,https://github.com/CSOAI-ORG/meok-cra-annex-iv-classifier-mcp,pip install meok-cra-annex-iv-classifier-mcp,python -m meok_cra_annex_iv_classifier_mcp
meok-cra-art14-reporter-mcp,meok-cra-art14-reporter-mcp,Meok Cra Art14 Reporter — CSOAI / MEOK AI Labs Layer 0 compliance MCP server. Tier: Low-Value Pack (£9/mo). Sectors: general. EU AI Act / NIST AI RMF / ISO 42001 cross-framework support. HMAC-signed attestations via proofof.ai.,lvp,9,general,https://pypi.org/project/meok-cra-art14-reporter-mcp/,https://csoai.org/mcp/meok-cra-art14-reporter-mcp,https://github.com/CSOAI-ORG/meok-cra-art14-reporter-mcp,pip install meok-cra-art14-reporter-mcp,python -m meok_cra_art14_reporter_mcp
meok-credential-manager-mcp,meok-credential-manager-mcp,Meok Credential Manager — CSOAI / MEOK AI Labs Layer 0 compliance MCP server. Tier: Low-Value Pack (£9/mo). Sectors: general. EU AI Act / NIST AI RMF / ISO 42001 cross-framework support. HMAC-signed attestations via proofof.ai.,lvp,9,general,https://pypi.org/project/meok-credential-manager-mcp/,https://csoai.org/mcp/meok-credential-manager-mcp,https://github.com/CSOAI-ORG/meok-credential-manager-mcp,pip install meok-credential-manager-mcp,python -m meok_credential_manager_mcp
meok-dpia-edpb-template-mcp,meok-dpia-edpb-template-mcp,Meok Dpia Edpb Template — CSOAI / MEOK AI Labs Layer 0 compliance MCP server. Tier: Low-Value Pack (£9/mo). Sectors: general. EU AI Act / NIST AI RMF / ISO 42001 cross-framework support. HMAC-signed attestations via proofof.ai.,lvp,9,general,https://pypi.org/project/meok-dpia-edpb-template-mcp/,https://csoai.org/mcp/meok-dpia-edpb-template-mcp,https://github.com/CSOAI-ORG/meok-dpia-edpb-template-mcp,pip install meok-dpia-edpb-template-mcp,python -m meok_dpia_edpb_template_mcp
meok-drcf-agent-crosswalk-mcp,meok-drcf-agent-crosswalk-mcp,Meok Drcf Agent Crosswalk — CSOAI / MEOK AI Labs Layer 0 compliance MCP server. Tier: Mid-Value Pack (£29/mo). Sectors: general. EU AI Act / NIST AI RMF / ISO 42001 cross-framework support. HMAC-signed attestations via proofof.ai.,mvp,29,general,https://pypi.org/project/meok-drcf-agent-crosswalk-mcp/,https://csoai.org/mcp/meok-drcf-agent-crosswalk-mcp,https://github.com/CSOAI-ORG/meok-drcf-agent-crosswalk-mcp,pip install meok-drcf-agent-crosswalk-mcp,python -m meok_drcf_agent_crosswalk_mcp
meok-dvsa-olicence-mcp,meok-dvsa-olicence-mcp,Meok Dvsa Olicence — CSOAI / MEOK AI Labs Layer 0 compliance MCP server. Tier: Low-Value Pack (£9/mo). Sectors: general. EU AI Act / NIST AI RMF / ISO 42001 cross-framework support. HMAC-signed attestations via proofof.ai.,lvp,9,general,https://pypi.org/project/meok-dvsa-olicence-mcp/,https://csoai.org/mcp/meok-dvsa-olicence-mcp,https://github.com/CSOAI-ORG/meok-dvsa-olicence-mcp,pip install meok-dvsa-olicence-mcp,python -m meok_dvsa_olicence_mcp
meok-eu-ai-act-2-mcp,meok-eu-ai-act-2-mcp,Meok Eu Ai Act 2 — CSOAI / MEOK AI Labs Layer 0 compliance MCP server. Tier: Low-Value Pack (£9/mo). Sectors: government. EU AI Act / NIST AI RMF / ISO 42001 cross-framework support. HMAC-signed attestations via proofof.ai.,lvp,9,government,https://pypi.org/project/meok-eu-ai-act-2-mcp/,https://csoai.org/mcp/meok-eu-ai-act-2-mcp,https://github.com/CSOAI-ORG/meok-eu-ai-act-2-mcp,pip install meok-eu-ai-act-2-mcp,python -m meok_eu_ai_act_2_mcp
meok-eu-ai-act-art-13-ifu-mcp,meok-eu-ai-act-art-13-ifu-mcp,Meok Eu Ai Act Art 13 Ifu — CSOAI / MEOK AI Labs Layer 0 compliance MCP server. Tier: Low-Value Pack (£9/mo). Sectors: government. EU AI Act / NIST AI RMF / ISO 42001 cross-framework support. HMAC-signed attestations via proofof.ai.,lvp,9,government,https://pypi.org/project/meok-eu-ai-act-art-13-ifu-mcp/,https://csoai.org/mcp/meok-eu-ai-act-art-13-ifu-mcp,https://github.com/CSOAI-ORG/meok-eu-ai-act-art-13-ifu-mcp,pip install meok-eu-ai-act-art-13-ifu-mcp,python -m meok_eu_ai_act_art_13_ifu_mcp
meok-eu-ai-act-art-26-fria-mcp,meok-eu-ai-act-art-26-fria-mcp,Meok Eu Ai Act Art 26 Fria — CSOAI / MEOK AI Labs Layer 0 compliance MCP server. Tier: Low-Value Pack (£9/mo). Sectors: government. EU AI Act / NIST AI RMF / ISO 42001 cross-framework support. HMAC-signed attestations via proofof.ai.,lvp,9,government,https://pypi.org/project/meok-eu-ai-act-art-26-fria-mcp/,https://csoai.org/mcp/meok-eu-ai-act-art-26-fria-mcp,https://github.com/CSOAI-ORG/meok-eu-ai-act-art-26-fria-mcp,pip install meok-eu-ai-act-art-26-fria-mcp,python -m meok_eu_ai_act_art_26_fria_mcp
meok-eu-aia-art-9-rms-mcp,meok-eu-aia-art-9-rms-mcp,Meok Eu Aia Art 9 Rms — CSOAI / MEOK AI Labs Layer 0 compliance MCP server. Tier: Low-Value Pack (£9/mo). Sectors: general. EU AI Act / NIST AI RMF / ISO 42001 cross-framework support. HMAC-signed attestations via proofof.ai.,lvp,9,general,https://pypi.org/project/meok-eu-aia-art-9-rms-mcp/,https://csoai.org/mcp/meok-eu-aia-art-9-rms-mcp,https://github.com/CSOAI-ORG/meok-eu-aia-art-9-rms-mcp,pip install meok-eu-aia-art-9-rms-mcp,python -m meok_eu_aia_art_9_rms_mcp
meok-eu-aigc-icon-mcp,meok-eu-aigc-icon-mcp,Meok Eu Aigc Icon — CSOAI / MEOK AI Labs Layer 0 compliance MCP server. Tier: Low-Value Pack (£9/mo). Sectors: government. EU AI Act / NIST AI RMF / ISO 42001 cross-framework support. HMAC-signed attestations via proofof.ai.,lvp,9,government,https://pypi.org/project/meok-eu-aigc-icon-mcp/,https://csoai.org/mcp/meok-eu-aigc-icon-mcp,https://github.com/CSOAI-ORG/meok-eu-aigc-icon-mcp,pip install meok-eu-aigc-icon-mcp,python -m meok_eu_aigc_icon_mcp
meok-eu-mobility-package-mcp,meok-eu-mobility-package-mcp,Meok Eu Mobility Package — CSOAI / MEOK AI Labs Layer 0 compliance MCP server. Tier: Low-Value Pack (£9/mo). Sectors: transportation. EU AI Act / NIST AI RMF / ISO 42001 cross-framework support. HMAC-signed attestations via proofof.ai.,lvp,9,transportation,https://pypi.org/project/meok-eu-mobility-package-mcp/,https://csoai.org/mcp/meok-eu-mobility-package-mcp,https://github.com/CSOAI-ORG/meok-eu-mobility-package-mcp,pip install meok-eu-mobility-package-mcp,python -m meok_eu_mobility_package_mcp
meok-eu-platform-worker-mcp,meok-eu-platform-worker-mcp,Meok Eu Platform Worker — CSOAI / MEOK AI Labs Layer 0 compliance MCP server. Tier: Low-Value Pack (£9/mo). Sectors: general. EU AI Act / NIST AI RMF / ISO 42001 cross-framework support. HMAC-signed attestations via proofof.ai.,lvp,9,general,https://pypi.org/project/meok-eu-platform-worker-mcp/,https://csoai.org/mcp/meok-eu-platform-worker-mcp,https://github.com/CSOAI-ORG/meok-eu-platform-worker-mcp,pip install meok-eu-platform-worker-mcp,python -m meok_eu_platform_worker_mcp
meok-ev-recall-transport-mcp,meok-ev-recall-transport-mcp,Meok Ev Recall Transport — CSOAI / MEOK AI Labs Layer 0 compliance MCP server. Tier: Low-Value Pack (£9/mo). Sectors: general. EU AI Act / NIST AI RMF / ISO 42001 cross-framework support. HMAC-signed attestations via proofof.ai.,lvp,9,general,https://pypi.org/project/meok-ev-recall-transport-mcp/,https://csoai.org/mcp/meok-ev-recall-transport-mcp,https://github.com/CSOAI-ORG/meok-ev-recall-transport-mcp,pip install meok-ev-recall-transport-mcp,python -m meok_ev_recall_transport_mcp
meok-fmcsa-hours-of-service-mcp,meok-fmcsa-hours-of-service-mcp,Meok Fmcsa Hours Of Service — CSOAI / MEOK AI Labs Layer 0 compliance MCP server. Tier: High-Value Pack (£99/mo). Sectors: general. EU AI Act / NIST AI RMF / ISO 42001 cross-framework support. HMAC-signed attestations via proofof.ai.,hvp,79,general,https://pypi.org/project/meok-fmcsa-hours-of-service-mcp/,https://csoai.org/mcp/meok-fmcsa-hours-of-service-mcp,https://github.com/CSOAI-ORG/meok-fmcsa-hours-of-service-mcp,pip install meok-fmcsa-hours-of-service-mcp,python -m meok_fmcsa_hours_of_service_mcp
meok-fors-clocs-mcp,meok-fors-clocs-mcp,Meok Fors Clocs — CSOAI / MEOK AI Labs Layer 0 compliance MCP server. Tier: Low-Value Pack (£9/mo). Sectors: general. EU AI Act / NIST AI RMF / ISO 42001 cross-framework support. HMAC-signed attestations via proofof.ai.,lvp,9,general,https://pypi.org/project/meok-fors-clocs-mcp/,https://csoai.org/mcp/meok-fors-clocs-mcp,https://github.com/CSOAI-ORG/meok-fors-clocs-mcp,pip install meok-fors-clocs-mcp,python -m meok_fors_clocs_mcp
meok-gaming-eve-mcp,meok-gaming-eve-mcp,Meok Gaming Eve — CSOAI / MEOK AI Labs Layer 0 compliance MCP server. Tier: Low-Value Pack (£9/mo). Sectors: general. EU AI Act / NIST AI RMF / ISO 42001 cross-framework support. HMAC-signed attestations via proofof.ai.,lvp,9,general,https://pypi.org/project/meok-gaming-eve-mcp/,https://csoai.org/mcp/meok-gaming-eve-mcp,https://github.com/CSOAI-ORG/meok-gaming-eve-mcp,pip install meok-gaming-eve-mcp,python -m meok_gaming_eve_mcp
meok-gaming-ffxiv-mcp,meok-gaming-ffxiv-mcp,Meok Gaming Ffxiv — CSOAI / MEOK AI Labs Layer 0 compliance MCP server. Tier: Low-Value Pack (£9/mo). Sectors: general. EU AI Act / NIST AI RMF / ISO 42001 cross-framework support. HMAC-signed attestations via proofof.ai.,lvp,9,general,https://pypi.org/project/meok-gaming-ffxiv-mcp/,https://csoai.org/mcp/meok-gaming-ffxiv-mcp,https://github.com/CSOAI-ORG/meok-gaming-ffxiv-mcp,pip install meok-gaming-ffxiv-mcp,python -m meok_gaming_ffxiv_mcp
meok-gaming-minecraft-mcp,meok-gaming-minecraft-mcp,Meok Gaming Minecraft — CSOAI / MEOK AI Labs Layer 0 compliance MCP server. Tier: Low-Value Pack (£9/mo). Sectors: general. EU AI Act / NIST AI RMF / ISO 42001 cross-framework support. HMAC-signed attestations via proofof.ai.,lvp,9,general,https://pypi.org/project/meok-gaming-minecraft-mcp/,https://csoai.org/mcp/meok-gaming-minecraft-mcp,https://github.com/CSOAI-ORG/meok-gaming-minecraft-mcp,pip install meok-gaming-minecraft-mcp,python -m meok_gaming_minecraft_mcp
meok-gaming-osrs-mcp,meok-gaming-osrs-mcp,Meok Gaming Osrs — CSOAI / MEOK AI Labs Layer 0 compliance MCP server. Tier: Low-Value Pack (£9/mo). Sectors: general. EU AI Act / NIST AI RMF / ISO 42001 cross-framework support. HMAC-signed attestations via proofof.ai.,lvp,9,general,https://pypi.org/project/meok-gaming-osrs-mcp/,https://csoai.org/mcp/meok-gaming-osrs-mcp,https://github.com/CSOAI-ORG/meok-gaming-osrs-mcp,pip install meok-gaming-osrs-mcp,python -m meok_gaming_osrs_mcp
meok-gaming-wow-mcp,meok-gaming-wow-mcp,Meok Gaming Wow — CSOAI / MEOK AI Labs Layer 0 compliance MCP server. Tier: Low-Value Pack (£9/mo). Sectors: general. EU AI Act / NIST AI RMF / ISO 42001 cross-framework support. HMAC-signed attestations via proofof.ai.,lvp,9,general,https://pypi.org/project/meok-gaming-wow-mcp/,https://csoai.org/mcp/meok-gaming-wow-mcp,https://github.com/CSOAI-ORG/meok-gaming-wow-mcp,pip install meok-gaming-wow-mcp,python -m meok_gaming_wow_mcp
meok-governance-engine-mcp,meok-governance-engine-mcp,Meok Governance Engine — CSOAI / MEOK AI Labs Layer 0 compliance MCP server. Tier: Low-Value Pack (£9/mo). Sectors: general. EU AI Act / NIST AI RMF / ISO 42001 cross-framework support. HMAC-signed attestations via proofof.ai.,lvp,9,general,https://pypi.org/project/meok-governance-engine-mcp/,https://csoai.org/mcp/meok-governance-engine-mcp,https://github.com/CSOAI-ORG/meok-governance-engine-mcp,pip install meok-governance-engine-mcp,python -m meok_governance_engine_mcp
meok-haulage-governance-bridge-mcp,meok-haulage-governance-bridge-mcp,Meok Haulage Governance Bridge — CSOAI / MEOK AI Labs Layer 0 compliance MCP server. Tier: Low-Value Pack (£9/mo). Sectors: general. EU AI Act / NIST AI RMF / ISO 42001 cross-framework support. HMAC-signed attestations via proofof.ai.,lvp,9,general,https://pypi.org/project/meok-haulage-governance-bridge-mcp/,https://csoai.org/mcp/meok-haulage-governance-bridge-mcp,https://github.com/CSOAI-ORG/meok-haulage-governance-bridge-mcp,pip install meok-haulage-governance-bridge-mcp,python -m meok_haulage_governance_bridge_mcp
meok-iata-dgr-air-cargo-mcp,meok-iata-dgr-air-cargo-mcp,Meok Iata Dgr Air Cargo — CSOAI / MEOK AI Labs Layer 0 compliance MCP server. Tier: Low-Value Pack (£9/mo). Sectors: general. EU AI Act / NIST AI RMF / ISO 42001 cross-framework support. HMAC-signed attestations via proofof.ai.,lvp,9,general,https://pypi.org/project/meok-iata-dgr-air-cargo-mcp/,https://csoai.org/mcp/meok-iata-dgr-air-cargo-mcp,https://github.com/CSOAI-ORG/meok-iata-dgr-air-cargo-mcp,pip install meok-iata-dgr-air-cargo-mcp,python -m meok_iata_dgr_air_cargo_mcp
meok-imo-marpol-marine-mcp,meok-imo-marpol-marine-mcp,Meok Imo Marpol Marine — CSOAI / MEOK AI Labs Layer 0 compliance MCP server. Tier: Low-Value Pack (£9/mo). Sectors: general. EU AI Act / NIST AI RMF / ISO 42001 cross-framework support. HMAC-signed attestations via proofof.ai.,lvp,9,general,https://pypi.org/project/meok-imo-marpol-marine-mcp/,https://csoai.org/mcp/meok-imo-marpol-marine-mcp,https://github.com/CSOAI-ORG/meok-imo-marpol-marine-mcp,pip install meok-imo-marpol-marine-mcp,python -m meok_imo_marpol_marine_mcp
meok-iru-tir-international-mcp,meok-iru-tir-international-mcp,Meok Iru Tir International — CSOAI / MEOK AI Labs Layer 0 compliance MCP server. Tier: Low-Value Pack (£9/mo). Sectors: general. EU AI Act / NIST AI RMF / ISO 42001 cross-framework support. HMAC-signed attestations via proofof.ai.,lvp,9,general,https://pypi.org/project/meok-iru-tir-international-mcp/,https://csoai.org/mcp/meok-iru-tir-international-mcp,https://github.com/CSOAI-ORG/meok-iru-tir-international-mcp,pip install meok-iru-tir-international-mcp,python -m meok_iru_tir_international_mcp
meok-koikeeper-ai-mcp,meok-koikeeper-ai-mcp,Meok Koikeeper Ai — CSOAI / MEOK AI Labs Layer 0 compliance MCP server. Tier: Low-Value Pack (£9/mo). Sectors: general. EU AI Act / NIST AI RMF / ISO 42001 cross-framework support. HMAC-signed attestations via proofof.ai.,lvp,9,general,https://pypi.org/project/meok-koikeeper-ai-mcp/,https://csoai.org/mcp/meok-koikeeper-ai-mcp,https://github.com/CSOAI-ORG/meok-koikeeper-ai-mcp,pip install meok-koikeeper-ai-mcp,python -m meok_koikeeper_ai_mcp
meok-laia-aquatic-mcp,meok-laia-aquatic-mcp,Meok Laia Aquatic — CSOAI / MEOK AI Labs Layer 0 compliance MCP server. Tier: Low-Value Pack (£9/mo). Sectors: general. EU AI Act / NIST AI RMF / ISO 42001 cross-framework support. HMAC-signed attestations via proofof.ai.,lvp,9,general,https://pypi.org/project/meok-laia-aquatic-mcp/,https://csoai.org/mcp/meok-laia-aquatic-mcp,https://github.com/CSOAI-ORG/meok-laia-aquatic-mcp,pip install meok-laia-aquatic-mcp,python -m meok_laia_aquatic_mcp
meok-law-mcp,meok-law-mcp,Meok Law — CSOAI / MEOK AI Labs Layer 0 compliance MCP server. Tier: Low-Value Pack (£9/mo). Sectors: legal. EU AI Act / NIST AI RMF / ISO 42001 cross-framework support. HMAC-signed attestations via proofof.ai.,lvp,9,legal,https://pypi.org/project/meok-law-mcp/,https://csoai.org/mcp/meok-law-mcp,https://github.com/CSOAI-ORG/meok-law-mcp,pip install meok-law-mcp,python -m meok_law_mcp
meok-libp2p-agent-mesh-mcp,meok-libp2p-agent-mesh-mcp,Meok Libp2P Agent Mesh — CSOAI / MEOK AI Labs Layer 0 compliance MCP server. Tier: Mid-Value Pack (£29/mo). Sectors: general. EU AI Act / NIST AI RMF / ISO 42001 cross-framework support. HMAC-signed attestations via proofof.ai.,mvp,29,general,https://pypi.org/project/meok-libp2p-agent-mesh-mcp/,https://csoai.org/mcp/meok-libp2p-agent-mesh-mcp,https://github.com/CSOAI-ORG/meok-libp2p-agent-mesh-mcp,pip install meok-libp2p-agent-mesh-mcp,python -m meok_libp2p_agent_mesh_mcp
meok-livestock-welfare-transport-mcp,meok-livestock-welfare-transport-mcp,Meok Livestock Welfare Transport — CSOAI / MEOK AI Labs Layer 0 compliance MCP server. Tier: Low-Value Pack (£9/mo). Sectors: general. EU AI Act / NIST AI RMF / ISO 42001 cross-framework support. HMAC-signed attestations via proofof.ai.,lvp,9,general,https://pypi.org/project/meok-livestock-welfare-transport-mcp/,https://csoai.org/mcp/meok-livestock-welfare-transport-mcp,https://github.com/CSOAI-ORG/meok-livestock-welfare-transport-mcp,pip install meok-livestock-welfare-transport-mcp,python -m meok_livestock_welfare_transport_mcp
meok-mcp-cardgen-mcp,meok-mcp-cardgen-mcp,Meok Cardgen — CSOAI / MEOK AI Labs Layer 0 compliance MCP server. Tier: Low-Value Pack (£9/mo). Sectors: general. EU AI Act / NIST AI RMF / ISO 42001 cross-framework support. HMAC-signed attestations via proofof.ai.,lvp,9,general,https://pypi.org/project/meok-mcp-cardgen-mcp/,https://csoai.org/mcp/meok-mcp-cardgen-mcp,https://github.com/CSOAI-ORG/meok-mcp-cardgen-mcp,pip install meok-mcp-cardgen-mcp,python -m meok_mcp_cardgen_mcp
meok-mcp-hardening-mcp,meok-mcp-hardening-mcp,Meok Hardening — CSOAI / MEOK AI Labs Layer 0 compliance MCP server. Tier: Low-Value Pack (£9/mo). Sectors: general. EU AI Act / NIST AI RMF / ISO 42001 cross-framework support. HMAC-signed attestations via proofof.ai.,lvp,9,general,https://pypi.org/project/meok-mcp-hardening-mcp/,https://csoai.org/mcp/meok-mcp-hardening-mcp,https://github.com/CSOAI-ORG/meok-mcp-hardening-mcp,pip install meok-mcp-hardening-mcp,python -m meok_mcp_hardening_mcp
meok-mcp-injection-scan-mcp,meok-mcp-injection-scan-mcp,Meok Injection Scan — CSOAI / MEOK AI Labs Layer 0 compliance MCP server. Tier: Low-Value Pack (£9/mo). Sectors: general. EU AI Act / NIST AI RMF / ISO 42001 cross-framework support. HMAC-signed attestations via proofof.ai.,lvp,9,general,https://pypi.org/project/meok-mcp-injection-scan-mcp/,https://csoai.org/mcp/meok-mcp-injection-scan-mcp,https://github.com/CSOAI-ORG/meok-mcp-injection-scan-mcp,pip install meok-mcp-injection-scan-mcp,python -m meok_mcp_injection_scan_mcp
meok-mcp-test-mcp,meok-mcp-test-mcp,Meok Test — CSOAI / MEOK AI Labs Layer 0 compliance MCP server. Tier: Mid-Value Pack (£29/mo). Sectors: general. EU AI Act / NIST AI RMF / ISO 42001 cross-framework support. HMAC-signed attestations via proofof.ai.,mvp,29,general,https://pypi.org/project/meok-mcp-test-mcp/,https://csoai.org/mcp/meok-mcp-test-mcp,https://github.com/CSOAI-ORG/meok-mcp-test-mcp,pip install meok-mcp-test-mcp,python -m meok_mcp_test_mcp
meok-nhvr-australia-mcp,meok-nhvr-australia-mcp,Meok Nhvr Australia — CSOAI / MEOK AI Labs Layer 0 compliance MCP server. Tier: Low-Value Pack (£9/mo). Sectors: general. EU AI Act / NIST AI RMF / ISO 42001 cross-framework support. HMAC-signed attestations via proofof.ai.,lvp,9,general,https://pypi.org/project/meok-nhvr-australia-mcp/,https://csoai.org/mcp/meok-nhvr-australia-mcp,https://github.com/CSOAI-ORG/meok-nhvr-australia-mcp,pip install meok-nhvr-australia-mcp,python -m meok_nhvr_australia_mcp
meok-nis2-de-register-mcp,meok-nis2-de-register-mcp,Meok Nis2 De Register — CSOAI / MEOK AI Labs Layer 0 compliance MCP server. Tier: High-Value Pack (£99/mo). Sectors: general. EU AI Act / NIST AI RMF / ISO 42001 cross-framework support. HMAC-signed attestations via proofof.ai.,hvp,79,general,https://pypi.org/project/meok-nis2-de-register-mcp/,https://csoai.org/mcp/meok-nis2-de-register-mcp,https://github.com/CSOAI-ORG/meok-nis2-de-register-mcp,pip install meok-nis2-de-register-mcp,python -m meok_nis2_de_register_mcp
meok-omnibus-tracker-mcp,meok-omnibus-tracker-mcp,Meok Omnibus Tracker — CSOAI / MEOK AI Labs Layer 0 compliance MCP server. Tier: Low-Value Pack (£9/mo). Sectors: general. EU AI Act / NIST AI RMF / ISO 42001 cross-framework support. HMAC-signed attestations via proofof.ai.,lvp,9,general,https://pypi.org/project/meok-omnibus-tracker-mcp/,https://csoai.org/mcp/meok-omnibus-tracker-mcp,https://github.com/CSOAI-ORG/meok-omnibus-tracker-mcp,pip install meok-omnibus-tracker-mcp,python -m meok_omnibus_tracker_mcp
meok-rail-freight-uk-mcp,meok-rail-freight-uk-mcp,Meok Rail Freight Uk — CSOAI / MEOK AI Labs Layer 0 compliance MCP server. Tier: Low-Value Pack (£9/mo). Sectors: manufacturing. EU AI Act / NIST AI RMF / ISO 42001 cross-framework support. HMAC-signed attestations via proofof.ai.,lvp,9,manufacturing,https://pypi.org/project/meok-rail-freight-uk-mcp/,https://csoai.org/mcp/meok-rail-freight-uk-mcp,https://github.com/CSOAI-ORG/meok-rail-freight-uk-mcp,pip install meok-rail-freight-uk-mcp,python -m meok_rail_freight_uk_mcp
meok-rspca-aquaculture-mcp,meok-rspca-aquaculture-mcp,Meok Rspca Aquaculture — CSOAI / MEOK AI Labs Layer 0 compliance MCP server. Tier: Low-Value Pack (£9/mo). Sectors: general. EU AI Act / NIST AI RMF / ISO 42001 cross-framework support. HMAC-signed attestations via proofof.ai.,lvp,9,general,https://pypi.org/project/meok-rspca-aquaculture-mcp/,https://csoai.org/mcp/meok-rspca-aquaculture-mcp,https://github.com/CSOAI-ORG/meok-rspca-aquaculture-mcp,pip install meok-rspca-aquaculture-mcp,python -m meok_rspca_aquaculture_mcp
meok-soil-assoc-organic-aqua-mcp,meok-soil-assoc-organic-aqua-mcp,Meok Soil Assoc Organic Aqua — CSOAI / MEOK AI Labs Layer 0 compliance MCP server. Tier: Low-Value Pack (£9/mo). Sectors: energy. EU AI Act / NIST AI RMF / ISO 42001 cross-framework support. HMAC-signed attestations via proofof.ai.,lvp,9,energy,https://pypi.org/project/meok-soil-assoc-organic-aqua-mcp/,https://csoai.org/mcp/meok-soil-assoc-organic-aqua-mcp,https://github.com/CSOAI-ORG/meok-soil-assoc-organic-aqua-mcp,pip install meok-soil-assoc-organic-aqua-mcp,python -m meok_soil_assoc_organic_aqua_mcp
meok-stripe-acp-checkout-mcp,meok-stripe-acp-checkout-mcp,Meok Stripe Acp Checkout — CSOAI / MEOK AI Labs Layer 0 compliance MCP server. Tier: Low-Value Pack (£9/mo). Sectors: finance. EU AI Act / NIST AI RMF / ISO 42001 cross-framework support. HMAC-signed attestations via proofof.ai.,lvp,9,finance,https://pypi.org/project/meok-stripe-acp-checkout-mcp/,https://csoai.org/mcp/meok-stripe-acp-checkout-mcp,https://github.com/CSOAI-ORG/meok-stripe-acp-checkout-mcp,pip install meok-stripe-acp-checkout-mcp,python -m meok_stripe_acp_checkout_mcp
meok-tacho-audit-mcp,meok-tacho-audit-mcp,Meok Tacho Audit — CSOAI / MEOK AI Labs Layer 0 compliance MCP server. Tier: High-Value Pack (£99/mo). Sectors: legal. EU AI Act / NIST AI RMF / ISO 42001 cross-framework support. HMAC-signed attestations via proofof.ai.,hvp,79,legal,https://pypi.org/project/meok-tacho-audit-mcp/,https://csoai.org/mcp/meok-tacho-audit-mcp,https://github.com/CSOAI-ORG/meok-tacho-audit-mcp,pip install meok-tacho-audit-mcp,python -m meok_tacho_audit_mcp
meok-transport-canada-hos-mcp,meok-transport-canada-hos-mcp,Meok Transport Canada Hos — CSOAI / MEOK AI Labs Layer 0 compliance MCP server. Tier: Low-Value Pack (£9/mo). Sectors: general. EU AI Act / NIST AI RMF / ISO 42001 cross-framework support. HMAC-signed attestations via proofof.ai.,lvp,9,general,https://pypi.org/project/meok-transport-canada-hos-mcp/,https://csoai.org/mcp/meok-transport-canada-hos-mcp,https://github.com/CSOAI-ORG/meok-transport-canada-hos-mcp,pip install meok-transport-canada-hos-mcp,python -m meok_transport_canada_hos_mcp
meok-uae-rta-transport-mcp,meok-uae-rta-transport-mcp,Meok Uae Rta Transport — CSOAI / MEOK AI Labs Layer 0 compliance MCP server. Tier: Low-Value Pack (£9/mo). Sectors: general. EU AI Act / NIST AI RMF / ISO 42001 cross-framework support. HMAC-signed attestations via proofof.ai.,lvp,9,general,https://pypi.org/project/meok-uae-rta-transport-mcp/,https://csoai.org/mcp/meok-uae-rta-transport-mcp,https://github.com/CSOAI-ORG/meok-uae-rta-transport-mcp,pip install meok-uae-rta-transport-mcp,python -m meok_uae_rta_transport_mcp
meok-uas-commercial-drone-mcp,meok-uas-commercial-drone-mcp,Meok Uas Commercial Drone — CSOAI / MEOK AI Labs Layer 0 compliance MCP server. Tier: Low-Value Pack (£9/mo). Sectors: general. EU AI Act / NIST AI RMF / ISO 42001 cross-framework support. HMAC-signed attestations via proofof.ai.,lvp,9,general,https://pypi.org/project/meok-uas-commercial-drone-mcp/,https://csoai.org/mcp/meok-uas-commercial-drone-mcp,https://github.com/CSOAI-ORG/meok-uas-commercial-drone-mcp,pip install meok-uas-commercial-drone-mcp,python -m meok_uas_commercial_drone_mcp
meok-uk-adm-article22c-mcp,meok-uk-adm-article22c-mcp,Meok Uk Adm Article22C — CSOAI / MEOK AI Labs Layer 0 compliance MCP server. Tier: Low-Value Pack (£9/mo). Sectors: general. EU AI Act / NIST AI RMF / ISO 42001 cross-framework support. HMAC-signed attestations via proofof.ai.,lvp,9,general,https://pypi.org/project/meok-uk-adm-article22c-mcp/,https://csoai.org/mcp/meok-uk-adm-article22c-mcp,https://github.com/CSOAI-ORG/meok-uk-adm-article22c-mcp,pip install meok-uk-adm-article22c-mcp,python -m meok_uk_adm_article22c_mcp
meok-uk-fhi-mcp,meok-uk-fhi-mcp,Meok Uk Fhi — CSOAI / MEOK AI Labs Layer 0 compliance MCP server. Tier: Low-Value Pack (£9/mo). Sectors: general. EU AI Act / NIST AI RMF / ISO 42001 cross-framework support. HMAC-signed attestations via proofof.ai.,lvp,9,general,https://pypi.org/project/meok-uk-fhi-mcp/,https://csoai.org/mcp/meok-uk-fhi-mcp,https://github.com/CSOAI-ORG/meok-uk-fhi-mcp,pip install meok-uk-fhi-mcp,python -m meok_uk_fhi_mcp
meok-uk-phv-tfl-mcp,meok-uk-phv-tfl-mcp,Meok Uk Phv Tfl — CSOAI / MEOK AI Labs Layer 0 compliance MCP server. Tier: Low-Value Pack (£9/mo). Sectors: general. EU AI Act / NIST AI RMF / ISO 42001 cross-framework support. HMAC-signed attestations via proofof.ai.,lvp,9,general,https://pypi.org/project/meok-uk-phv-tfl-mcp/,https://csoai.org/mcp/meok-uk-phv-tfl-mcp,https://github.com/CSOAI-ORG/meok-uk-phv-tfl-mcp,pip install meok-uk-phv-tfl-mcp,python -m meok_uk_phv_tfl_mcp
meok-vehicle-handover-mcp,meok-vehicle-handover-mcp,Meok Vehicle Handover — CSOAI / MEOK AI Labs Layer 0 compliance MCP server. Tier: Low-Value Pack (£9/mo). Sectors: general. EU AI Act / NIST AI RMF / ISO 42001 cross-framework support. HMAC-signed attestations via proofof.ai.,lvp,9,general,https://pypi.org/project/meok-vehicle-handover-mcp/,https://csoai.org/mcp/meok-vehicle-handover-mcp,https://github.com/CSOAI-ORG/meok-vehicle-handover-mcp,pip install meok-vehicle-handover-mcp,python -m meok_vehicle_handover_mcp
meok-w3c-tdm-rights-mcp,meok-w3c-tdm-rights-mcp,Meok W3C Tdm Rights — CSOAI / MEOK AI Labs Layer 0 compliance MCP server. Tier: Low-Value Pack (£9/mo). Sectors: general. EU AI Act / NIST AI RMF / ISO 42001 cross-framework support. HMAC-signed attestations via proofof.ai.,lvp,9,general,https://pypi.org/project/meok-w3c-tdm-rights-mcp/,https://csoai.org/mcp/meok-w3c-tdm-rights-mcp,https://github.com/CSOAI-ORG/meok-w3c-tdm-rights-mcp,pip install meok-w3c-tdm-rights-mcp,python -m meok_w3c_tdm_rights_mcp
meok-watermark-attest-mcp,meok-watermark-attest-mcp,Meok Watermark Attest — CSOAI / MEOK AI Labs Layer 0 compliance MCP server. Tier: Mid-Value Pack (£29/mo). Sectors: general. EU AI Act / NIST AI RMF / ISO 42001 cross-framework support. HMAC-signed attestations via proofof.ai.,mvp,29,general,https://pypi.org/project/meok-watermark-attest-mcp/,https://csoai.org/mcp/meok-watermark-attest-mcp,https://github.com/CSOAI-ORG/meok-watermark-attest-mcp,pip install meok-watermark-attest-mcp,python -m meok_watermark_attest_mcp
meok-x402-wrap-mcp,meok-x402-wrap-mcp,Meok X402 Wrap — CSOAI / MEOK AI Labs Layer 0 compliance MCP server. Tier: Low-Value Pack (£9/mo). Sectors: finance. EU AI Act / NIST AI RMF / ISO 42001 cross-framework support. HMAC-signed attestations via proofof.ai.,lvp,9,finance,https://pypi.org/project/meok-x402-wrap-mcp/,https://csoai.org/mcp/meok-x402-wrap-mcp,https://github.com/CSOAI-ORG/meok-x402-wrap-mcp,pip install meok-x402-wrap-mcp,python -m meok_x402_wrap_mcp
mhra-samd-optometry-mcp,mhra-samd-optometry-mcp,Mhra Samd Optometry — CSOAI / MEOK AI Labs Layer 0 compliance MCP server. Tier: Low-Value Pack (£9/mo). Sectors: healthcare. EU AI Act / NIST AI RMF / ISO 42001 cross-framework support. HMAC-signed attestations via proofof.ai.,lvp,9,healthcare,https://pypi.org/project/mhra-samd-optometry-mcp/,https://csoai.org/mcp/mhra-samd-optometry-mcp,https://github.com/CSOAI-ORG/mhra-samd-optometry-mcp,pip install mhra-samd-optometry-mcp,python -m mhra_samd_optometry_mcp
mica-crypto-mcp,mica-crypto-mcp,Mica Crypto — CSOAI / MEOK AI Labs Layer 0 compliance MCP server. Tier: Low-Value Pack (£9/mo). Sectors: general. EU AI Act / NIST AI RMF / ISO 42001 cross-framework support. HMAC-signed attestations via proofof.ai.,lvp,9,general,https://pypi.org/project/mica-crypto-mcp/,https://csoai.org/mcp/mica-crypto-mcp,https://github.com/CSOAI-ORG/mica-crypto-mcp,pip install mica-crypto-mcp,python -m mica_crypto_mcp
mifid-ii-ai-mcp,mifid-ii-ai-mcp,Mifid Ii Ai — CSOAI / MEOK AI Labs Layer 0 compliance MCP server. Tier: Low-Value Pack (£9/mo). Sectors: general. EU AI Act / NIST AI RMF / ISO 42001 cross-framework support. HMAC-signed attestations via proofof.ai.,lvp,9,general,https://pypi.org/project/mifid-ii-ai-mcp/,https://csoai.org/mcp/mifid-ii-ai-mcp,https://github.com/CSOAI-ORG/mifid-ii-ai-mcp,pip install mifid-ii-ai-mcp,python -m mifid_ii_ai_mcp
mitre-atlas-mcp,mitre-atlas-mcp,Mitre Atlas — CSOAI / MEOK AI Labs Layer 0 compliance MCP server. Tier: Low-Value Pack (£9/mo). Sectors: general. EU AI Act / NIST AI RMF / ISO 42001 cross-framework support. HMAC-signed attestations via proofof.ai.,lvp,9,general,https://pypi.org/project/mitre-atlas-mcp/,https://csoai.org/mcp/mitre-atlas-mcp,https://github.com/CSOAI-ORG/mitre-atlas-mcp,pip install mitre-atlas-mcp,python -m mitre_atlas_mcp
mitre-attack-mcp,mitre-attack-mcp,Mitre Attack — CSOAI / MEOK AI Labs Layer 0 compliance MCP server. Tier: Low-Value Pack (£9/mo). Sectors: general. EU AI Act / NIST AI RMF / ISO 42001 cross-framework support. HMAC-signed attestations via proofof.ai.,lvp,9,general,https://pypi.org/project/mitre-attack-mcp/,https://csoai.org/mcp/mitre-attack-mcp,https://github.com/CSOAI-ORG/mitre-attack-mcp,pip install mitre-attack-mcp,python -m mitre_attack_mcp
mock-server-ai-mcp,mock-server-ai-mcp,Mock Server Ai — CSOAI / MEOK AI Labs Layer 0 compliance MCP server. Tier: Low-Value Pack (£9/mo). Sectors: general. EU AI Act / NIST AI RMF / ISO 42001 cross-framework support. HMAC-signed attestations via proofof.ai.,lvp,9,general,https://pypi.org/project/mock-server-ai-mcp/,https://csoai.org/mcp/mock-server-ai-mcp,https://github.com/CSOAI-ORG/mock-server-ai-mcp,pip install mock-server-ai-mcp,python -m mock_server_ai_mcp
mortgage-calculator-ai-mcp,mortgage-calculator-ai-mcp,Mortgage Calculator Ai — CSOAI / MEOK AI Labs Layer 0 compliance MCP server. Tier: Low-Value Pack (£9/mo). Sectors: general. EU AI Act / NIST AI RMF / ISO 42001 cross-framework support. HMAC-signed attestations via proofof.ai.,lvp,9,general,https://pypi.org/project/mortgage-calculator-ai-mcp/,https://csoai.org/mcp/mortgage-calculator-ai-mcp,https://github.com/CSOAI-ORG/mortgage-calculator-ai-mcp,pip install mortgage-calculator-ai-mcp,python -m mortgage_calculator_ai_mcp
muckaway-ai-mcp,muckaway-ai-mcp,Muckaway Ai — CSOAI / MEOK AI Labs Layer 0 compliance MCP server. Tier: Low-Value Pack (£9/mo). Sectors: general. EU AI Act / NIST AI RMF / ISO 42001 cross-framework support. HMAC-signed attestations via proofof.ai.,lvp,9,general,https://pypi.org/project/muckaway-ai-mcp/,https://csoai.org/mcp/muckaway-ai-mcp,https://github.com/CSOAI-ORG/muckaway-ai-mcp,pip install muckaway-ai-mcp,python -m muckaway_ai_mcp
music-production-ai-mcp,music-production-ai-mcp,Music Production Ai — CSOAI / MEOK AI Labs Layer 0 compliance MCP server. Tier: Low-Value Pack (£9/mo). Sectors: general. EU AI Act / NIST AI RMF / ISO 42001 cross-framework support. HMAC-signed attestations via proofof.ai.,lvp,9,general,https://pypi.org/project/music-production-ai-mcp/,https://csoai.org/mcp/music-production-ai-mcp,https://github.com/CSOAI-ORG/music-production-ai-mcp,pip install music-production-ai-mcp,python -m music_production_ai_mcp
neural-health-monitor-mcp,neural-health-monitor-mcp,Neural Health Monitor — CSOAI / MEOK AI Labs Layer 0 compliance MCP server. Tier: Low-Value Pack (£9/mo). Sectors: healthcare. EU AI Act / NIST AI RMF / ISO 42001 cross-framework support. HMAC-signed attestations via proofof.ai.,lvp,9,healthcare,https://pypi.org/project/neural-health-monitor-mcp/,https://csoai.org/mcp/neural-health-monitor-mcp,https://github.com/CSOAI-ORG/neural-health-monitor-mcp,pip install neural-health-monitor-mcp,python -m neural_health_monitor_mcp
nhs-gos-claims-mcp,nhs-gos-claims-mcp,Nhs Gos Claims — CSOAI / MEOK AI Labs Layer 0 compliance MCP server. Tier: Low-Value Pack (£9/mo). Sectors: insurance. EU AI Act / NIST AI RMF / ISO 42001 cross-framework support. HMAC-signed attestations via proofof.ai.,lvp,9,insurance,https://pypi.org/project/nhs-gos-claims-mcp/,https://csoai.org/mcp/nhs-gos-claims-mcp,https://github.com/CSOAI-ORG/nhs-gos-claims-mcp,pip install nhs-gos-claims-mcp,python -m nhs_gos_claims_mcp
nis2-compliance-mcp,nis2-compliance-mcp,Nis2 Compliance — CSOAI / MEOK AI Labs Layer 0 compliance MCP server. Tier: High-Value Pack (£99/mo). Sectors: legal. EU AI Act / NIST AI RMF / ISO 42001 cross-framework support. HMAC-signed attestations via proofof.ai.,hvp,79,legal,https://pypi.org/project/nis2-compliance-mcp/,https://csoai.org/mcp/nis2-compliance-mcp,https://github.com/CSOAI-ORG/nis2-compliance-mcp,pip install nis2-compliance-mcp,python -m nis2_compliance_mcp
nist-rmf-ai-mcp,nist-rmf-ai-mcp,Nist Rmf Ai — CSOAI / MEOK AI Labs Layer 0 compliance MCP server. Tier: High-Value Pack (£99/mo). Sectors: general. EU AI Act / NIST AI RMF / ISO 42001 cross-framework support. HMAC-signed attestations via proofof.ai.,hvp,79,general,https://pypi.org/project/nist-rmf-ai-mcp/,https://csoai.org/mcp/nist-rmf-ai-mcp,https://github.com/CSOAI-ORG/nist-rmf-ai-mcp,pip install nist-rmf-ai-mcp,python -m nist_rmf_ai_mcp
note-taking-ai-mcp,note-taking-ai-mcp,Note Taking Ai — CSOAI / MEOK AI Labs Layer 0 compliance MCP server. Tier: Low-Value Pack (£9/mo). Sectors: general. EU AI Act / NIST AI RMF / ISO 42001 cross-framework support. HMAC-signed attestations via proofof.ai.,lvp,9,general,https://pypi.org/project/note-taking-ai-mcp/,https://csoai.org/mcp/note-taking-ai-mcp,https://github.com/CSOAI-ORG/note-taking-ai-mcp,pip install note-taking-ai-mcp,python -m note_taking_ai_mcp
notification-ai-mcp,notification-ai-mcp,Notification Ai — CSOAI / MEOK AI Labs Layer 0 compliance MCP server. Tier: Low-Value Pack (£9/mo). Sectors: general. EU AI Act / NIST AI RMF / ISO 42001 cross-framework support. HMAC-signed attestations via proofof.ai.,lvp,9,general,https://pypi.org/project/notification-ai-mcp/,https://csoai.org/mcp/notification-ai-mcp,https://github.com/CSOAI-ORG/notification-ai-mcp,pip install notification-ai-mcp,python -m notification_ai_mcp
nrswa-ai-mcp,nrswa-ai-mcp,Nrswa Ai — CSOAI / MEOK AI Labs Layer 0 compliance MCP server. Tier: Low-Value Pack (£9/mo). Sectors: general. EU AI Act / NIST AI RMF / ISO 42001 cross-framework support. HMAC-signed attestations via proofof.ai.,lvp,9,general,https://pypi.org/project/nrswa-ai-mcp/,https://csoai.org/mcp/nrswa-ai-mcp,https://github.com/CSOAI-ORG/nrswa-ai-mcp,pip install nrswa-ai-mcp,python -m nrswa_ai_mcp
nutrition-tracker-ai-mcp,nutrition-tracker-ai-mcp,Nutrition Tracker Ai — CSOAI / MEOK AI Labs Layer 0 compliance MCP server. Tier: Low-Value Pack (£9/mo). Sectors: general. EU AI Act / NIST AI RMF / ISO 42001 cross-framework support. HMAC-signed attestations via proofof.ai.,lvp,9,general,https://pypi.org/project/nutrition-tracker-ai-mcp/,https://csoai.org/mcp/nutrition-tracker-ai-mcp,https://github.com/CSOAI-ORG/nutrition-tracker-ai-mcp,pip install nutrition-tracker-ai-mcp,python -m nutrition_tracker_ai_mcp
oasf-agent-directory-mcp,oasf-agent-directory-mcp,Oasf Agent Directory — CSOAI / MEOK AI Labs Layer 0 compliance MCP server. Tier: Mid-Value Pack (£29/mo). Sectors: general. EU AI Act / NIST AI RMF / ISO 42001 cross-framework support. HMAC-signed attestations via proofof.ai.,mvp,29,general,https://pypi.org/project/oasf-agent-directory-mcp/,https://csoai.org/mcp/oasf-agent-directory-mcp,https://github.com/CSOAI-ORG/oasf-agent-directory-mcp,pip install oasf-agent-directory-mcp,python -m oasf_agent_directory_mcp
optical-care-home-bridge-mcp,optical-care-home-bridge-mcp,Optical Care Home Bridge — CSOAI / MEOK AI Labs Layer 0 compliance MCP server. Tier: Low-Value Pack (£9/mo). Sectors: healthcare. EU AI Act / NIST AI RMF / ISO 42001 cross-framework support. HMAC-signed attestations via proofof.ai.,lvp,9,healthcare,https://pypi.org/project/optical-care-home-bridge-mcp/,https://csoai.org/mcp/optical-care-home-bridge-mcp,https://github.com/CSOAI-ORG/optical-care-home-bridge-mcp,pip install optical-care-home-bridge-mcp,python -m optical_care_home_bridge_mcp
optometry-ai-safety-mcp,optometry-ai-safety-mcp,Optometry Ai Safety — CSOAI / MEOK AI Labs Layer 0 compliance MCP server. Tier: Low-Value Pack (£9/mo). Sectors: general. EU AI Act / NIST AI RMF / ISO 42001 cross-framework support. HMAC-signed attestations via proofof.ai.,lvp,9,general,https://pypi.org/project/optometry-ai-safety-mcp/,https://csoai.org/mcp/optometry-ai-safety-mcp,https://github.com/CSOAI-ORG/optometry-ai-safety-mcp,pip install optometry-ai-safety-mcp,python -m optometry_ai_safety_mcp
optometry-patient-mcp,optometry-patient-mcp,Optometry Patient — CSOAI / MEOK AI Labs Layer 0 compliance MCP server. Tier: Low-Value Pack (£9/mo). Sectors: healthcare. EU AI Act / NIST AI RMF / ISO 42001 cross-framework support. HMAC-signed attestations via proofof.ai.,lvp,9,healthcare,https://pypi.org/project/optometry-patient-mcp/,https://csoai.org/mcp/optometry-patient-mcp,https://github.com/CSOAI-ORG/optometry-patient-mcp,pip install optometry-patient-mcp,python -m optometry_patient_mcp
otp-ai-mcp,otp-ai-mcp,Otp Ai — CSOAI / MEOK AI Labs Layer 0 compliance MCP server. Tier: Low-Value Pack (£9/mo). Sectors: general. EU AI Act / NIST AI RMF / ISO 42001 cross-framework support. HMAC-signed attestations via proofof.ai.,lvp,9,general,https://pypi.org/project/otp-ai-mcp/,https://csoai.org/mcp/otp-ai-mcp,https://github.com/CSOAI-ORG/otp-ai-mcp,pip install otp-ai-mcp,python -m otp_ai_mcp
owasp-agentic-mcp,owasp-agentic-mcp,Owasp Agentic — CSOAI / MEOK AI Labs Layer 0 compliance MCP server. Tier: Mid-Value Pack (£29/mo). Sectors: general. EU AI Act / NIST AI RMF / ISO 42001 cross-framework support. HMAC-signed attestations via proofof.ai.,mvp,29,general,https://pypi.org/project/owasp-agentic-mcp/,https://csoai.org/mcp/owasp-agentic-mcp,https://github.com/CSOAI-ORG/owasp-agentic-mcp,pip install owasp-agentic-mcp,python -m owasp_agentic_mcp
password-ai-mcp,password-ai-mcp,Password Ai — CSOAI / MEOK AI Labs Layer 0 compliance MCP server. Tier: Low-Value Pack (£9/mo). Sectors: general. EU AI Act / NIST AI RMF / ISO 42001 cross-framework support. HMAC-signed attestations via proofof.ai.,lvp,9,general,https://pypi.org/project/password-ai-mcp/,https://csoai.org/mcp/password-ai-mcp,https://github.com/CSOAI-ORG/password-ai-mcp,pip install password-ai-mcp,python -m password_ai_mcp
patient-safety-ai-mcp,patient-safety-ai-mcp,Patient Safety Ai — CSOAI / MEOK AI Labs Layer 0 compliance MCP server. Tier: Low-Value Pack (£9/mo). Sectors: healthcare. EU AI Act / NIST AI RMF / ISO 42001 cross-framework support. HMAC-signed attestations via proofof.ai.,lvp,9,healthcare,https://pypi.org/project/patient-safety-ai-mcp/,https://csoai.org/mcp/patient-safety-ai-mcp,https://github.com/CSOAI-ORG/patient-safety-ai-mcp,pip install patient-safety-ai-mcp,python -m patient_safety_ai_mcp
pci-dss-mcp,pci-dss-mcp,Pci Dss — CSOAI / MEOK AI Labs Layer 0 compliance MCP server. Tier: High-Value Pack (£99/mo). Sectors: general. EU AI Act / NIST AI RMF / ISO 42001 cross-framework support. HMAC-signed attestations via proofof.ai.,hvp,79,general,https://pypi.org/project/pci-dss-mcp/,https://csoai.org/mcp/pci-dss-mcp,https://github.com/CSOAI-ORG/pci-dss-mcp,pip install pci-dss-mcp,python -m pci_dss_mcp
pdf-document-mcp,pdf-document-mcp,Pdf Document — CSOAI / MEOK AI Labs Layer 0 compliance MCP server. Tier: Low-Value Pack (£9/mo). Sectors: general. EU AI Act / NIST AI RMF / ISO 42001 cross-framework support. HMAC-signed attestations via proofof.ai.,lvp,9,general,https://pypi.org/project/pdf-document-mcp/,https://csoai.org/mcp/pdf-document-mcp,https://github.com/CSOAI-ORG/pdf-document-mcp,pip install pdf-document-mcp,python -m pdf_document_mcp
pdf-merge-ai-mcp,pdf-merge-ai-mcp,Pdf Merge Ai — CSOAI / MEOK AI Labs Layer 0 compliance MCP server. Tier: Low-Value Pack (£9/mo). Sectors: general. EU AI Act / NIST AI RMF / ISO 42001 cross-framework support. HMAC-signed attestations via proofof.ai.,lvp,9,general,https://pypi.org/project/pdf-merge-ai-mcp/,https://csoai.org/mcp/pdf-merge-ai-mcp,https://github.com/CSOAI-ORG/pdf-merge-ai-mcp,pip install pdf-merge-ai-mcp,python -m pdf_merge_ai_mcp
pdf-tools-ai-mcp,pdf-tools-ai-mcp,Pdf Tools Ai — CSOAI / MEOK AI Labs Layer 0 compliance MCP server. Tier: Low-Value Pack (£9/mo). Sectors: general. EU AI Act / NIST AI RMF / ISO 42001 cross-framework support. HMAC-signed attestations via proofof.ai.,lvp,9,general,https://pypi.org/project/pdf-tools-ai-mcp/,https://csoai.org/mcp/pdf-tools-ai-mcp,https://github.com/CSOAI-ORG/pdf-tools-ai-mcp,pip install pdf-tools-ai-mcp,python -m pdf_tools_ai_mcp
performance-ai-mcp,performance-ai-mcp,Performance Ai — CSOAI / MEOK AI Labs Layer 0 compliance MCP server. Tier: Low-Value Pack (£9/mo). Sectors: general. EU AI Act / NIST AI RMF / ISO 42001 cross-framework support. HMAC-signed attestations via proofof.ai.,lvp,9,general,https://pypi.org/project/performance-ai-mcp/,https://csoai.org/mcp/performance-ai-mcp,https://github.com/CSOAI-ORG/performance-ai-mcp,pip install performance-ai-mcp,python -m performance_ai_mcp
personal-finance-ai-mcp,personal-finance-ai-mcp,Personal Finance Ai — CSOAI / MEOK AI Labs Layer 0 compliance MCP server. Tier: elite (£9/mo). Sectors: finance. EU AI Act / NIST AI RMF / ISO 42001 cross-framework support. HMAC-signed attestations via proofof.ai.,elite,199,finance,https://pypi.org/project/personal-finance-ai-mcp/,https://csoai.org/mcp/personal-finance-ai-mcp,https://github.com/CSOAI-ORG/personal-finance-ai-mcp,pip install personal-finance-ai-mcp,python -m personal_finance_ai_mcp
pet-care-ai-mcp,pet-care-ai-mcp,Pet Care Ai — CSOAI / MEOK AI Labs Layer 0 compliance MCP server. Tier: Low-Value Pack (£9/mo). Sectors: healthcare. EU AI Act / NIST AI RMF / ISO 42001 cross-framework support. HMAC-signed attestations via proofof.ai.,lvp,9,healthcare,https://pypi.org/project/pet-care-ai-mcp/,https://csoai.org/mcp/pet-care-ai-mcp,https://github.com/CSOAI-ORG/pet-care-ai-mcp,pip install pet-care-ai-mcp,python -m pet_care_ai_mcp
photography-ai-mcp,photography-ai-mcp,Photography Ai — CSOAI / MEOK AI Labs Layer 0 compliance MCP server. Tier: Low-Value Pack (£9/mo). Sectors: general. EU AI Act / NIST AI RMF / ISO 42001 cross-framework support. HMAC-signed attestations via proofof.ai.,lvp,9,general,https://pypi.org/project/photography-ai-mcp/,https://csoai.org/mcp/photography-ai-mcp,https://github.com/CSOAI-ORG/photography-ai-mcp,pip install photography-ai-mcp,python -m photography_ai_mcp
plagiarism-checker-ai-mcp,plagiarism-checker-ai-mcp,Plagiarism Checker Ai — CSOAI / MEOK AI Labs Layer 0 compliance MCP server. Tier: Low-Value Pack (£9/mo). Sectors: general. EU AI Act / NIST AI RMF / ISO 42001 cross-framework support. HMAC-signed attestations via proofof.ai.,lvp,9,general,https://pypi.org/project/plagiarism-checker-ai-mcp/,https://csoai.org/mcp/plagiarism-checker-ai-mcp,https://github.com/CSOAI-ORG/plagiarism-checker-ai-mcp,pip install plagiarism-checker-ai-mcp,python -m plagiarism_checker_ai_mcp
planthire-ai-mcp,planthire-ai-mcp,Planthire Ai — CSOAI / MEOK AI Labs Layer 0 compliance MCP server. Tier: Low-Value Pack (£9/mo). Sectors: general. EU AI Act / NIST AI RMF / ISO 42001 cross-framework support. HMAC-signed attestations via proofof.ai.,lvp,9,general,https://pypi.org/project/planthire-ai-mcp/,https://csoai.org/mcp/planthire-ai-mcp,https://github.com/CSOAI-ORG/planthire-ai-mcp,pip install planthire-ai-mcp,python -m planthire_ai_mcp
pomodoro-ai-mcp,pomodoro-ai-mcp,Pomodoro Ai — CSOAI / MEOK AI Labs Layer 0 compliance MCP server. Tier: Low-Value Pack (£9/mo). Sectors: general. EU AI Act / NIST AI RMF / ISO 42001 cross-framework support. HMAC-signed attestations via proofof.ai.,lvp,9,general,https://pypi.org/project/pomodoro-ai-mcp/,https://csoai.org/mcp/pomodoro-ai-mcp,https://github.com/CSOAI-ORG/pomodoro-ai-mcp,pip install pomodoro-ai-mcp,python -m pomodoro_ai_mcp
price-tracker-ai-mcp,price-tracker-ai-mcp,Price Tracker Ai — CSOAI / MEOK AI Labs Layer 0 compliance MCP server. Tier: Low-Value Pack (£9/mo). Sectors: general. EU AI Act / NIST AI RMF / ISO 42001 cross-framework support. HMAC-signed attestations via proofof.ai.,lvp,9,general,https://pypi.org/project/price-tracker-ai-mcp/,https://csoai.org/mcp/price-tracker-ai-mcp,https://github.com/CSOAI-ORG/price-tracker-ai-mcp,pip install price-tracker-ai-mcp,python -m price_tracker_ai_mcp
project-management-ai-mcp,project-management-ai-mcp,Project Management Ai — CSOAI / MEOK AI Labs Layer 0 compliance MCP server. Tier: Low-Value Pack (£9/mo). Sectors: general. EU AI Act / NIST AI RMF / ISO 42001 cross-framework support. HMAC-signed attestations via proofof.ai.,lvp,9,general,https://pypi.org/project/project-management-ai-mcp/,https://csoai.org/mcp/project-management-ai-mcp,https://github.com/CSOAI-ORG/project-management-ai-mcp,pip install project-management-ai-mcp,python -m project_management_ai_mcp
proofof-ai-mcp,proofof-ai-mcp,Proofof Ai — CSOAI / MEOK AI Labs Layer 0 compliance MCP server. Tier: Low-Value Pack (£9/mo). Sectors: general. EU AI Act / NIST AI RMF / ISO 42001 cross-framework support. HMAC-signed attestations via proofof.ai.,lvp,9,general,https://pypi.org/project/proofof-ai-mcp/,https://csoai.org/mcp/proofof-ai-mcp,https://github.com/CSOAI-ORG/proofof-ai-mcp,pip install proofof-ai-mcp,python -m proofof_ai_mcp
qidi-printer-mcp,qidi-printer-mcp,Qidi Printer — CSOAI / MEOK AI Labs Layer 0 compliance MCP server. Tier: Low-Value Pack (£9/mo). Sectors: general. EU AI Act / NIST AI RMF / ISO 42001 cross-framework support. HMAC-signed attestations via proofof.ai.,lvp,9,general,https://pypi.org/project/qidi-printer-mcp/,https://csoai.org/mcp/qidi-printer-mcp,https://github.com/CSOAI-ORG/qidi-printer-mcp,pip install qidi-printer-mcp,python -m qidi_printer_mcp
qr-code-ai-mcp,qr-code-ai-mcp,Qr Code Ai — CSOAI / MEOK AI Labs Layer 0 compliance MCP server. Tier: Mid-Value Pack (£29/mo). Sectors: general. EU AI Act / NIST AI RMF / ISO 42001 cross-framework support. HMAC-signed attestations via proofof.ai.,mvp,29,general,https://pypi.org/project/qr-code-ai-mcp/,https://csoai.org/mcp/qr-code-ai-mcp,https://github.com/CSOAI-ORG/qr-code-ai-mcp,pip install qr-code-ai-mcp,python -m qr_code_ai_mcp
quantum-scoring-mcp,quantum-scoring-mcp,Quantum Scoring — CSOAI / MEOK AI Labs Layer 0 compliance MCP server. Tier: Low-Value Pack (£9/mo). Sectors: general. EU AI Act / NIST AI RMF / ISO 42001 cross-framework support. HMAC-signed attestations via proofof.ai.,lvp,9,general,https://pypi.org/project/quantum-scoring-mcp/,https://csoai.org/mcp/quantum-scoring-mcp,https://github.com/CSOAI-ORG/quantum-scoring-mcp,pip install quantum-scoring-mcp,python -m quantum_scoring_mcp
quiz-generator-ai-mcp,quiz-generator-ai-mcp,Quiz Generator Ai — CSOAI / MEOK AI Labs Layer 0 compliance MCP server. Tier: Low-Value Pack (£9/mo). Sectors: general. EU AI Act / NIST AI RMF / ISO 42001 cross-framework support. HMAC-signed attestations via proofof.ai.,lvp,9,general,https://pypi.org/project/quiz-generator-ai-mcp/,https://csoai.org/mcp/quiz-generator-ai-mcp,https://github.com/CSOAI-ORG/quiz-generator-ai-mcp,pip install quiz-generator-ai-mcp,python -m quiz_generator_ai_mcp
rag-knowledge-graph-mcp,rag-knowledge-graph-mcp,Rag Knowledge Graph — CSOAI / MEOK AI Labs Layer 0 compliance MCP server. Tier: Low-Value Pack (£9/mo). Sectors: general. EU AI Act / NIST AI RMF / ISO 42001 cross-framework support. HMAC-signed attestations via proofof.ai.,lvp,9,general,https://pypi.org/project/rag-knowledge-graph-mcp/,https://csoai.org/mcp/rag-knowledge-graph-mcp,https://github.com/CSOAI-ORG/rag-knowledge-graph-mcp,pip install rag-knowledge-graph-mcp,python -m rag_knowledge_graph_mcp
rag-knowledge-mcp,rag-knowledge-mcp,Rag Knowledge — CSOAI / MEOK AI Labs Layer 0 compliance MCP server. Tier: Low-Value Pack (£9/mo). Sectors: general. EU AI Act / NIST AI RMF / ISO 42001 cross-framework support. HMAC-signed attestations via proofof.ai.,lvp,9,general,https://pypi.org/project/rag-knowledge-mcp/,https://csoai.org/mcp/rag-knowledge-mcp,https://github.com/CSOAI-ORG/rag-knowledge-mcp,pip install rag-knowledge-mcp,python -m rag_knowledge_mcp
readme-generator-ai-mcp,readme-generator-ai-mcp,Readme Generator Ai — CSOAI / MEOK AI Labs Layer 0 compliance MCP server. Tier: Low-Value Pack (£9/mo). Sectors: general. EU AI Act / NIST AI RMF / ISO 42001 cross-framework support. HMAC-signed attestations via proofof.ai.,lvp,9,general,https://pypi.org/project/readme-generator-ai-mcp/,https://csoai.org/mcp/readme-generator-ai-mcp,https://github.com/CSOAI-ORG/readme-generator-ai-mcp,pip install readme-generator-ai-mcp,python -m readme_generator_ai_mcp
real-estate-listing-mcp,real-estate-listing-mcp,Real Estate Listing — CSOAI / MEOK AI Labs Layer 0 compliance MCP server. Tier: Low-Value Pack (£9/mo). Sectors: general. EU AI Act / NIST AI RMF / ISO 42001 cross-framework support. HMAC-signed attestations via proofof.ai.,lvp,9,general,https://pypi.org/project/real-estate-listing-mcp/,https://csoai.org/mcp/real-estate-listing-mcp,https://github.com/CSOAI-ORG/real-estate-listing-mcp,pip install real-estate-listing-mcp,python -m real_estate_listing_mcp
recipe-finder-ai-mcp,recipe-finder-ai-mcp,Recipe Finder Ai — CSOAI / MEOK AI Labs Layer 0 compliance MCP server. Tier: Low-Value Pack (£9/mo). Sectors: general. EU AI Act / NIST AI RMF / ISO 42001 cross-framework support. HMAC-signed attestations via proofof.ai.,lvp,9,general,https://pypi.org/project/recipe-finder-ai-mcp/,https://csoai.org/mcp/recipe-finder-ai-mcp,https://github.com/CSOAI-ORG/recipe-finder-ai-mcp,pip install recipe-finder-ai-mcp,python -m recipe_finder_ai_mcp
recruitment-ai-mcp,recruitment-ai-mcp,Recruitment Ai — CSOAI / MEOK AI Labs Layer 0 compliance MCP server. Tier: Low-Value Pack (£9/mo). Sectors: general. EU AI Act / NIST AI RMF / ISO 42001 cross-framework support. HMAC-signed attestations via proofof.ai.,lvp,9,general,https://pypi.org/project/recruitment-ai-mcp/,https://csoai.org/mcp/recruitment-ai-mcp,https://github.com/CSOAI-ORG/recruitment-ai-mcp,pip install recruitment-ai-mcp,python -m recruitment_ai_mcp
regex-ai-mcp,regex-ai-mcp,Regex Ai — CSOAI / MEOK AI Labs Layer 0 compliance MCP server. Tier: Low-Value Pack (£9/mo). Sectors: general. EU AI Act / NIST AI RMF / ISO 42001 cross-framework support. HMAC-signed attestations via proofof.ai.,lvp,9,general,https://pypi.org/project/regex-ai-mcp/,https://csoai.org/mcp/regex-ai-mcp,https://github.com/CSOAI-ORG/regex-ai-mcp,pip install regex-ai-mcp,python -m regex_ai_mcp
regulatory-webhook-mcp,regulatory-webhook-mcp,Regulatory Webhook — CSOAI / MEOK AI Labs Layer 0 compliance MCP server. Tier: Low-Value Pack (£9/mo). Sectors: government. EU AI Act / NIST AI RMF / ISO 42001 cross-framework support. HMAC-signed attestations via proofof.ai.,lvp,9,government,https://pypi.org/project/regulatory-webhook-mcp/,https://csoai.org/mcp/regulatory-webhook-mcp,https://github.com/CSOAI-ORG/regulatory-webhook-mcp,pip install regulatory-webhook-mcp,python -m regulatory_webhook_mcp
restaurant-ai-mcp,restaurant-ai-mcp,Restaurant Ai — CSOAI / MEOK AI Labs Layer 0 compliance MCP server. Tier: Low-Value Pack (£9/mo). Sectors: general. EU AI Act / NIST AI RMF / ISO 42001 cross-framework support. HMAC-signed attestations via proofof.ai.,lvp,9,general,https://pypi.org/project/restaurant-ai-mcp/,https://csoai.org/mcp/restaurant-ai-mcp,https://github.com/CSOAI-ORG/restaurant-ai-mcp,pip install restaurant-ai-mcp,python -m restaurant_ai_mcp
resume-parser-ai-mcp,resume-parser-ai-mcp,Resume Parser Ai — CSOAI / MEOK AI Labs Layer 0 compliance MCP server. Tier: Low-Value Pack (£9/mo). Sectors: general. EU AI Act / NIST AI RMF / ISO 42001 cross-framework support. HMAC-signed attestations via proofof.ai.,lvp,9,general,https://pypi.org/project/resume-parser-ai-mcp/,https://csoai.org/mcp/resume-parser-ai-mcp,https://github.com/CSOAI-ORG/resume-parser-ai-mcp,pip install resume-parser-ai-mcp,python -m resume_parser_ai_mcp
risk-assessment-ai-mcp,risk-assessment-ai-mcp,Risk Assessment Ai — CSOAI / MEOK AI Labs Layer 0 compliance MCP server. Tier: Low-Value Pack (£9/mo). Sectors: general. EU AI Act / NIST AI RMF / ISO 42001 cross-framework support. HMAC-signed attestations via proofof.ai.,lvp,9,general,https://pypi.org/project/risk-assessment-ai-mcp/,https://csoai.org/mcp/risk-assessment-ai-mcp,https://github.com/CSOAI-ORG/risk-assessment-ai-mcp,pip install risk-assessment-ai-mcp,python -m risk_assessment_ai_mcp
robotics-control-mcp,robotics-control-mcp,Robotics Control — CSOAI / MEOK AI Labs Layer 0 compliance MCP server. Tier: Low-Value Pack (£9/mo). Sectors: general. EU AI Act / NIST AI RMF / ISO 42001 cross-framework support. HMAC-signed attestations via proofof.ai.,lvp,9,general,https://pypi.org/project/robotics-control-mcp/,https://csoai.org/mcp/robotics-control-mcp,https://github.com/CSOAI-ORG/robotics-control-mcp,pip install robotics-control-mcp,python -m robotics_control_mcp
sbom-cyclonedx-mcp,sbom-cyclonedx-mcp,Sbom Cyclonedx — CSOAI / MEOK AI Labs Layer 0 compliance MCP server. Tier: Low-Value Pack (£9/mo). Sectors: general. EU AI Act / NIST AI RMF / ISO 42001 cross-framework support. HMAC-signed attestations via proofof.ai.,lvp,9,general,https://pypi.org/project/sbom-cyclonedx-mcp/,https://csoai.org/mcp/sbom-cyclonedx-mcp,https://github.com/CSOAI-ORG/sbom-cyclonedx-mcp,pip install sbom-cyclonedx-mcp,python -m sbom_cyclonedx_mcp
scam-detector-mcp,scam-detector-mcp,Scam Detector — CSOAI / MEOK AI Labs Layer 0 compliance MCP server. Tier: Low-Value Pack (£9/mo). Sectors: general. EU AI Act / NIST AI RMF / ISO 42001 cross-framework support. HMAC-signed attestations via proofof.ai.,lvp,9,general,https://pypi.org/project/scam-detector-mcp/,https://csoai.org/mcp/scam-detector-mcp,https://github.com/CSOAI-ORG/scam-detector-mcp,pip install scam-detector-mcp,python -m scam_detector_mcp
schema-validator-ai-mcp,schema-validator-ai-mcp,Schema Validator Ai — CSOAI / MEOK AI Labs Layer 0 compliance MCP server. Tier: Low-Value Pack (£9/mo). Sectors: general. EU AI Act / NIST AI RMF / ISO 42001 cross-framework support. HMAC-signed attestations via proofof.ai.,lvp,9,general,https://pypi.org/project/schema-validator-ai-mcp/,https://csoai.org/mcp/schema-validator-ai-mcp,https://github.com/CSOAI-ORG/schema-validator-ai-mcp,pip install schema-validator-ai-mcp,python -m schema_validator_ai_mcp
security-scanner-ai-mcp,security-scanner-ai-mcp,Security Scanner Ai — CSOAI / MEOK AI Labs Layer 0 compliance MCP server. Tier: High-Value Pack (£99/mo). Sectors: general. EU AI Act / NIST AI RMF / ISO 42001 cross-framework support. HMAC-signed attestations via proofof.ai.,hvp,79,general,https://pypi.org/project/security-scanner-ai-mcp/,https://csoai.org/mcp/security-scanner-ai-mcp,https://github.com/CSOAI-ORG/security-scanner-ai-mcp,pip install security-scanner-ai-mcp,python -m security_scanner_ai_mcp
self-healing-infrastructure-mcp,self-healing-infrastructure-mcp,Self Healing Infrastructure — CSOAI / MEOK AI Labs Layer 0 compliance MCP server. Tier: Low-Value Pack (£9/mo). Sectors: general. EU AI Act / NIST AI RMF / ISO 42001 cross-framework support. HMAC-signed attestations via proofof.ai.,lvp,9,general,https://pypi.org/project/self-healing-infrastructure-mcp/,https://csoai.org/mcp/self-healing-infrastructure-mcp,https://github.com/CSOAI-ORG/self-healing-infrastructure-mcp,pip install self-healing-infrastructure-mcp,python -m self_healing_infrastructure_mcp
sentiment-analysis-ai-mcp,sentiment-analysis-ai-mcp,Sentiment Analysis Ai — CSOAI / MEOK AI Labs Layer 0 compliance MCP server. Tier: Low-Value Pack (£9/mo). Sectors: general. EU AI Act / NIST AI RMF / ISO 42001 cross-framework support. HMAC-signed attestations via proofof.ai.,lvp,9,general,https://pypi.org/project/sentiment-analysis-ai-mcp/,https://csoai.org/mcp/sentiment-analysis-ai-mcp,https://github.com/CSOAI-ORG/sentiment-analysis-ai-mcp,pip install sentiment-analysis-ai-mcp,python -m sentiment_analysis_ai_mcp
seo-checker-ai-mcp,seo-checker-ai-mcp,Seo Checker Ai — CSOAI / MEOK AI Labs Layer 0 compliance MCP server. Tier: Low-Value Pack (£9/mo). Sectors: general. EU AI Act / NIST AI RMF / ISO 42001 cross-framework support. HMAC-signed attestations via proofof.ai.,lvp,9,general,https://pypi.org/project/seo-checker-ai-mcp/,https://csoai.org/mcp/seo-checker-ai-mcp,https://github.com/CSOAI-ORG/seo-checker-ai-mcp,pip install seo-checker-ai-mcp,python -m seo_checker_ai_mcp
sigstore-cosign-mcp,sigstore-cosign-mcp,Sigstore Cosign — CSOAI / MEOK AI Labs Layer 0 compliance MCP server. Tier: Low-Value Pack (£9/mo). Sectors: general. EU AI Act / NIST AI RMF / ISO 42001 cross-framework support. HMAC-signed attestations via proofof.ai.,lvp,9,general,https://pypi.org/project/sigstore-cosign-mcp/,https://csoai.org/mcp/sigstore-cosign-mcp,https://github.com/CSOAI-ORG/sigstore-cosign-mcp,pip install sigstore-cosign-mcp,python -m sigstore_cosign_mcp
skip-hire-ai-mcp,skip-hire-ai-mcp,Skip Hire Ai — CSOAI / MEOK AI Labs Layer 0 compliance MCP server. Tier: Low-Value Pack (£9/mo). Sectors: general. EU AI Act / NIST AI RMF / ISO 42001 cross-framework support. HMAC-signed attestations via proofof.ai.,lvp,9,general,https://pypi.org/project/skip-hire-ai-mcp/,https://csoai.org/mcp/skip-hire-ai-mcp,https://github.com/CSOAI-ORG/skip-hire-ai-mcp,pip install skip-hire-ai-mcp,python -m skip_hire_ai_mcp
slack-enterprise-mcp,slack-enterprise-mcp,Slack Enterprise — CSOAI / MEOK AI Labs Layer 0 compliance MCP server. Tier: Low-Value Pack (£9/mo). Sectors: general. EU AI Act / NIST AI RMF / ISO 42001 cross-framework support. HMAC-signed attestations via proofof.ai.,lvp,9,general,https://pypi.org/project/slack-enterprise-mcp/,https://csoai.org/mcp/slack-enterprise-mcp,https://github.com/CSOAI-ORG/slack-enterprise-mcp,pip install slack-enterprise-mcp,python -m slack_enterprise_mcp
sleep-tracker-ai-mcp,sleep-tracker-ai-mcp,Sleep Tracker Ai — CSOAI / MEOK AI Labs Layer 0 compliance MCP server. Tier: Low-Value Pack (£9/mo). Sectors: general. EU AI Act / NIST AI RMF / ISO 42001 cross-framework support. HMAC-signed attestations via proofof.ai.,lvp,9,general,https://pypi.org/project/sleep-tracker-ai-mcp/,https://csoai.org/mcp/sleep-tracker-ai-mcp,https://github.com/CSOAI-ORG/sleep-tracker-ai-mcp,pip install sleep-tracker-ai-mcp,python -m sleep_tracker_ai_mcp
slsa-supply-chain-mcp,slsa-supply-chain-mcp,Slsa Supply Chain — CSOAI / MEOK AI Labs Layer 0 compliance MCP server. Tier: Low-Value Pack (£9/mo). Sectors: manufacturing. EU AI Act / NIST AI RMF / ISO 42001 cross-framework support. HMAC-signed attestations via proofof.ai.,lvp,9,manufacturing,https://pypi.org/project/slsa-supply-chain-mcp/,https://csoai.org/mcp/slsa-supply-chain-mcp,https://github.com/CSOAI-ORG/slsa-supply-chain-mcp,pip install slsa-supply-chain-mcp,python -m slsa_supply_chain_mcp
slugify-ai-mcp,slugify-ai-mcp,Slugify Ai — CSOAI / MEOK AI Labs Layer 0 compliance MCP server. Tier: Low-Value Pack (£9/mo). Sectors: general. EU AI Act / NIST AI RMF / ISO 42001 cross-framework support. HMAC-signed attestations via proofof.ai.,lvp,9,general,https://pypi.org/project/slugify-ai-mcp/,https://csoai.org/mcp/slugify-ai-mcp,https://github.com/CSOAI-ORG/slugify-ai-mcp,pip install slugify-ai-mcp,python -m slugify_ai_mcp
soc2-compliance-ai-mcp,soc2-compliance-ai-mcp,Soc2 Compliance Ai — CSOAI / MEOK AI Labs Layer 0 compliance MCP server. Tier: High-Value Pack (£99/mo). Sectors: legal. EU AI Act / NIST AI RMF / ISO 42001 cross-framework support. HMAC-signed attestations via proofof.ai.,hvp,79,legal,https://pypi.org/project/soc2-compliance-ai-mcp/,https://csoai.org/mcp/soc2-compliance-ai-mcp,https://github.com/CSOAI-ORG/soc2-compliance-ai-mcp,pip install soc2-compliance-ai-mcp,python -m soc2_compliance_ai_mcp
social-media-ai-mcp,social-media-ai-mcp,Social Media Ai — CSOAI / MEOK AI Labs Layer 0 compliance MCP server. Tier: Low-Value Pack (£9/mo). Sectors: media. EU AI Act / NIST AI RMF / ISO 42001 cross-framework support. HMAC-signed attestations via proofof.ai.,lvp,9,media,https://pypi.org/project/social-media-ai-mcp/,https://csoai.org/mcp/social-media-ai-mcp,https://github.com/CSOAI-ORG/social-media-ai-mcp,pip install social-media-ai-mcp,python -m social_media_ai_mcp
sql-builder-ai-mcp,sql-builder-ai-mcp,Sql Builder Ai — CSOAI / MEOK AI Labs Layer 0 compliance MCP server. Tier: Low-Value Pack (£9/mo). Sectors: general. EU AI Act / NIST AI RMF / ISO 42001 cross-framework support. HMAC-signed attestations via proofof.ai.,lvp,9,general,https://pypi.org/project/sql-builder-ai-mcp/,https://csoai.org/mcp/sql-builder-ai-mcp,https://github.com/CSOAI-ORG/sql-builder-ai-mcp,pip install sql-builder-ai-mcp,python -m sql_builder_ai_mcp
stock-analyzer-ai-mcp,stock-analyzer-ai-mcp,Stock Analyzer Ai — CSOAI / MEOK AI Labs Layer 0 compliance MCP server. Tier: Low-Value Pack (£9/mo). Sectors: general. EU AI Act / NIST AI RMF / ISO 42001 cross-framework support. HMAC-signed attestations via proofof.ai.,lvp,9,general,https://pypi.org/project/stock-analyzer-ai-mcp/,https://csoai.org/mcp/stock-analyzer-ai-mcp,https://github.com/CSOAI-ORG/stock-analyzer-ai-mcp,pip install stock-analyzer-ai-mcp,python -m stock_analyzer_ai_mcp
string-utils-ai-mcp,string-utils-ai-mcp,String Utils Ai — CSOAI / MEOK AI Labs Layer 0 compliance MCP server. Tier: Low-Value Pack (£9/mo). Sectors: general. EU AI Act / NIST AI RMF / ISO 42001 cross-framework support. HMAC-signed attestations via proofof.ai.,lvp,9,general,https://pypi.org/project/string-utils-ai-mcp/,https://csoai.org/mcp/string-utils-ai-mcp,https://github.com/CSOAI-ORG/string-utils-ai-mcp,pip install string-utils-ai-mcp,python -m string_utils_ai_mcp
stripe-billing-mcp,stripe-billing-mcp,Stripe Billing — CSOAI / MEOK AI Labs Layer 0 compliance MCP server. Tier: Low-Value Pack (£9/mo). Sectors: finance. EU AI Act / NIST AI RMF / ISO 42001 cross-framework support. HMAC-signed attestations via proofof.ai.,lvp,9,finance,https://pypi.org/project/stripe-billing-mcp/,https://csoai.org/mcp/stripe-billing-mcp,https://github.com/CSOAI-ORG/stripe-billing-mcp,pip install stripe-billing-mcp,python -m stripe_billing_mcp
subscription-tracker-ai-mcp,subscription-tracker-ai-mcp,Subscription Tracker Ai — CSOAI / MEOK AI Labs Layer 0 compliance MCP server. Tier: Low-Value Pack (£9/mo). Sectors: general. EU AI Act / NIST AI RMF / ISO 42001 cross-framework support. HMAC-signed attestations via proofof.ai.,lvp,9,general,https://pypi.org/project/subscription-tracker-ai-mcp/,https://csoai.org/mcp/subscription-tracker-ai-mcp,https://github.com/CSOAI-ORG/subscription-tracker-ai-mcp,pip install subscription-tracker-ai-mcp,python -m subscription_tracker_ai_mcp
summarizer-ai-mcp,summarizer-ai-mcp,Summarizer Ai — CSOAI / MEOK AI Labs Layer 0 compliance MCP server. Tier: Low-Value Pack (£9/mo). Sectors: general. EU AI Act / NIST AI RMF / ISO 42001 cross-framework support. HMAC-signed attestations via proofof.ai.,lvp,9,general,https://pypi.org/project/summarizer-ai-mcp/,https://csoai.org/mcp/summarizer-ai-mcp,https://github.com/CSOAI-ORG/summarizer-ai-mcp,pip install summarizer-ai-mcp,python -m summarizer_ai_mcp
supply-chain-mcp,supply-chain-mcp,Supply Chain — CSOAI / MEOK AI Labs Layer 0 compliance MCP server. Tier: Low-Value Pack (£9/mo). Sectors: manufacturing. EU AI Act / NIST AI RMF / ISO 42001 cross-framework support. HMAC-signed attestations via proofof.ai.,lvp,9,manufacturing,https://pypi.org/project/supply-chain-mcp/,https://csoai.org/mcp/supply-chain-mcp,https://github.com/CSOAI-ORG/supply-chain-mcp,pip install supply-chain-mcp,python -m supply_chain_mcp
survey-builder-ai-mcp,survey-builder-ai-mcp,Survey Builder Ai — CSOAI / MEOK AI Labs Layer 0 compliance MCP server. Tier: Low-Value Pack (£9/mo). Sectors: general. EU AI Act / NIST AI RMF / ISO 42001 cross-framework support. HMAC-signed attestations via proofof.ai.,lvp,9,general,https://pypi.org/project/survey-builder-ai-mcp/,https://csoai.org/mcp/survey-builder-ai-mcp,https://github.com/CSOAI-ORG/survey-builder-ai-mcp,pip install survey-builder-ai-mcp,python -m survey_builder_ai_mcp
tax-calculator-ai-mcp,tax-calculator-ai-mcp,Tax Calculator Ai — CSOAI / MEOK AI Labs Layer 0 compliance MCP server. Tier: Low-Value Pack (£9/mo). Sectors: general. EU AI Act / NIST AI RMF / ISO 42001 cross-framework support. HMAC-signed attestations via proofof.ai.,lvp,9,general,https://pypi.org/project/tax-calculator-ai-mcp/,https://csoai.org/mcp/tax-calculator-ai-mcp,https://github.com/CSOAI-ORG/tax-calculator-ai-mcp,pip install tax-calculator-ai-mcp,python -m tax_calculator_ai_mcp
test-case-generator-ai-mcp,test-case-generator-ai-mcp,Test Case Generator Ai — CSOAI / MEOK AI Labs Layer 0 compliance MCP server. Tier: Mid-Value Pack (£29/mo). Sectors: legal. EU AI Act / NIST AI RMF / ISO 42001 cross-framework support. HMAC-signed attestations via proofof.ai.,mvp,29,legal,https://pypi.org/project/test-case-generator-ai-mcp/,https://csoai.org/mcp/test-case-generator-ai-mcp,https://github.com/CSOAI-ORG/test-case-generator-ai-mcp,pip install test-case-generator-ai-mcp,python -m test_case_generator_ai_mcp
text-stats-ai-mcp,text-stats-ai-mcp,Text Stats Ai — CSOAI / MEOK AI Labs Layer 0 compliance MCP server. Tier: Low-Value Pack (£9/mo). Sectors: general. EU AI Act / NIST AI RMF / ISO 42001 cross-framework support. HMAC-signed attestations via proofof.ai.,lvp,9,general,https://pypi.org/project/text-stats-ai-mcp/,https://csoai.org/mcp/text-stats-ai-mcp,https://github.com/CSOAI-ORG/text-stats-ai-mcp,pip install text-stats-ai-mcp,python -m text_stats_ai_mcp
time-tracker-ai-mcp,time-tracker-ai-mcp,Time Tracker Ai — CSOAI / MEOK AI Labs Layer 0 compliance MCP server. Tier: Low-Value Pack (£9/mo). Sectors: general. EU AI Act / NIST AI RMF / ISO 42001 cross-framework support. HMAC-signed attestations via proofof.ai.,lvp,9,general,https://pypi.org/project/time-tracker-ai-mcp/,https://csoai.org/mcp/time-tracker-ai-mcp,https://github.com/CSOAI-ORG/time-tracker-ai-mcp,pip install time-tracker-ai-mcp,python -m time_tracker_ai_mcp
tone-rewriter-ai-mcp,tone-rewriter-ai-mcp,Tone Rewriter Ai — CSOAI / MEOK AI Labs Layer 0 compliance MCP server. Tier: Low-Value Pack (£9/mo). Sectors: general. EU AI Act / NIST AI RMF / ISO 42001 cross-framework support. HMAC-signed attestations via proofof.ai.,lvp,9,general,https://pypi.org/project/tone-rewriter-ai-mcp/,https://csoai.org/mcp/tone-rewriter-ai-mcp,https://github.com/CSOAI-ORG/tone-rewriter-ai-mcp,pip install tone-rewriter-ai-mcp,python -m tone_rewriter_ai_mcp
translation-ai-mcp,translation-ai-mcp,Translation Ai — CSOAI / MEOK AI Labs Layer 0 compliance MCP server. Tier: Low-Value Pack (£9/mo). Sectors: general. EU AI Act / NIST AI RMF / ISO 42001 cross-framework support. HMAC-signed attestations via proofof.ai.,lvp,9,general,https://pypi.org/project/translation-ai-mcp/,https://csoai.org/mcp/translation-ai-mcp,https://github.com/CSOAI-ORG/translation-ai-mcp,pip install translation-ai-mcp,python -m translation_ai_mcp
translator-pro-ai-mcp,translator-pro-ai-mcp,Translator Pro Ai — CSOAI / MEOK AI Labs Layer 0 compliance MCP server. Tier: Low-Value Pack (£9/mo). Sectors: general. EU AI Act / NIST AI RMF / ISO 42001 cross-framework support. HMAC-signed attestations via proofof.ai.,lvp,9,general,https://pypi.org/project/translator-pro-ai-mcp/,https://csoai.org/mcp/translator-pro-ai-mcp,https://github.com/CSOAI-ORG/translator-pro-ai-mcp,pip install translator-pro-ai-mcp,python -m translator_pro_ai_mcp
trust-chain-mcp,trust-chain-mcp,Trust Chain — CSOAI / MEOK AI Labs Layer 0 compliance MCP server. Tier: Low-Value Pack (£9/mo). Sectors: general. EU AI Act / NIST AI RMF / ISO 42001 cross-framework support. HMAC-signed attestations via proofof.ai.,lvp,9,general,https://pypi.org/project/trust-chain-mcp/,https://csoai.org/mcp/trust-chain-mcp,https://github.com/CSOAI-ORG/trust-chain-mcp,pip install trust-chain-mcp,python -m trust_chain_mcp
uk-ai-act-mcp,uk-ai-act-mcp,Uk Ai Act — CSOAI / MEOK AI Labs Layer 0 compliance MCP server. Tier: Low-Value Pack (£9/mo). Sectors: government. EU AI Act / NIST AI RMF / ISO 42001 cross-framework support. HMAC-signed attestations via proofof.ai.,lvp,9,government,https://pypi.org/project/uk-ai-act-mcp/,https://csoai.org/mcp/uk-ai-act-mcp,https://github.com/CSOAI-ORG/uk-ai-act-mcp,pip install uk-ai-act-mcp,python -m uk_ai_act_mcp
uk-ai-bill-compliance-mcp,uk-ai-bill-compliance-mcp,Uk Ai Bill Compliance — CSOAI / MEOK AI Labs Layer 0 compliance MCP server. Tier: High-Value Pack (£99/mo). Sectors: legal. EU AI Act / NIST AI RMF / ISO 42001 cross-framework support. HMAC-signed attestations via proofof.ai.,hvp,79,legal,https://pypi.org/project/uk-ai-bill-compliance-mcp/,https://csoai.org/mcp/uk-ai-bill-compliance-mcp,https://github.com/CSOAI-ORG/uk-ai-bill-compliance-mcp,pip install uk-ai-bill-compliance-mcp,python -m uk_ai_bill_compliance_mcp
unit-converter-ai-mcp,unit-converter-ai-mcp,Unit Converter Ai — CSOAI / MEOK AI Labs Layer 0 compliance MCP server. Tier: Low-Value Pack (£9/mo). Sectors: general. EU AI Act / NIST AI RMF / ISO 42001 cross-framework support. HMAC-signed attestations via proofof.ai.,lvp,9,general,https://pypi.org/project/unit-converter-ai-mcp/,https://csoai.org/mcp/unit-converter-ai-mcp,https://github.com/CSOAI-ORG/unit-converter-ai-mcp,pip install unit-converter-ai-mcp,python -m unit_converter_ai_mcp
url-ai-mcp,url-ai-mcp,Url Ai — CSOAI / MEOK AI Labs Layer 0 compliance MCP server. Tier: Low-Value Pack (£9/mo). Sectors: general. EU AI Act / NIST AI RMF / ISO 42001 cross-framework support. HMAC-signed attestations via proofof.ai.,lvp,9,general,https://pypi.org/project/url-ai-mcp/,https://csoai.org/mcp/url-ai-mcp,https://github.com/CSOAI-ORG/url-ai-mcp,pip install url-ai-mcp,python -m url_ai_mcp
uuid-ai-mcp,uuid-ai-mcp,Uuid Ai — CSOAI / MEOK AI Labs Layer 0 compliance MCP server. Tier: Low-Value Pack (£9/mo). Sectors: general. EU AI Act / NIST AI RMF / ISO 42001 cross-framework support. HMAC-signed attestations via proofof.ai.,lvp,9,general,https://pypi.org/project/uuid-ai-mcp/,https://csoai.org/mcp/uuid-ai-mcp,https://github.com/CSOAI-ORG/uuid-ai-mcp,pip install uuid-ai-mcp,python -m uuid_ai_mcp
validator-ai-mcp,validator-ai-mcp,Validator Ai — CSOAI / MEOK AI Labs Layer 0 compliance MCP server. Tier: Low-Value Pack (£9/mo). Sectors: general. EU AI Act / NIST AI RMF / ISO 42001 cross-framework support. HMAC-signed attestations via proofof.ai.,lvp,9,general,https://pypi.org/project/validator-ai-mcp/,https://csoai.org/mcp/validator-ai-mcp,https://github.com/CSOAI-ORG/validator-ai-mcp,pip install validator-ai-mcp,python -m validator_ai_mcp
vector-knowledge-graph-mcp,vector-knowledge-graph-mcp,Vector Knowledge Graph — CSOAI / MEOK AI Labs Layer 0 compliance MCP server. Tier: Low-Value Pack (£9/mo). Sectors: general. EU AI Act / NIST AI RMF / ISO 42001 cross-framework support. HMAC-signed attestations via proofof.ai.,lvp,9,general,https://pypi.org/project/vector-knowledge-graph-mcp/,https://csoai.org/mcp/vector-knowledge-graph-mcp,https://github.com/CSOAI-ORG/vector-knowledge-graph-mcp,pip install vector-knowledge-graph-mcp,python -m vector_knowledge_graph_mcp
video-editing-ai-mcp,video-editing-ai-mcp,Video Editing Ai — CSOAI / MEOK AI Labs Layer 0 compliance MCP server. Tier: Low-Value Pack (£9/mo). Sectors: general. EU AI Act / NIST AI RMF / ISO 42001 cross-framework support. HMAC-signed attestations via proofof.ai.,lvp,9,general,https://pypi.org/project/video-editing-ai-mcp/,https://csoai.org/mcp/video-editing-ai-mcp,https://github.com/CSOAI-ORG/video-editing-ai-mcp,pip install video-editing-ai-mcp,python -m video_editing_ai_mcp
voice-audio-mcp,voice-audio-mcp,Voice Audio — CSOAI / MEOK AI Labs Layer 0 compliance MCP server. Tier: Low-Value Pack (£9/mo). Sectors: general. EU AI Act / NIST AI RMF / ISO 42001 cross-framework support. HMAC-signed attestations via proofof.ai.,lvp,9,general,https://pypi.org/project/voice-audio-mcp/,https://csoai.org/mcp/voice-audio-mcp,https://github.com/CSOAI-ORG/voice-audio-mcp,pip install voice-audio-mcp,python -m voice_audio_mcp
watermarking-authenticity-mcp,watermarking-authenticity-mcp,Watermarking Authenticity — CSOAI / MEOK AI Labs Layer 0 compliance MCP server. Tier: Low-Value Pack (£9/mo). Sectors: general. EU AI Act / NIST AI RMF / ISO 42001 cross-framework support. HMAC-signed attestations via proofof.ai.,lvp,9,general,https://pypi.org/project/watermarking-authenticity-mcp/,https://csoai.org/mcp/watermarking-authenticity-mcp,https://github.com/CSOAI-ORG/watermarking-authenticity-mcp,pip install watermarking-authenticity-mcp,python -m watermarking_authenticity_mcp
weather-ai-mcp,weather-ai-mcp,Weather Ai — CSOAI / MEOK AI Labs Layer 0 compliance MCP server. Tier: Low-Value Pack (£9/mo). Sectors: general. EU AI Act / NIST AI RMF / ISO 42001 cross-framework support. HMAC-signed attestations via proofof.ai.,lvp,9,general,https://pypi.org/project/weather-ai-mcp/,https://csoai.org/mcp/weather-ai-mcp,https://github.com/CSOAI-ORG/weather-ai-mcp,pip install weather-ai-mcp,python -m weather_ai_mcp
web-research-mcp,web-research-mcp,Web Research — CSOAI / MEOK AI Labs Layer 0 compliance MCP server. Tier: Low-Value Pack (£9/mo). Sectors: general. EU AI Act / NIST AI RMF / ISO 42001 cross-framework support. HMAC-signed attestations via proofof.ai.,lvp,9,general,https://pypi.org/project/web-research-mcp/,https://csoai.org/mcp/web-research-mcp,https://github.com/CSOAI-ORG/web-research-mcp,pip install web-research-mcp,python -m web_research_mcp
webhook-ai-mcp,webhook-ai-mcp,Webhook Ai — CSOAI / MEOK AI Labs Layer 0 compliance MCP server. Tier: Low-Value Pack (£9/mo). Sectors: general. EU AI Act / NIST AI RMF / ISO 42001 cross-framework support. HMAC-signed attestations via proofof.ai.,lvp,9,general,https://pypi.org/project/webhook-ai-mcp/,https://csoai.org/mcp/webhook-ai-mcp,https://github.com/CSOAI-ORG/webhook-ai-mcp,pip install webhook-ai-mcp,python -m webhook_ai_mcp
workout-planner-ai-mcp,workout-planner-ai-mcp,Workout Planner Ai — CSOAI / MEOK AI Labs Layer 0 compliance MCP server. Tier: Low-Value Pack (£9/mo). Sectors: general. EU AI Act / NIST AI RMF / ISO 42001 cross-framework support. HMAC-signed attestations via proofof.ai.,lvp,9,general,https://pypi.org/project/workout-planner-ai-mcp/,https://csoai.org/mcp/workout-planner-ai-mcp,https://github.com/CSOAI-ORG/workout-planner-ai-mcp,pip install workout-planner-ai-mcp,python -m workout_planner_ai_mcp
writing-assistant-ai-mcp,writing-assistant-ai-mcp,Writing Assistant Ai — CSOAI / MEOK AI Labs Layer 0 compliance MCP server. Tier: Low-Value Pack (£9/mo). Sectors: general. EU AI Act / NIST AI RMF / ISO 42001 cross-framework support. HMAC-signed attestations via proofof.ai.,lvp,9,general,https://pypi.org/project/writing-assistant-ai-mcp/,https://csoai.org/mcp/writing-assistant-ai-mcp,https://github.com/CSOAI-ORG/writing-assistant-ai-mcp,pip install writing-assistant-ai-mcp,python -m writing_assistant_ai_mcp
yaml-ai-mcp,yaml-ai-mcp,Yaml Ai — CSOAI / MEOK AI Labs Layer 0 compliance MCP server. Tier: Low-Value Pack (£9/mo). Sectors: finance. EU AI Act / NIST AI RMF / ISO 42001 cross-framework support. HMAC-signed attestations via proofof.ai.,lvp,9,finance,https://pypi.org/project/yaml-ai-mcp/,https://csoai.org/mcp/yaml-ai-mcp,https://github.com/CSOAI-ORG/yaml-ai-mcp,pip install yaml-ai-mcp,python -m yaml_ai_mcp
